id,first_name,last_name,email,Phone number,weight,age,gender,Prefix,Martial Status,Address,City,State,Hospital Name,Hostipal Address,Region,Visit Date,Treatement,Doctor Appointed,Number of Doctors Appointed,Doctor's Contact,Allergies,Height
1,Josiah,Gatfield,jgatfield0@mysql.com,770-570-8534,121,5,Male,Mr,Widow,7 Hanover Lane,Miami,Georgia,Mountain View Medical Center,PO BOX 51266,East,5/15/2025,homeopathy,Josiah Gatfield,Daily,968-589-2861,latex,23
2,Denis,Waddam,dwaddam1@linkedin.com,214-593-7783,51,69,Male,Mr,Widow,743 Manufacturers Circle,Miami,Florida,Pacific Coast Hospital,529 CENTRAL AVE,East,5/7/2025,medication,Denis Waddam,Monthly,885-884-2672,cats,114
3,Gracia,Letertre,gletertre2@army.mil,766-468-2445,59,122,Female,Mrs,Married,8358 Lake View Court,Baltimore,North Carolina,Mountain View Medical Center,27136 HIGHWAY 23,East,8/12/2025,aromatherapy,Gracia Letertre,Often,556-156-3639,eggs,93
4,Stirling,Lillford,slillford3@acquirethisname.com,408-975-2993,81,37,Male,Mr,Single,768 Paget Drive,Miami,Vermont,Sunset Valley Medical Center,PO BOX 73297,East,6/20/2025,hypnotherapy,Stirling Lillford,Weekly,509-321-9306,dust,8
5,Penny,Hebborne,phebborne4@cnet.com,880-433-0232,138,17,Male,Mr,Single,7409 Clemons Drive,Philadelphia,North Carolina,Golden Hills Medical Center,2010 MEDICAL CENTER DR,East,10/15/2025,medication,Penny Hebborne,Monthly,980-794-9409,latex,90
6,Birdie,Tantum,btantum5@yahoo.co.jp,761-844-9029,5,76,Female,Ms,Married,99665 Tomscot Road,Boston,Georgia,Sunset Valley Medical Center,PO BOX 32861,East,2/17/2025,acupuncture,Birdie Tantum,Yearly,247-690-6873,penicillin,128
7,Aveline,Hardwidge,ahardwidge6@eepurl.com,733-577-1467,61,109,Female,Ms,Married,2 Upham Road,New York City,Florida,Oceanview General Hospital,3848 PARK AVE STE 101,East,2/21/2025,aromatherapy,Aveline Hardwidge,Often,959-450-2264,peanuts,114
8,Hewie,Staig,hstaig7@ebay.co.uk,443-969-6394,61,46,Male,Mrs,Single,8317 Haas Pass,Washington D.C.,Virginia,Sunshine Valley Hospital,1906 BLAKE AVE,East,7/15/2025,homeopathy,Hewie Staig,Yearly,728-559-9349,eggs,45
9,Hortensia,Glasscock,hglasscock8@youku.com,968-909-7197,95,35,Female,Mrs,Married,5 Anzinger Alley,Atlanta,Maryland,Mountain View Medical Center,302 UNIVERSITY PKWY,East,7/21/2025,herbal remedies,Hortensia Glasscock,Often,471-172-3357,peanuts,67
10,Konrad,Lightwing,klightwing9@ovh.net,210-617-8569,47,89,Male,Mr,Widow,87636 Moulton Lane,Miami,Maine,Oceanview General Hospital,605 HOLDERRIETH BLVD,East,2/20/2025,hypnotherapy,Konrad Lightwing,Never,292-840-3526,mold,142
11,Ariel,Noen,anoena@newsvine.com,633-118-5955,91,112,Male,Ms,Single,39662 Springview Road,Raleigh,Delaware,Sierra Vista Regional Hospital,8580 MAGELLAN PKWY,East,3/24/2025,chiropractic care,Ariel Noen,Seldom,197-612-5814,grass,116
12,Knox,Basilotta,kbasilottab@homestead.com,256-529-1447,149,74,Genderfluid,Ms,Married,491 Northfield Crossing,New York City,Maine,Oceanview General Hospital,330 SEVEN SPRINGS WAY,East,2/11/2025,physical therapy,Knox Basilotta,Never,871-719-4883,latex,56
13,Goldi,Shropshire,gshropshirec@geocities.jp,585-872-9152,117,77,Genderfluid,Miss,Married,3557 Old Gate Center,Philadelphia,New York,Golden Hills Medical Center,13768 WESTGATE ST,East,2/4/2025,medication,Goldi Shropshire,Daily,135-107-8950,grass,115
14,Finlay,Sacaze,fsacazed@bizjournals.com,943-921-3579,52,137,Male,Miss,Widow,287 Garrison Plaza,Baltimore,North Carolina,Westside Community Hospital,1515 N STATE ST,East,4/1/2025,surgery,Finlay Sacaze,Weekly,135-628-5207,penicillin,3
15,Meg,Woloschin,mwoloschine@home.pl,904-796-4648,38,23,Female,Mr,Widow,1 Clarendon Plaza,New York City,Georgia,Oceanview General Hospital,217 W SMITH,East,12/15/2024,hypnotherapy,Meg Woloschin,Weekly,625-556-0455,latex,41
16,Giovanni,Stapylton,gstapyltonf@wikipedia.org,511-966-3644,3,130,Male,Mrs,Single,90 Lighthouse Bay Hill,Baltimore,North Carolina,Golden Hills Medical Center,1181 N WILLIAMSON ST,East,8/26/2025,massage therapy,Giovanni Stapylton,Never,976-764-3496,grass,52
17,Clevey,Aspole,caspoleg@sogou.com,872-366-7715,12,93,Male,Miss,Single,640 Harper Road,Miami,Virginia,Golden Gate Medical Center,1046 RIDGE AVE SW,East,5/30/2025,surgery,Clevey Aspole,Seldom,890-430-5332,latex,8
18,Marcelo,Bowry,mbowryh@state.tx.us,580-241-1159,142,39,Male,Miss,Widow,507 Cordelia Terrace,Raleigh,Massachusetts,Westside Community Hospital,55 ARCH ST STE 1B,East,3/1/2025,chiropractic care,Marcelo Bowry,Seldom,302-346-9514,cats,133
19,Titus,Scoullar,tscoullari@technorati.com,767-310-2994,87,77,Genderfluid,Miss,Single,9 Manley Junction,Miami,Florida,Golden Hills Medical Center,PO BOX 862851,East,6/4/2025,homeopathy,Titus Scoullar,Never,176-806-3934,grass,104
20,Alyssa,Agget,aaggetj@ebay.co.uk,532-628-7708,53,17,Female,Ms,Widow,615 Lotheville Park,Atlanta,South Carolina,Sunset Valley Medical Center,225 EAGLE CREST DR,East,7/8/2025,aromatherapy,Alyssa Agget,Never,462-406-1086,grass,93
21,Sal,Jachimak,sjachimakk@bloglines.com,457-759-5661,145,105,Agender,Miss,Single,84 Clarendon Alley,Atlanta,Maine,Sierra Vista Regional Hospital,100 TOWER DR SUITE 232,East,9/19/2025,acupuncture,Sal Jachimak,Often,658-966-1077,grass,66
22,Faber,Oscroft,foscroftl@ustream.tv,847-835-2354,115,91,Male,Ms,Widow,333 Claremont Parkway,Miami,New York,Westside Community Hospital,5410 MARYLAND WAY STE 300,East,3/20/2025,medication,Faber Oscroft,Seldom,887-737-6844,pollen,146
23,Junette,Hinken,jhinkenm@archive.org,386-528-2745,5,38,Female,Ms,Married,55 Corben Point,Boston,South Carolina,Sunshine Valley Hospital,653 E E ST STE 109,East,6/26/2025,herbal remedies,Junette Hinken,Once,209-207-0030,pollen,123
24,Veronika,Hradsky,vhradskyn@dropbox.com,248-583-9214,131,68,Female,Miss,Widow,4726 Badeau Circle,Charlotte,Delaware,Golden Gate Medical Center,2876 GUARDIAN LN,East,3/29/2025,homeopathy,Veronika Hradsky,Seldom,130-913-6485,mold,136
25,Harriott,Jee,hjeeo@homestead.com,101-869-6856,35,18,Female,Mr,Married,29945 Namekagon Alley,Raleigh,Vermont,Pacific Coast Hospital,PO BOX 15268,East,4/19/2025,acupuncture,Harriott Jee,Yearly,686-306-8451,shellfish,41
26,Alessandro,Haug,ahaugp@tamu.edu,619-292-6878,124,27,Male,Mrs,Married,4640 Briar Crest Parkway,Charlotte,Massachusetts,Pacific Coast Hospital,PO BOX 759,East,7/26/2025,aromatherapy,Alessandro Haug,Weekly,824-576-4882,latex,137
27,Cornela,Grinikhinov,cgrinikhinovq@lulu.com,164-167-1010,145,47,Non-binary,Mrs,Married,6688 Pearson Crossing,Charlotte,North Carolina,Sierra Vista Regional Hospital,PO BOX 2777,East,8/4/2025,medication,Cornela Grinikhinov,Weekly,770-664-7218,eggs,28
28,Edouard,Piborn,epibornr@plala.or.jp,741-969-9946,143,78,Male,Miss,Widow,64914 Lotheville Court,Boston,Rhode Island,Golden Hills Medical Center,P.O. BOX 1304,East,6/20/2025,hypnotherapy,Edouard Piborn,Never,229-604-0460,dust,64
29,Rosabella,Sweetlove,rsweetloves@indiegogo.com,489-846-6520,75,146,Female,Mr,Single,948 Derek Court,Baltimore,New Hampshire,Golden Gate Medical Center,3 HOSPITAL PLZ,East,3/30/2025,chiropractic care,Rosabella Sweetlove,Once,325-532-1423,pollen,141
30,Artie,Jarret,ajarrett@domainmarket.com,704-714-4633,55,74,Male,Miss,Widow,82514 David Parkway,Philadelphia,Maryland,Oceanview General Hospital,323 S 18TH AVE,East,5/8/2025,surgery,Artie Jarret,Weekly,442-100-8621,grass,48
31,Elston,Troy,etroyu@phoca.cz,612-556-6718,133,71,Male,Ms,Married,662 Lakewood Alley,New York City,Delaware,Sunset Valley Medical Center,310 BUTTERCUP DR STE A,East,10/14/2025,homeopathy,Elston Troy,Often,562-339-7491,latex,146
32,Tan,Revens,trevensv@mashable.com,897-201-7510,51,68,Genderqueer,Miss,Married,0430 Bluejay Park,Atlanta,North Carolina,Mountain View Medical Center,PO BOX 505673,East,11/20/2024,medication,Tan Revens,Monthly,595-645-2592,shellfish,117
33,Oby,Terrey,oterreyw@who.int,648-685-9523,78,112,Male,Mrs,Single,4106 Summit Crossing,Raleigh,Massachusetts,Golden Hills Medical Center,PO BOX 858 MCA410,East,1/25/2025,aromatherapy,Oby Terrey,Weekly,794-447-8512,shellfish,116
34,Riobard,Holdall,rholdallx@yellowbook.com,689-698-0249,44,43,Male,Ms,Widow,96250 Coolidge Drive,Washington D.C.,Virginia,Golden Hills Medical Center,PO BOX 100054,East,6/17/2025,aromatherapy,Riobard Holdall,Often,201-734-0689,mold,125
35,Petey,Dominichelli,pdominichelliy@clickbank.net,426-632-3444,102,145,Male,Ms,Married,0170 West Parkway,Philadelphia,New Jersey,Golden Hills Medical Center,14980 US HIGHWAY 17 N,East,2/14/2025,massage therapy,Petey Dominichelli,Once,557-411-3531,shellfish,114
36,Karney,Stanes,kstanesz@xinhuanet.com,999-634-7577,110,80,Male,Mr,Married,00030 Lighthouse Bay Lane,Raleigh,Rhode Island,Coastal Breeze Hospital,2J38 WRAMC 6900 GEORGIA AVENUE. NW,East,5/14/2025,acupuncture,Karney Stanes,Yearly,700-942-0447,peanuts,80
37,Sibley,Pellamont,spellamont10@odnoklassniki.ru,949-170-2235,32,78,Female,Mr,Widow,6077 Vera Pass,Washington D.C.,Florida,Mountain View Medical Center,612 W SMITH ST,East,7/23/2025,chiropractic care,Sibley Pellamont,Monthly,701-333-7066,dust,121
38,Clarine,Flanigan,cflanigan11@yahoo.com,843-647-7444,81,122,Female,Miss,Married,85780 Hintze Plaza,Washington D.C.,Pennsylvania,Golden Gate Medical Center,71 BEVIER ST,East,11/11/2024,massage therapy,Clarine Flanigan,Daily,398-548-6937,dust,35
39,Ely,Laviss,elaviss12@wired.com,704-213-3286,11,2,Male,Miss,Widow,51958 Onsgard Alley,Philadelphia,Connecticut,Westside Community Hospital,2429 M ST,East,9/18/2025,homeopathy,Ely Laviss,Daily,979-874-5036,cats,49
40,Millicent,D' Angelo,md13@ow.ly,770-456-0173,92,126,Genderfluid,Mr,Married,90437 Heffernan Plaza,Philadelphia,Georgia,Sunshine Valley Hospital,420 W HIGH ST,East,6/8/2025,acupuncture,Millicent D' Angelo,Never,252-446-6979,peanuts,20
41,Ibby,Hankins,ihankins14@alexa.com,134-742-4900,109,31,Female,Mr,Single,8 Elgar Trail,Washington D.C.,Maryland,Sunset Valley Medical Center,15 CLEVELAND AVE SUITE 14,East,5/27/2025,medication,Ibby Hankins,Never,421-834-3694,latex,21
42,Anya,Oleszczak,aoleszczak15@gnu.org,573-421-9784,38,116,Female,Mr,Married,040 Hudson Point,Washington D.C.,Rhode Island,Golden Gate Medical Center,1000 NW 57TH CT STE 400,East,4/28/2025,hypnotherapy,Anya Oleszczak,Monthly,917-761-2212,cats,96
43,Pall,Simonou,psimonou16@techcrunch.com,828-649-0002,53,58,Male,Mrs,Single,932 Boyd Crossing,Pittsburgh,New Jersey,Pacific Coast Hospital,1600 1ST ST E,East,1/3/2025,homeopathy,Pall Simonou,Once,438-746-4176,pollen,131
44,Shoshana,Chessor,schessor17@cbslocal.com,166-835-8289,56,78,Female,Mr,Married,463 Dahle Alley,Raleigh,Pennsylvania,Oceanview General Hospital,801 N OBANNON PENTAGON PLAZA,East,5/5/2025,chiropractic care,Shoshana Chessor,Yearly,356-878-0610,latex,144
45,Marketa,Lailey,mlailey18@digg.com,157-640-9514,57,85,Female,Ms,Single,69532 Buena Vista Center,Miami,New York,Westside Community Hospital,PO BOX 459,East,7/24/2025,physical therapy,Marketa Lailey,Weekly,425-921-2178,shellfish,4
46,Galina,Aleksankin,galeksankin19@facebook.com,166-292-9080,13,8,Female,Miss,Widow,38198 Atwood Avenue,Baltimore,Maine,Oceanview General Hospital,1 MT CARMEL WAY,East,7/18/2025,acupuncture,Galina Aleksankin,Monthly,301-902-4004,cats,136
47,Bertine,Andreia,bandreia1a@cdc.gov,476-315-8229,150,18,Agender,Miss,Single,50426 Knutson Trail,Charlotte,South Carolina,Sunset Valley Medical Center,PO BOX 718 307 E. OAK,East,1/15/2025,massage therapy,Bertine Andreia,Seldom,870-594-0746,dust,52
48,Lannie,Klemenz,lklemenz1b@wordpress.com,980-343-2594,88,79,Male,Mr,Married,234 Dayton Hill,Washington D.C.,New York,Sierra Vista Regional Hospital,4300 B STREET SUITE 200,East,12/7/2024,physical therapy,Lannie Klemenz,Seldom,207-520-8412,eggs,29
49,Luis,Korneichuk,lkorneichuk1c@dropbox.com,368-441-7094,41,93,Male,Miss,Single,521 Acker Point,Washington D.C.,North Carolina,Coastal Breeze Hospital,18210 LA GRANGE RD SUITE 210,East,8/27/2025,medication,Luis Korneichuk,Once,585-786-7721,cats,44
50,Benedicta,Clabburn,bclabburn1d@cmu.edu,553-531-4509,45,85,Genderqueer,Miss,Widow,3820 Dexter Court,Raleigh,Florida,Coastal Breeze Hospital,23476 NW 186TH AVE,East,12/31/2024,medication,Benedicta Clabburn,Daily,199-964-6900,cats,85
51,Shoshanna,Millett,smillett1e@cnet.com,601-407-8534,91,76,Female,Mr,Single,95 Manitowish Street,Baltimore,Delaware,Golden Hills Medical Center,2654 SW 32ND PL SUITE 100,East,5/5/2025,medication,Shoshanna Millett,Yearly,745-963-3274,mold,21
52,Englebert,Mitchard,emitchard1f@topsy.com,616-382-0752,146,30,Male,Ms,Married,4 Bartelt Crossing,Charlotte,Maryland,Oceanview General Hospital,PO BOX 2009,East,7/30/2025,aromatherapy,Englebert Mitchard,Never,690-784-4482,eggs,126
53,Rogers,Preuvost,rpreuvost1g@mediafire.com,268-146-6897,47,70,Male,Mrs,Married,86 Havey Parkway,Miami,Pennsylvania,Sierra Vista Regional Hospital,302 W GULF BANK RD,East,8/4/2025,acupuncture,Rogers Preuvost,Weekly,420-306-7268,peanuts,134
54,Shepperd,McGennis,smcgennis1h@jugem.jp,487-144-1765,60,58,Male,Mr,Widow,7 Gateway Parkway,Charlotte,Rhode Island,Sunset Valley Medical Center,50 IRVING ST NW,East,7/9/2025,chiropractic care,Shepperd McGennis,Often,389-534-4570,mold,141
55,Elmo,Camlin,ecamlin1i@qq.com,509-486-2749,130,34,Male,Miss,Widow,876 Russell Place,Baltimore,South Carolina,Mountain View Medical Center,120 W MACARTHUR ST SUITE 121,East,6/19/2025,massage therapy,Elmo Camlin,Daily,671-874-3714,dust,40
56,Hall,Loads,hloads1j@netscape.com,375-436-5992,1,36,Male,Mr,Single,9 American Center,Philadelphia,Massachusetts,Mountain View Medical Center,1120 N MELVIN ST,East,10/31/2024,surgery,Hall Loads,Never,322-253-6843,penicillin,123
57,Hartley,Dulin,hdulin1k@usatoday.com,115-993-6150,49,33,Male,Ms,Married,12 Kings Park,New York City,Georgia,Sunset Valley Medical Center,1447 N HARRISON ST,East,3/22/2025,acupuncture,Hartley Dulin,Never,270-671-0631,latex,3
58,Rickey,Downton,rdownton1l@list-manage.com,259-669-4486,6,63,Male,Mrs,Widow,496 Eastlawn Hill,New York City,Maine,Mountain View Medical Center,1101 KALISTE SALOOM RD,East,6/2/2025,homeopathy,Rickey Downton,Never,781-898-2217,grass,24
59,Erich,Dukelow,edukelow1m@rambler.ru,936-610-0111,145,110,Male,Miss,Single,3418 Melby Plaza,Atlanta,Delaware,Sierra Vista Regional Hospital,801 W INTERSTATE 20,East,8/18/2025,surgery,Erich Dukelow,Often,788-974-3416,pollen,30
60,Viv,Lyptrit,vlyptrit1n@europa.eu,102-762-7789,31,33,Female,Mr,Married,6 Granby Point,Baltimore,Maine,Golden Gate Medical Center,1102 ROSE ST,East,7/19/2025,physical therapy,Viv Lyptrit,Monthly,441-609-5172,dust,134
61,Ethel,Mallall,emallall1o@symantec.com,578-139-0253,104,77,Female,Mr,Married,792 Butterfield Alley,Miami,Maine,Westside Community Hospital,520 W GUM ST,East,11/17/2024,acupuncture,Ethel Mallall,Often,521-518-7027,latex,84
62,Kennett,Moland,kmoland1p@wikia.com,799-966-9459,18,63,Agender,Mrs,Single,40304 Almo Alley,Pittsburgh,North Carolina,Golden Hills Medical Center,8833 GROSS POINT RD SUITE 308,East,7/4/2025,acupuncture,Kennett Moland,Weekly,552-385-4080,cats,30
63,Joseph,Goodsal,jgoodsal1q@ocn.ne.jp,313-673-7220,69,145,Male,Mrs,Single,169 Delladonna Lane,Charlotte,New Jersey,Sunset Valley Medical Center,26 APPLETON LN,East,5/4/2025,chiropractic care,Joseph Goodsal,Monthly,773-278-5365,latex,40
64,Cullie,Dooly,cdooly1r@opensource.org,309-112-9006,56,94,Male,Mrs,Single,5 Weeping Birch Parkway,Miami,Delaware,Oceanview General Hospital,351 SW 9TH ST,East,11/5/2024,chiropractic care,Cullie Dooly,Yearly,299-311-7772,peanuts,140
65,Martina,Holby,mholby1s@shareasale.com,506-573-0583,98,48,Female,Mrs,Single,09 Tennyson Crossing,Miami,Maine,Coastal Breeze Hospital,PO BOX 548,East,8/27/2025,massage therapy,Martina Holby,Seldom,983-158-5789,latex,118
66,Kaiser,Rylett,krylett1t@intel.com,786-308-2100,93,83,Male,Miss,Widow,1115 Golf Course Street,Baltimore,Maine,Golden Hills Medical Center,625 BELLE TERRE RD SUITE 100,East,3/23/2025,hypnotherapy,Kaiser Rylett,Monthly,141-308-2368,eggs,123
67,Carri,Bercevelo,cbercevelo1u@wp.com,489-581-5395,9,71,Female,Mr,Widow,46690 Saint Paul Crossing,Raleigh,New Jersey,Mountain View Medical Center,PO BOX 3070,East,12/10/2024,chiropractic care,Carri Bercevelo,Monthly,756-583-5906,shellfish,142
68,Julienne,McWhannel,jmcwhannel1v@independent.co.uk,228-550-8890,143,45,Female,Ms,Married,01568 Quincy Street,Baltimore,Virginia,Golden Gate Medical Center,801 W MAIN ST,East,3/28/2025,medication,Julienne McWhannel,Seldom,870-749-3951,latex,117
69,Adriano,Jeyes,ajeyes1w@1und1.de,321-477-7514,18,35,Male,Miss,Single,9 Montana Road,Atlanta,Virginia,Mountain View Medical Center,1500 LEE BLVD FL 3,East,4/16/2025,chiropractic care,Adriano Jeyes,Weekly,250-554-6262,peanuts,112
70,Dot,Curreen,dcurreen1x@accuweather.com,545-674-1737,92,65,Female,Mr,Single,571 Meadow Vale Point,Boston,South Carolina,Mountain View Medical Center,34520 BOB WILSON DR STE 20 CAPTAIN OLAF NAUGEN,East,7/27/2025,physical therapy,Dot Curreen,Once,678-848-1780,eggs,33
71,Cindie,Matuskiewicz,cmatuskiewicz1y@histats.com,101-668-6357,52,1,Female,Ms,Married,78092 Bowman Center,Pittsburgh,New Jersey,Westside Community Hospital,"PO BOX 1249 940 MATTHEW DRIVE, SUITE 8",East,6/25/2025,hypnotherapy,Cindie Matuskiewicz,Once,341-635-3537,grass,149
72,Georges,Flea,gflea1z@usa.gov,983-365-7578,80,4,Male,Mrs,Widow,02591 Haas Plaza,Philadelphia,Pennsylvania,Golden Hills Medical Center,8200 SW 117TH AVE STE 104A,East,12/8/2024,herbal remedies,Georges Flea,Once,358-140-3826,mold,24
73,Mallory,Simmgen,msimmgen20@chronoengine.com,820-896-9048,54,98,Female,Mr,Widow,26821 Texas Circle,Boston,Florida,Golden Gate Medical Center,1700 NW 49TH ST STE 125,East,6/24/2025,acupuncture,Mallory Simmgen,Often,778-839-2306,dust,17
74,Clerissa,Skeats,cskeats21@arstechnica.com,751-895-6198,37,128,Female,Mr,Married,36 Mayer Trail,Boston,New Hampshire,Sierra Vista Regional Hospital,321 MULBERRY ST SW MEDICAL STAFF SERVICES,East,11/25/2024,herbal remedies,Clerissa Skeats,Weekly,948-387-7137,dust,117
75,Mayne,Bohlin,mbohlin22@last.fm,450-500-3977,74,150,Male,Miss,Widow,3 Gale Park,Boston,Maryland,Golden Gate Medical Center,100 TORMEE DR FL 2,East,12/2/2024,aromatherapy,Mayne Bohlin,Often,940-780-1146,penicillin,145
76,Lowe,Naughton,lnaughton23@bloomberg.com,550-736-1875,79,60,Male,Ms,Widow,03 Rowland Hill,New York City,South Carolina,Westside Community Hospital,PO BOX 3550,East,12/31/2024,medication,Lowe Naughton,Monthly,564-730-4223,mold,143
77,Val,Mottershead,vmottershead24@discuz.net,976-463-0165,103,77,Male,Mrs,Single,2104 Dahle Terrace,Philadelphia,Maine,Coastal Breeze Hospital,7201 N UNIVERSITY DR,East,2/12/2025,aromatherapy,Val Mottershead,Weekly,348-870-6485,dust,16
78,Merry,Veronique,mveronique25@independent.co.uk,995-823-7976,106,105,Male,Mrs,Widow,601 Forest Dale Street,Raleigh,North Carolina,Mountain View Medical Center,701 MADISON AVE,East,10/23/2025,hypnotherapy,Merry Veronique,Daily,156-255-6687,penicillin,28
79,Herrick,Donke,hdonke26@ycombinator.com,415-671-6507,36,50,Male,Mr,Widow,9459 Sage Street,Baltimore,Georgia,Sunset Valley Medical Center,135 CARMEN LN,East,1/10/2025,homeopathy,Herrick Donke,Never,870-989-8601,mold,136
80,Midge,Coade,mcoade27@va.gov,491-692-7898,8,91,Female,Mr,Widow,08 Glendale Park,Washington D.C.,Massachusetts,Mountain View Medical Center,455 SAINT MICHAELS DR,East,9/19/2025,massage therapy,Midge Coade,Often,239-375-8786,latex,135
81,Hannie,Valentetti,hvalentetti28@trellian.com,137-458-4709,68,78,Female,Mrs,Married,42728 Darwin Lane,Charlotte,North Carolina,Golden Hills Medical Center,PO BOX 649,East,3/7/2025,massage therapy,Hannie Valentetti,Once,705-919-8315,eggs,98
82,Robbi,Winders,rwinders29@pcworld.com,239-152-5586,108,8,Agender,Mrs,Married,799 Comanche Plaza,Raleigh,New York,Golden Hills Medical Center,1 HURLEY PLZ,East,10/23/2025,massage therapy,Robbi Winders,Often,970-308-3591,cats,13
83,Dev,Sollis,dsollis2a@nbcnews.com,585-418-7542,65,21,Male,Miss,Widow,205 Eggendart Center,Baltimore,Maine,Coastal Breeze Hospital,4900 FLORENCE AVE,East,8/13/2025,physical therapy,Dev Sollis,Seldom,608-366-2426,mold,136
84,Ralph,Sausman,rsausman2b@un.org,561-609-0231,110,117,Male,Ms,Married,1239 Eliot Way,New York City,Virginia,Golden Hills Medical Center,311 SOUTH 8TH AVE EAST,East,6/8/2025,aromatherapy,Ralph Sausman,Yearly,613-121-0483,pollen,71
85,Katlin,Gorvin,kgorvin2c@mozilla.com,527-293-1965,57,111,Female,Miss,Married,80887 Bartillon Terrace,New York City,Georgia,Sunshine Valley Hospital,200 S. B AVENUE,East,6/14/2025,hypnotherapy,Katlin Gorvin,Yearly,631-296-2388,peanuts,115
86,Barty,Leney,bleney2d@delicious.com,876-686-4047,14,70,Male,Miss,Married,0665 Florence Plaza,Washington D.C.,Georgia,Sunshine Valley Hospital,P.O BOX 910,East,12/8/2024,chiropractic care,Barty Leney,Daily,998-355-7128,shellfish,36
87,Talbert,Bear,tbear2e@blog.com,703-101-4861,38,50,Genderfluid,Ms,Married,149 Dixon Place,Washington D.C.,Delaware,Sunset Valley Medical Center,124 SW ADAMS ST,East,1/13/2025,homeopathy,Talbert Bear,Seldom,485-794-8450,latex,28
88,Oriana,Wisam,owisam2f@bandcamp.com,766-782-7601,47,8,Female,Mrs,Widow,3 Bayside Way,Miami,Vermont,Pacific Coast Hospital,124 SW ADAMS ST,East,10/10/2025,surgery,Oriana Wisam,Monthly,859-143-7484,latex,80
89,Lionello,Bowton,lbowton2g@nba.com,587-143-8132,52,105,Male,Ms,Widow,27 Elmside Way,Raleigh,North Carolina,Golden Hills Medical Center,100 N ACADEMY AVE,East,3/5/2025,herbal remedies,Lionello Bowton,Seldom,328-206-0983,cats,145
90,Marsh,Robke,mrobke2h@rambler.ru,180-693-1228,10,109,Male,Mrs,Married,46 Thackeray Court,Philadelphia,Florida,Pacific Coast Hospital,430 N MONTE VISTA ST,East,3/17/2025,herbal remedies,Marsh Robke,Weekly,705-590-8346,dust,132
91,Mia,Daspar,mdaspar2i@accuweather.com,361-911-4444,22,142,Female,Mrs,Married,34395 Rowland Pass,Baltimore,Connecticut,Golden Hills Medical Center,PO BOX 15722,East,3/7/2025,aromatherapy,Mia Daspar,Daily,502-144-4693,latex,149
92,Noll,Abbotts,nabbotts2j@home.pl,649-495-6341,40,53,Male,Miss,Married,99903 Kensington Pass,Atlanta,Rhode Island,Pacific Coast Hospital,2659 US HWY 70E,East,1/4/2025,massage therapy,Noll Abbotts,Yearly,820-249-4425,grass,68
93,Ed,Wegenen,ewegenen2k@theguardian.com,988-759-0470,100,56,Bigender,Miss,Married,77 Westerfield Hill,Charlotte,New Hampshire,Sunshine Valley Hospital,500 ELDORADO BLVD STE 6300,East,4/1/2025,herbal remedies,Ed Wegenen,Yearly,249-882-5365,peanuts,35
94,Shayne,Beadham,sbeadham2l@xinhuanet.com,148-455-1699,77,45,Polygender,Mrs,Widow,991 Burrows Pass,Baltimore,Massachusetts,Mountain View Medical Center,PO BOX 1080,East,12/20/2024,surgery,Shayne Beadham,Seldom,461-367-2537,pollen,135
95,Colan,Trimmell,ctrimmell2m@smh.com.au,328-323-9626,29,83,Male,Mrs,Married,42 Dixon Alley,Philadelphia,Rhode Island,Golden Gate Medical Center,2600 WESTHALL LN FL 4,East,9/3/2025,massage therapy,Colan Trimmell,Weekly,224-734-6597,mold,64
96,Clarance,McCawley,cmccawley2n@berkeley.edu,512-307-8056,31,12,Male,Miss,Married,407 Elgar Park,Boston,Massachusetts,Golden Gate Medical Center,210 MARIE LANGDON DR,East,9/25/2025,acupuncture,Clarance McCawley,Weekly,840-867-9567,cats,58
97,Danna,Rodrigo,drodrigo2o@earthlink.net,600-971-0657,84,4,Female,Miss,Married,24 Monument Junction,Raleigh,New Hampshire,Sunset Valley Medical Center,FIRST FEDERAL BUILDING SUITE 302 1519 AVE PONCE DE LEON,East,11/13/2024,herbal remedies,Danna Rodrigo,Daily,831-426-7539,dust,88
98,Stillman,Arens,sarens2p@blogger.com,803-974-0309,131,93,Male,Mrs,Widow,6248 Gina Hill,Boston,Vermont,Pacific Coast Hospital,22101 MOROSS RD,East,2/3/2025,acupuncture,Stillman Arens,Never,199-682-4041,mold,109
99,Cobb,Coate,ccoate2q@eventbrite.com,632-392-3409,43,30,Male,Miss,Widow,0 Green Lane,Miami,Connecticut,Mountain View Medical Center,13123 E 16TH AVE,East,9/9/2025,aromatherapy,Cobb Coate,Yearly,277-778-0740,dust,27
100,Orson,St Clair,ost2r@domainmarket.com,261-116-3272,141,16,Bigender,Mrs,Married,142 Clyde Gallagher Center,Raleigh,Florida,Golden Hills Medical Center,5560 TENNYSON PKWY,East,10/10/2025,hypnotherapy,Orson St Clair,Monthly,477-404-8863,shellfish,146
101,Erin,Jealous,ejealous2s@hostgator.com,587-793-1235,90,65,Agender,Ms,Married,8 Thackeray Lane,Washington D.C.,Virginia,Pacific Coast Hospital,2281 SW 27TH AVE,East,5/8/2025,massage therapy,Erin Jealous,Monthly,591-763-0019,pollen,41
102,Eziechiele,Brownscombe,ebrownscombe2t@reference.com,389-979-7288,99,115,Non-binary,Mr,Widow,787 Anzinger Way,Pittsburgh,Virginia,Westside Community Hospital,718 SMYTH RD,East,5/9/2025,medication,Eziechiele Brownscombe,Once,944-258-1171,pollen,140
103,Grady,Pettingall,gpettingall2u@google.ru,619-821-4386,47,11,Genderfluid,Mr,Widow,250 Vahlen Lane,Baltimore,Maryland,Mountain View Medical Center,10180 SE SUNNYSIDE RD,East,6/19/2025,physical therapy,Grady Pettingall,Never,999-528-9144,grass,112
104,Pollyanna,Jeffes,pjeffes2v@princeton.edu,980-302-4122,131,63,Female,Mrs,Married,98 Jackson Alley,Baltimore,Connecticut,Golden Hills Medical Center,PO BOX 10627,East,7/26/2025,aromatherapy,Pollyanna Jeffes,Often,896-807-1683,cats,73
105,Rudolfo,Casotti,rcasotti2w@shinystat.com,744-328-4918,79,4,Male,Miss,Single,6 Derek Place,New York City,Delaware,Sunshine Valley Hospital,1005 BROADWAY ST,East,2/28/2025,medication,Rudolfo Casotti,Once,294-525-6575,peanuts,113
106,Jerrilyn,Scandwright,jscandwright2x@newsvine.com,273-524-1954,32,29,Female,Mr,Widow,29 Farwell Plaza,Pittsburgh,Virginia,Coastal Breeze Hospital,1423 N JEFFERSON AVE,East,5/11/2025,herbal remedies,Jerrilyn Scandwright,Never,739-598-9794,dust,114
107,Emmye,Portt,eportt2y@paginegialle.it,420-587-0798,57,97,Female,Ms,Single,3 North Park,Baltimore,Delaware,Sunshine Valley Hospital,3200 S RURAL RD STE 3,East,10/17/2025,aromatherapy,Emmye Portt,Often,826-954-6094,cats,68
108,Hall,Coggins,hcoggins2z@spiegel.de,700-588-8911,137,71,Male,Mrs,Single,663 Vidon Court,Pittsburgh,New Hampshire,Sunset Valley Medical Center,1725 W HARRISON ST SUITE 158,East,1/15/2025,medication,Hall Coggins,Yearly,357-407-8101,dust,70
109,Bobbe,Winney,bwinney30@yahoo.com,965-415-7677,33,148,Female,Miss,Married,50082 Kenwood Point,Boston,Maine,Golden Gate Medical Center,PO BOX 841656,East,6/28/2025,chiropractic care,Bobbe Winney,Weekly,406-212-6547,cats,130
110,Lacy,Leeburne,lleeburne31@skyrock.com,947-901-3953,53,145,Female,Mr,Married,69 Boyd Road,Baltimore,Vermont,Mountain View Medical Center,PO BOX 3407,East,12/26/2024,surgery,Lacy Leeburne,Daily,194-340-8888,peanuts,133
111,Patrizia,Garey,pgarey32@google.co.jp,754-998-8147,23,149,Female,Mrs,Married,40638 Bobwhite Point,Charlotte,Virginia,Oceanview General Hospital,PO BOX 23469,East,1/14/2025,homeopathy,Patrizia Garey,Seldom,335-904-0047,latex,130
112,Osbourne,Astbery,oastbery33@opera.com,347-128-4529,122,87,Male,Miss,Widow,54336 Browning Lane,Raleigh,New York,Pacific Coast Hospital,300 SIOUX VALLEY DR,East,11/21/2024,medication,Osbourne Astbery,Weekly,721-998-7663,mold,49
113,Janeta,Barnardo,jbarnardo34@biglobe.ne.jp,297-786-1876,140,73,Female,Ms,Single,88 John Wall Way,Charlotte,New Hampshire,Sunset Valley Medical Center,160 WATER ST,East,2/10/2025,massage therapy,Janeta Barnardo,Often,966-447-3463,grass,126
114,Thedric,Cremer,tcremer35@examiner.com,412-267-9168,89,18,Male,Ms,Widow,13 Del Mar Way,Philadelphia,Rhode Island,Sunset Valley Medical Center,8765 LEWIS AVE,East,5/17/2025,chiropractic care,Thedric Cremer,Seldom,479-756-7917,grass,21
115,Abe,Lindfors,alindfors36@joomla.org,414-246-8623,20,55,Genderfluid,Miss,Widow,23 Gerald Park,Philadelphia,South Carolina,Pacific Coast Hospital,PO BOX 19305,East,9/3/2025,herbal remedies,Abe Lindfors,Monthly,628-344-5963,cats,46
116,Diahann,Blackeby,dblackeby37@fotki.com,207-981-1487,18,125,Female,Ms,Single,6960 Kennedy Plaza,New York City,Virginia,Westside Community Hospital,1200 E LANE ST,East,10/12/2025,homeopathy,Diahann Blackeby,Once,656-239-4335,cats,134
117,Pavla,Goodfield,pgoodfield38@plala.or.jp,556-464-7479,91,126,Female,Ms,Single,9 Hallows Crossing,Baltimore,Virginia,Golden Gate Medical Center,101 S MAJOR ST,East,6/17/2025,hypnotherapy,Pavla Goodfield,Daily,796-821-1992,mold,74
118,Marve,Dearman,mdearman39@yandex.ru,565-906-1667,17,23,Male,Ms,Married,374 Surrey Pass,Washington D.C.,Georgia,Sunset Valley Medical Center,1000 N OAK AVE ATTN: PROVIDER ENROLLMENT COORDINATOR SHP FL 2,East,5/21/2025,homeopathy,Marve Dearman,Weekly,609-357-6592,shellfish,121
119,Briana,Servis,bservis3a@360.cn,546-588-3392,5,122,Female,Miss,Single,43800 Menomonie Court,Washington D.C.,Maine,Pacific Coast Hospital,910 E 20TH ST,East,12/10/2024,massage therapy,Briana Servis,Once,163-879-4942,mold,146
120,Christoper,Loraine,cloraine3b@51.la,543-304-1145,122,25,Male,Mr,Single,664 Vidon Pass,Miami,North Carolina,Sierra Vista Regional Hospital,PO BOX 6260,East,4/10/2025,physical therapy,Christoper Loraine,Seldom,860-848-9951,penicillin,36
121,Pippy,Sowrah,psowrah3c@alexa.com,930-513-8339,125,58,Female,Ms,Single,288 Transport Park,Washington D.C.,Maryland,Sunset Valley Medical Center,200 W 134TH PL 3RD FLOOR,East,11/19/2024,chiropractic care,Pippy Sowrah,Once,703-317-8798,mold,83
122,Chance,Penvarne,cpenvarne3d@java.com,846-156-4859,148,39,Male,Ms,Widow,4 Doe Crossing Way,Washington D.C.,Vermont,Westside Community Hospital,25 TELSER RD #1057,East,5/31/2025,medication,Chance Penvarne,Often,214-277-6995,shellfish,36
123,Gayelord,De Vile,gde3e@irs.gov,525-117-5321,113,92,Male,Mrs,Married,9086 Haas Place,Atlanta,Georgia,Mountain View Medical Center,2500 FAIRWAY ST,East,4/5/2025,massage therapy,Gayelord De Vile,Seldom,153-355-8271,dust,22
124,Birch,Elby,belby3f@istockphoto.com,458-691-7189,8,104,Male,Mrs,Single,21811 Bultman Way,New York City,South Carolina,Sunshine Valley Hospital,PO BOX 37,East,12/6/2024,herbal remedies,Birch Elby,Monthly,808-469-2311,latex,43
125,Lek,Boutellier,lboutellier3g@cbc.ca,465-695-1514,38,3,Male,Ms,Married,57634 Merrick Terrace,Baltimore,Connecticut,Sunset Valley Medical Center,778 SCOGIN DR,East,10/29/2024,hypnotherapy,Lek Boutellier,Often,171-632-2737,peanuts,46
126,Lillian,Sibbert,lsibbert3h@t-online.de,931-188-8859,128,29,Female,Mr,Married,9531 Fisk Parkway,New York City,South Carolina,Sunshine Valley Hospital,5410 WEST LOOP SOUTH,East,7/3/2025,physical therapy,Lillian Sibbert,Yearly,746-175-7153,eggs,101
127,Joyous,Kop,jkop3i@meetup.com,208-301-3509,71,98,Female,Ms,Widow,0 Blue Bill Park Street,Pittsburgh,New Jersey,Golden Hills Medical Center,701 SE 5TH ST,East,8/26/2025,aromatherapy,Joyous Kop,Never,412-406-3581,cats,117
128,Kalvin,Howse,khowse3j@washington.edu,510-825-7957,85,53,Male,Mrs,Widow,18279 Pond Lane,Atlanta,Maryland,Sunshine Valley Hospital,6101 BLUE LAGOON DR STE 200,East,9/23/2025,medication,Kalvin Howse,Weekly,791-700-7565,latex,41
129,Brennan,Izkovici,bizkovici3k@sitemeter.com,295-225-8694,36,68,Agender,Mrs,Married,80348 Northwestern Court,Atlanta,New Hampshire,Sunset Valley Medical Center,213 E REDWOOD,East,12/6/2024,acupuncture,Brennan Izkovici,Once,800-894-1406,cats,148
130,Cate,Maffucci,cmaffucci3l@google.pl,644-338-0699,29,9,Female,Miss,Single,499 Transport Hill,Boston,Maine,Sierra Vista Regional Hospital,3100 SW 62ND AVE,East,2/2/2025,acupuncture,Cate Maffucci,Once,816-754-5157,mold,72
131,Trumann,Wash,twash3m@state.gov,654-757-4115,44,21,Male,Miss,Widow,4933 Nancy Terrace,Miami,Maryland,Westside Community Hospital,124 SW ADAMS ST,East,2/23/2025,hypnotherapy,Trumann Wash,Often,774-555-8721,pollen,110
132,Raoul,Mainstone,rmainstone3n@naver.com,738-517-6021,24,140,Male,Ms,Widow,767 Oak Junction,Charlotte,Maine,Sierra Vista Regional Hospital,2115 PARKVIEW DR,East,3/21/2025,medication,Raoul Mainstone,Seldom,867-163-7910,latex,64
133,Rudy,Huck,rhuck3o@storify.com,552-743-1006,50,60,Male,Mr,Widow,401 Kenwood Pass,Atlanta,New Jersey,Mountain View Medical Center,2007 PALM BEACH LAKES BLVD,East,5/7/2025,massage therapy,Rudy Huck,Yearly,803-808-4799,latex,45
134,Corabella,Cuddehy,ccuddehy3p@sakura.ne.jp,778-291-0388,33,20,Female,Mr,Widow,29064 Sommers Drive,Washington D.C.,Pennsylvania,Mountain View Medical Center,657 E MAIN ST STE 3,East,3/10/2025,chiropractic care,Corabella Cuddehy,Seldom,229-899-3426,grass,11
135,Ignazio,Batterbee,ibatterbee3q@scribd.com,136-476-2119,12,94,Male,Ms,Widow,09 Thackeray Pass,New York City,Connecticut,Westside Community Hospital,3412 GRAYSTONE PL,East,10/29/2024,hypnotherapy,Ignazio Batterbee,Often,430-415-9402,grass,132
136,Maddi,Emmatt,memmatt3r@cocolog-nifty.com,855-100-2953,142,40,Female,Miss,Married,5008 Forest Trail,Philadelphia,Pennsylvania,Oceanview General Hospital,1346 SW 3RD CT,East,7/13/2025,surgery,Maddi Emmatt,Seldom,630-973-2989,grass,110
137,Alyson,Bischop,abischop3s@slashdot.org,549-581-9401,87,108,Female,Ms,Single,76147 Corry Trail,New York City,Virginia,Sunset Valley Medical Center,2800 W 95TH ST BUSINESS DEVELOPMENT,East,7/2/2025,medication,Alyson Bischop,Never,776-765-0548,pollen,35
138,Nollie,Goodbairn,ngoodbairn3t@studiopress.com,361-542-6281,105,125,Polygender,Mr,Widow,59 Dwight Road,Charlotte,Georgia,Westside Community Hospital,500 C C RD,East,9/11/2025,massage therapy,Nollie Goodbairn,Yearly,923-184-4840,pollen,62
139,Reg,Guinan,rguinan3u@dion.ne.jp,619-313-6202,59,5,Male,Mr,Single,551 Almo Avenue,Miami,Florida,Westside Community Hospital,330 SEVEN SPRINGS WAY,East,12/20/2024,herbal remedies,Reg Guinan,Never,638-932-5802,mold,57
140,Wini,Gorini,wgorini3v@marketwatch.com,169-180-4428,127,102,Female,Ms,Married,1947 Quincy Terrace,Atlanta,Rhode Island,Sunshine Valley Hospital,2817 REILLY ST MCXC-DBO-UB WAMC STOP A,East,7/15/2025,hypnotherapy,Wini Gorini,Seldom,158-297-6750,latex,118
141,Patti,Grinyakin,pgrinyakin3w@addthis.com,575-711-9345,20,122,Female,Mrs,Single,12685 Grasskamp Junction,Washington D.C.,Connecticut,Mountain View Medical Center,2200 ROSS AVE STE 5400,East,12/6/2024,chiropractic care,Patti Grinyakin,Once,916-255-9153,mold,103
142,Elizabet,Sherborne,esherborne3x@artisteer.com,598-931-1226,78,88,Female,Mr,Married,64 Holmberg Hill,Miami,New York,Oceanview General Hospital,3555 ROUND BARN CIR,East,12/5/2024,chiropractic care,Elizabet Sherborne,Often,480-770-4456,mold,22
143,Kiri,Zamorano,kzamorano3y@narod.ru,233-320-3859,106,139,Female,Mrs,Widow,22897 Caliangt Street,Philadelphia,Pennsylvania,Golden Gate Medical Center,PO BOX 602078,East,3/13/2025,aromatherapy,Kiri Zamorano,Once,805-424-5963,penicillin,108
144,Jamil,O'Gleasane,jogleasane3z@ow.ly,997-326-7406,64,72,Male,Ms,Widow,6866 Mifflin Alley,Miami,Vermont,Oceanview General Hospital,1906 BLAKE AVE,East,5/4/2025,surgery,Jamil O'Gleasane,Once,231-572-7681,eggs,119
145,Hayden,Giannasi,hgiannasi40@about.com,210-999-9060,113,119,Male,Miss,Single,94316 Hoepker Alley,Miami,Rhode Island,Coastal Breeze Hospital,2233 W DIVISION ST,East,5/23/2025,hypnotherapy,Hayden Giannasi,Often,522-933-0968,grass,123
146,Milo,Wrightson,mwrightson41@lycos.com,986-828-4925,39,93,Male,Miss,Single,3 Pennsylvania Junction,Atlanta,New Jersey,Golden Gate Medical Center,650 1ST AVE 8TH FLOOR,East,10/23/2025,acupuncture,Milo Wrightson,Never,430-406-1908,cats,94
147,Onfroi,Bampkin,obampkin42@imageshack.us,978-569-0763,24,56,Non-binary,Mrs,Married,7 Atwood Lane,Miami,South Carolina,Coastal Breeze Hospital,590 BIRCH RD STE 1C,East,8/20/2025,physical therapy,Onfroi Bampkin,Once,374-231-8686,pollen,50
148,Linus,Kivlehan,lkivlehan43@auda.org.au,118-596-2628,132,129,Male,Ms,Widow,03 Bunting Drive,Pittsburgh,New Hampshire,Golden Gate Medical Center,PO BOX 557367,East,10/9/2025,massage therapy,Linus Kivlehan,Often,429-702-9722,dust,63
149,Domingo,Borrill,dborrill44@hatena.ne.jp,427-999-4164,141,70,Male,Mr,Single,42783 Hoepker Street,Boston,New York,Coastal Breeze Hospital,PO BOX 419112,East,5/25/2025,acupuncture,Domingo Borrill,Once,506-658-0636,latex,14
150,Marijo,Cassey,mcassey45@people.com.cn,849-698-0179,79,54,Female,Miss,Widow,5 Anhalt Trail,New York City,Vermont,Golden Gate Medical Center,213 S JEFFERSON ST STE 1006,East,5/26/2025,physical therapy,Marijo Cassey,Seldom,102-367-1751,dust,112
151,Hurley,Pickervance,hpickervance46@omniture.com,726-398-1786,78,135,Male,Mr,Married,274 Scofield Center,Atlanta,Rhode Island,Sunset Valley Medical Center,3401 CIVIC CENTER BLVD,East,11/20/2024,hypnotherapy,Hurley Pickervance,Once,322-599-3230,pollen,90
152,Dorie,Veregan,dveregan47@purevolume.com,213-683-8104,110,150,Male,Ms,Married,3519 Blue Bill Park Parkway,Raleigh,Georgia,Sunshine Valley Hospital,"7901 E LOWRY BLVD F402, 3RD FLOOR",East,1/12/2025,herbal remedies,Dorie Veregan,Often,372-198-6803,grass,125
153,Jillana,Bickerstaffe,jbickerstaffe48@army.mil,421-189-8726,45,47,Female,Ms,Married,2 Granby Parkway,Boston,New Jersey,Coastal Breeze Hospital,PO BOX 779,East,5/26/2025,hypnotherapy,Jillana Bickerstaffe,Monthly,820-155-3562,pollen,72
154,Tressa,Richings,trichings49@ebay.co.uk,184-458-8324,34,31,Female,Mrs,Widow,8 Schlimgen Park,Pittsburgh,Florida,Golden Gate Medical Center,1643 NW 136TH AVE STE 100,East,4/23/2025,homeopathy,Tressa Richings,Once,446-828-2316,grass,2
155,Engelbert,Thorn,ethorn4a@unblog.fr,731-231-0851,128,148,Non-binary,Miss,Single,33 Lakewood Gardens Circle,Washington D.C.,Rhode Island,Coastal Breeze Hospital,"2340 CLAY ST 5TH FLOOR, OPHTHALMOLOGY DEPARTMENT",East,1/10/2025,chiropractic care,Engelbert Thorn,Seldom,593-929-0125,pollen,38
156,Boycie,Camillo,bcamillo4b@mediafire.com,330-578-5119,57,88,Male,Mrs,Widow,73 Saint Paul Drive,Charlotte,North Carolina,Golden Hills Medical Center,2375 E PRATER WAY,East,10/11/2025,homeopathy,Boycie Camillo,Monthly,559-302-4477,peanuts,68
157,Chandler,Nisby,cnisby4c@is.gd,459-855-6271,90,55,Male,Miss,Widow,21500 Sutherland Circle,Miami,Florida,Sunset Valley Medical Center,421 S MAIN ST,East,2/11/2025,physical therapy,Chandler Nisby,Weekly,369-465-9628,eggs,43
158,Morissa,Dungay,mdungay4d@sitemeter.com,952-812-5062,106,103,Non-binary,Ms,Single,8 Dixon Park,Pittsburgh,North Carolina,Westside Community Hospital,2202 N BRYAN AVE,East,5/4/2025,hypnotherapy,Morissa Dungay,Monthly,690-902-9826,latex,12
159,Akim,Winders,awinders4e@dot.gov,510-990-3315,52,55,Male,Mrs,Widow,67609 Lindbergh Park,Charlotte,Florida,Pacific Coast Hospital,601 MEMORY LN,East,1/25/2025,hypnotherapy,Akim Winders,Daily,232-616-6019,grass,41
160,Alvan,Bernaciak,abernaciak4f@amazon.com,688-784-9318,83,56,Male,Mr,Widow,512 Waywood Avenue,New York City,Maine,Mountain View Medical Center,209 NW 8TH ST,East,6/14/2025,chiropractic care,Alvan Bernaciak,Often,330-545-4404,cats,79
161,Isaiah,Ellerbeck,iellerbeck4g@jalbum.net,961-739-4651,55,124,Bigender,Mrs,Married,3932 Randy Crossing,Atlanta,Connecticut,Golden Gate Medical Center,620 BYRON RD,East,7/3/2025,surgery,Isaiah Ellerbeck,Often,144-943-2004,grass,108
162,Nathanil,Donovin,ndonovin4h@prnewswire.com,760-411-1011,30,36,Male,Ms,Married,2545 Cottonwood Terrace,Philadelphia,Massachusetts,Sunset Valley Medical Center,29 W 34TH ST 4TH FLOOR,East,10/24/2025,chiropractic care,Nathanil Donovin,Often,278-607-7890,peanuts,17
163,Steffie,Klaaasen,sklaaasen4i@google.com.br,683-492-9405,94,45,Female,Mrs,Widow,5 Mallard Terrace,Boston,New York,Golden Hills Medical Center,909 N BROADWAY PBO/CREDENTIALING,East,3/29/2025,surgery,Steffie Klaaasen,Daily,794-143-2423,penicillin,42
164,Yetta,Sorro,ysorro4j@narod.ru,427-357-3797,75,131,Female,Mr,Widow,30 Cardinal Junction,New York City,New Jersey,Oceanview General Hospital,1800 SW 1ST ST SUITE 210,East,4/3/2025,aromatherapy,Yetta Sorro,Monthly,937-117-2482,dust,145
165,Falkner,Carnalan,fcarnalan4k@answers.com,692-436-0525,112,107,Male,Miss,Single,1284 Hoffman Point,Atlanta,Florida,Coastal Breeze Hospital,1717 S RANGE LINE RD,East,1/2/2025,acupuncture,Falkner Carnalan,Never,120-999-1194,pollen,26
166,Nathalie,Cliff,ncliff4l@oakley.com,237-183-2632,108,137,Female,Miss,Single,24 Continental Park,Charlotte,Maine,Coastal Breeze Hospital,601 MEMORY LN,East,1/31/2025,herbal remedies,Nathalie Cliff,Monthly,149-137-8366,eggs,82
167,Regine,Peirpoint,rpeirpoint4m@nationalgeographic.com,506-260-2373,121,33,Female,Mr,Single,2261 Morningstar Road,Charlotte,Florida,Sierra Vista Regional Hospital,PO BOX 256,East,10/6/2025,aromatherapy,Regine Peirpoint,Yearly,922-694-7384,shellfish,73
168,Vivianne,Turri,vturri4n@e-recht24.de,478-850-2246,52,77,Female,Ms,Married,4 Melrose Park,Philadelphia,Rhode Island,Sierra Vista Regional Hospital,2020 6TH AVE,East,7/3/2025,medication,Vivianne Turri,Once,276-157-2896,dust,4
169,Gwynne,Scrannage,gscrannage4o@epa.gov,595-266-5979,62,36,Female,Mr,Married,4 Kipling Alley,Boston,Massachusetts,Pacific Coast Hospital,2000 OGDEN AVE,East,5/27/2025,physical therapy,Gwynne Scrannage,Often,233-961-3545,pollen,121
170,Arlan,Lademann,alademann4p@cyberchimps.com,935-257-1822,33,105,Male,Miss,Single,7 Darwin Crossing,Baltimore,Maryland,Sunset Valley Medical Center,2767 OLIVE HWY,East,8/16/2025,hypnotherapy,Arlan Lademann,Never,837-955-0586,mold,20
171,Palmer,Burgin,pburgin4q@squidoo.com,236-937-7068,44,141,Male,Ms,Widow,2 Bashford Center,Washington D.C.,Massachusetts,Westside Community Hospital,205 DAVENPORT STREET,East,1/30/2025,chiropractic care,Palmer Burgin,Weekly,542-626-1170,dust,45
172,Joshua,Beausang,jbeausang4r@xinhuanet.com,483-676-0549,133,89,Male,Mrs,Widow,1518 Ilene Point,Charlotte,Connecticut,Sunset Valley Medical Center,PO BOX 1079,East,7/22/2025,medication,Joshua Beausang,Often,465-982-9349,mold,55
173,Correy,Mullard,cmullard4s@wufoo.com,863-358-0482,15,31,Male,Ms,Married,6 Independence Hill,Boston,Delaware,Golden Hills Medical Center,1330 SW 22ND ST SUITE 409,East,2/8/2025,acupuncture,Correy Mullard,Often,996-118-2274,peanuts,80
174,Auberon,Ahrendsen,aahrendsen4t@nhs.uk,683-850-2379,150,75,Male,Ms,Single,6 Merchant Park,Baltimore,Massachusetts,Pacific Coast Hospital,777 HEMLOCK STREET MSC 156 ATTN CBO,East,12/17/2024,herbal remedies,Auberon Ahrendsen,Often,937-898-1271,mold,29
175,Gannon,Lorenz,glorenz4u@wordpress.com,692-144-6527,106,132,Male,Miss,Married,6 Sachs Trail,Atlanta,Delaware,Westside Community Hospital,PO BOX 741282,East,12/7/2024,surgery,Gannon Lorenz,Weekly,644-266-1112,latex,110
176,Elmo,Ffrench,effrench4v@4shared.com,795-144-2123,33,145,Male,Mrs,Widow,7 Monterey Pass,Philadelphia,North Carolina,Sunset Valley Medical Center,DEPT 888001,East,1/25/2025,physical therapy,Elmo Ffrench,Daily,332-884-1218,eggs,1
177,Emelda,Hamlin,ehamlin4w@unicef.org,766-916-4189,31,131,Female,Mr,Single,86501 Elgar Crossing,Washington D.C.,Maine,Sunset Valley Medical Center,48 BLUEBERRY FARM ROAD,East,11/13/2024,physical therapy,Emelda Hamlin,Seldom,151-672-1306,latex,129
178,Biddie,Fenning,bfenning4x@howstuffworks.com,322-824-4370,110,137,Female,Ms,Widow,36 Ronald Regan Point,Baltimore,New York,Sunset Valley Medical Center,PO BOX 602373,East,10/5/2025,acupuncture,Biddie Fenning,Daily,113-502-9256,shellfish,9
179,Benoit,Linford,blinford4y@utexas.edu,231-261-7208,71,128,Male,Mrs,Widow,03894 Bultman Alley,Miami,Vermont,Sunset Valley Medical Center,150 MANCHESTER RD,East,5/24/2025,medication,Benoit Linford,Daily,556-494-3342,cats,50
180,Ermanno,Guiu,eguiu4z@smugmug.com,275-589-3661,88,147,Male,Ms,Single,476 Surrey Road,Charlotte,Delaware,Mountain View Medical Center,5410 MARYLAND WAY STE 300,East,6/20/2025,medication,Ermanno Guiu,Once,544-952-9151,shellfish,77
181,Ford,Doldon,fdoldon50@baidu.com,639-163-8226,92,130,Male,Mrs,Married,3673 Thierer Junction,Philadelphia,Maryland,Golden Gate Medical Center,467 EAST 31ST STREET,East,11/26/2024,massage therapy,Ford Doldon,Often,809-831-4971,peanuts,21
182,Isiahi,Frake,ifrake51@google.ru,656-223-4079,46,47,Male,Ms,Married,089 Dryden Plaza,Charlotte,Vermont,Oceanview General Hospital,180 W ESPLANADE AVE,East,6/20/2025,medication,Isiahi Frake,Daily,661-860-9367,eggs,141
183,Shay,Dunne,sdunne52@51.la,173-180-5502,122,80,Female,Mr,Single,79418 Golden Leaf Point,Charlotte,New Hampshire,Coastal Breeze Hospital,4TH STREET BLDG 166 RM 109,East,6/15/2025,acupuncture,Shay Dunne,Never,357-250-8625,shellfish,11
184,Christye,Mundwell,cmundwell53@arstechnica.com,636-111-4654,25,78,Female,Mrs,Single,0 Mcbride Lane,Raleigh,Delaware,Golden Hills Medical Center,3300 NW EXPRESSWAY,East,8/20/2025,medication,Christye Mundwell,Once,601-604-1259,eggs,86
185,Leela,Ilyushkin,lilyushkin54@sitemeter.com,753-382-5520,50,92,Female,Ms,Single,09643 Prentice Avenue,Philadelphia,Rhode Island,Golden Gate Medical Center,50 SCHENCK PKWY,East,10/17/2025,physical therapy,Leela Ilyushkin,Weekly,564-537-3499,cats,11
186,Rosabelle,Palfreeman,rpalfreeman55@istockphoto.com,438-571-2047,143,79,Female,Mrs,Widow,11662 Marcy Lane,Boston,Connecticut,Pacific Coast Hospital,777 BANNOCK ST # MC1923,East,11/20/2024,homeopathy,Rosabelle Palfreeman,Yearly,241-261-6819,penicillin,111
187,Thatcher,Bircher,tbircher56@tamu.edu,777-715-0376,116,13,Male,Mrs,Married,1528 Hauk Point,Pittsburgh,South Carolina,Sunshine Valley Hospital,775 S MAIN ST,East,4/18/2025,aromatherapy,Thatcher Bircher,Often,121-507-0772,latex,87
188,Jennee,Orsman,jorsman57@fastcompany.com,179-351-1496,6,88,Female,Mrs,Widow,78 Thierer Court,Baltimore,New Jersey,Sunshine Valley Hospital,801 MASSACHUSETTS AVE,East,8/9/2025,surgery,Jennee Orsman,Seldom,318-948-7828,mold,95
189,Yanaton,Castiblanco,ycastiblanco58@rediff.com,288-269-4383,122,44,Male,Ms,Widow,95316 Lerdahl Center,Charlotte,Rhode Island,Westside Community Hospital,2511 W CHURCH ST,East,8/23/2025,aromatherapy,Yanaton Castiblanco,Monthly,700-739-1466,mold,37
190,Thor,Doige,tdoige59@bbc.co.uk,309-741-5788,74,21,Male,Miss,Widow,056 Village Court,Charlotte,Virginia,Golden Gate Medical Center,28000 DEQUINDRE RD,East,4/27/2025,aromatherapy,Thor Doige,Weekly,108-848-5370,shellfish,125
191,Bernadina,Hopkyns,bhopkyns5a@booking.com,459-554-0205,63,77,Female,Miss,Married,7 Pleasure Point,Charlotte,Georgia,Westside Community Hospital,900 LINCOLN AVE,East,12/20/2024,physical therapy,Bernadina Hopkyns,Daily,504-366-5601,dust,130
192,Ode,Isham,oisham5b@pen.io,285-905-8042,26,62,Male,Ms,Married,38496 Vahlen Place,Atlanta,South Carolina,Sierra Vista Regional Hospital,3103 111TH ST STE 121,East,10/24/2025,aromatherapy,Ode Isham,Daily,894-417-5192,shellfish,123
193,Cesare,Penberthy,cpenberthy5c@weather.com,333-839-9540,84,105,Male,Mr,Widow,1258 Kensington Plaza,Atlanta,South Carolina,Sierra Vista Regional Hospital,454 MCDOWELL ST,East,4/20/2025,massage therapy,Cesare Penberthy,Daily,576-301-6511,shellfish,27
194,Myrna,Parradye,mparradye5d@slashdot.org,298-990-0275,62,61,Female,Miss,Single,8 Hayes Parkway,Charlotte,New York,Sierra Vista Regional Hospital,73 PUUHONU PL,East,1/28/2025,surgery,Myrna Parradye,Often,317-468-0200,shellfish,49
195,Haily,Chavey,hchavey5e@addtoany.com,228-687-3610,53,134,Female,Mrs,Widow,24 Arkansas Plaza,Washington D.C.,South Carolina,Sunshine Valley Hospital,508 FULTON ST,East,7/14/2025,massage therapy,Haily Chavey,Yearly,278-659-0453,shellfish,16
196,Benji,Vannacci,bvannacci5f@domainmarket.com,504-399-5464,149,44,Male,Mr,Widow,69 Maywood Hill,Philadelphia,North Carolina,Golden Hills Medical Center,946 E REED ST P O BOX 489,East,7/11/2025,massage therapy,Benji Vannacci,Yearly,573-884-2600,eggs,122
197,Biddy,Murrhardt,bmurrhardt5g@webs.com,198-644-0953,42,76,Female,Ms,Married,97540 Donald Parkway,Washington D.C.,Massachusetts,Pacific Coast Hospital,2220 CANTERBURY DR,East,9/12/2025,hypnotherapy,Biddy Murrhardt,Seldom,981-361-6282,shellfish,120
198,Elisabetta,Giannassi,egiannassi5h@creativecommons.org,915-689-6473,15,1,Female,Mr,Widow,66 Katie Lane,Philadelphia,Rhode Island,Sunset Valley Medical Center,PO BOX 602373,East,10/23/2025,aromatherapy,Elisabetta Giannassi,Never,173-445-6892,penicillin,52
199,Kerrie,Joselevitch,kjoselevitch5i@accuweather.com,726-507-1681,67,53,Female,Ms,Widow,0094 Kingsford Place,New York City,Virginia,Golden Hills Medical Center,124 SW ADAMS ST,East,9/7/2025,massage therapy,Kerrie Joselevitch,Often,218-338-0855,peanuts,102
200,Vincenz,MacIlwrick,vmacilwrick5j@webs.com,766-102-2921,61,70,Male,Miss,Single,34 Anhalt Trail,Pittsburgh,New Jersey,Sierra Vista Regional Hospital,133 FAIRFIELD ST,East,2/2/2025,chiropractic care,Vincenz MacIlwrick,Seldom,116-518-2003,mold,86
201,Laure,Jeram,ljeram5k@ucoz.ru,864-268-1997,150,136,Female,Mrs,Single,07123 Hollow Ridge Center,Charlotte,North Carolina,Coastal Breeze Hospital,PO BOX 1080,East,10/7/2025,acupuncture,Laure Jeram,Yearly,866-361-3321,penicillin,127
202,Debera,Presidey,dpresidey5l@free.fr,137-847-4470,95,128,Female,Mrs,Widow,516 Pankratz Pass,Pittsburgh,Rhode Island,Sunshine Valley Hospital,826 18TH ST PO BOX 167,East,3/4/2025,homeopathy,Debera Presidey,Never,543-400-2612,pollen,53
203,Wang,Mulran,wmulran5m@instagram.com,711-524-2288,54,130,Male,Mr,Married,4914 Prentice Alley,Raleigh,Rhode Island,Golden Hills Medical Center,450 E PRESIDENT AVE,East,11/25/2024,homeopathy,Wang Mulran,Weekly,875-753-9835,pollen,40
204,Madelina,Ludgate,mludgate5n@bloglines.com,581-382-6261,34,66,Female,Mr,Widow,475 Anzinger Street,Charlotte,Massachusetts,Westside Community Hospital,PO BOX 688,East,6/19/2025,hypnotherapy,Madelina Ludgate,Once,739-247-1410,mold,37
205,Chiquita,Twort,ctwort5o@dion.ne.jp,922-358-9920,25,76,Female,Mrs,Single,4276 Meadow Valley Parkway,Baltimore,New Hampshire,Westside Community Hospital,255 W 4TH ST,East,6/10/2025,herbal remedies,Chiquita Twort,Seldom,897-813-2453,cats,136
206,Pierce,Hinckley,phinckley5p@wisc.edu,981-989-0008,96,55,Non-binary,Ms,Married,568 Haas Terrace,Philadelphia,Delaware,Oceanview General Hospital,1525 HUNT CLUB BLVD SUITE 600-A,East,3/24/2025,surgery,Pierce Hinckley,Never,669-171-5686,eggs,97
207,Malachi,Barley,mbarley5q@163.com,758-128-6077,81,25,Male,Mr,Single,79 Dawn Parkway,Raleigh,New Jersey,Golden Gate Medical Center,5401 SOUTH ST,East,12/10/2024,hypnotherapy,Malachi Barley,Daily,667-489-6274,grass,6
208,Merrill,Smalley,msmalley5r@miibeian.gov.cn,223-467-7497,87,28,Male,Ms,Single,942 Dunning Avenue,Charlotte,North Carolina,Mountain View Medical Center,2000 S MAIN ST,East,6/4/2025,surgery,Merrill Smalley,Seldom,618-414-4232,mold,45
209,Bryon,Verne,bverne5s@boston.com,877-237-8802,137,90,Male,Miss,Widow,643 Katie Trail,Philadelphia,North Carolina,Golden Gate Medical Center,75 PARK STREET,East,12/23/2024,massage therapy,Bryon Verne,Yearly,762-333-5441,shellfish,16
210,Pauletta,Petric,ppetric5t@boston.com,887-521-8823,132,77,Female,Ms,Single,151 Del Sol Park,Charlotte,Georgia,Sunset Valley Medical Center,10330 N MERIDIAN ST SUITE 201,East,12/9/2024,physical therapy,Pauletta Petric,Yearly,497-710-8329,penicillin,106
211,Wendie,Castaignet,wcastaignet5u@example.com,570-319-1549,62,128,Female,Mr,Married,3 Hansons Parkway,Charlotte,Massachusetts,Golden Gate Medical Center,3471 KILBURN CIR APT 1234,East,5/15/2025,acupuncture,Wendie Castaignet,Never,423-345-6142,mold,85
212,Peder,Besset,pbesset5v@thetimes.co.uk,751-579-8935,89,7,Male,Mrs,Single,3088 7th Crossing,Baltimore,Delaware,Mountain View Medical Center,1323 N A ST,East,12/18/2024,aromatherapy,Peder Besset,Daily,493-353-2237,shellfish,92
213,Misha,Lints,mlints5w@arizona.edu,982-926-1581,105,26,Female,Miss,Married,695 Nobel Pass,Atlanta,Vermont,Sunshine Valley Hospital,8 TH AVE & C ST 4TH FLOOR,East,11/18/2024,medication,Misha Lints,Seldom,599-132-9415,dust,51
214,Boris,Bonson,bbonson5x@oaic.gov.au,525-885-4010,43,42,Male,Mrs,Widow,501 Stoughton Road,Miami,Vermont,Oceanview General Hospital,2330 THORNTON TAYLOR PKWY SUITE A,East,8/21/2025,surgery,Boris Bonson,Seldom,561-387-2369,mold,57
215,Otto,Laraway,olaraway5y@comcast.net,871-267-1249,77,46,Male,Mrs,Single,920 Sage Court,New York City,Vermont,Golden Gate Medical Center,PO BOX 1177,East,7/24/2025,aromatherapy,Otto Laraway,Seldom,504-570-6934,shellfish,16
216,Salvatore,Claxton,sclaxton5z@addthis.com,895-451-1885,103,95,Male,Mr,Married,066 Truax Way,Charlotte,New Jersey,Westside Community Hospital,PO BOX 623,East,11/30/2024,surgery,Salvatore Claxton,Never,332-171-8955,mold,117
217,Tamiko,Willows,twillows60@hud.gov,646-421-7566,26,14,Female,Ms,Married,533 Gateway Terrace,Boston,New Jersey,Mountain View Medical Center,1922 HAY TER,East,10/24/2025,surgery,Tamiko Willows,Often,172-282-0070,penicillin,97
218,Nelie,Aucoate,naucoate61@upenn.edu,347-230-9589,104,46,Female,Miss,Widow,2816 Sage Hill,Atlanta,Connecticut,Sierra Vista Regional Hospital,705 N COLLEGE ST NORTHWEST MEDICAL CENTER,East,2/20/2025,acupuncture,Nelie Aucoate,Monthly,268-567-5789,grass,53
219,Field,Valentinuzzi,fvalentinuzzi62@github.io,793-715-2305,136,3,Male,Ms,Widow,021 Bartelt Place,Pittsburgh,Connecticut,Oceanview General Hospital,20 WEST KALEY STREET,East,9/18/2025,chiropractic care,Field Valentinuzzi,Daily,315-740-5998,eggs,5
220,Ansell,Nordass,anordass63@rakuten.co.jp,952-765-2129,130,148,Male,Miss,Single,13 Bonner Lane,Miami,New Jersey,Coastal Breeze Hospital,2500 BELLE CHASSE HWY,East,1/30/2025,homeopathy,Ansell Nordass,Daily,905-473-7589,peanuts,23
221,Bibi,Haszard,bhaszard64@earthlink.net,452-217-7622,6,141,Genderfluid,Miss,Single,5 Eagle Crest Place,Miami,Delaware,Golden Hills Medical Center,3605 WARRENSVILLE CENTER RD 1ST FLOOR,East,1/1/2025,surgery,Bibi Haszard,Seldom,561-776-3618,latex,54
222,Lucinda,Waddam,lwaddam65@infoseek.co.jp,756-821-9813,117,64,Female,Mrs,Single,3 Prairie Rose Avenue,Boston,South Carolina,Coastal Breeze Hospital,1101 MICHIGAN AVE,East,10/26/2024,chiropractic care,Lucinda Waddam,Never,703-764-3237,grass,123
223,Noby,Loveitt,nloveitt66@cnbc.com,944-556-4064,71,138,Male,Mrs,Single,51 Park Meadow Lane,Boston,South Carolina,Oceanview General Hospital,PO BOX 826594,East,2/20/2025,medication,Noby Loveitt,Often,843-116-6268,peanuts,71
224,Amelita,Harnes,aharnes67@npr.org,971-704-8161,150,122,Female,Mr,Single,7 Thackeray Avenue,Raleigh,Delaware,Westside Community Hospital,2091 N BEND RD,East,9/12/2025,massage therapy,Amelita Harnes,Daily,279-790-5211,latex,70
225,Arman,Ebbutt,aebbutt68@businessweek.com,403-866-8151,19,142,Male,Mr,Married,1491 Kim Avenue,Miami,Maine,Coastal Breeze Hospital,4 FULLER ST,East,4/17/2025,herbal remedies,Arman Ebbutt,Never,949-154-4584,dust,37
226,Tammie,Essex,tessex69@webmd.com,409-893-1453,29,90,Female,Mrs,Single,0471 Ludington Trail,New York City,Virginia,Mountain View Medical Center,PO BOX 45944,East,11/23/2024,aromatherapy,Tammie Essex,Weekly,421-844-6032,eggs,128
227,Rene,Sears,rsears6a@ovh.net,995-554-6332,23,144,Female,Miss,Widow,72 Johnson Pass,Washington D.C.,New Hampshire,Golden Gate Medical Center,PO BOX 505673,East,5/26/2025,massage therapy,Rene Sears,Seldom,660-620-8912,cats,20
228,Kalie,Brik,kbrik6b@xing.com,464-452-0231,109,25,Agender,Mrs,Married,84466 Longview Street,Raleigh,Georgia,Sierra Vista Regional Hospital,349 MALL BLVD SUITE 201,East,4/26/2025,massage therapy,Kalie Brik,Yearly,362-638-3683,mold,6
229,Mathew,Wimmers,mwimmers6c@freewebs.com,894-101-0064,22,129,Male,Mr,Widow,98316 2nd Street,Miami,New Jersey,Sierra Vista Regional Hospital,3990 E US HIGHWAY 64 ALT,East,4/17/2025,surgery,Mathew Wimmers,Daily,449-173-9449,grass,82
230,Sam,Joreau,sjoreau6d@github.com,716-983-0352,16,84,Male,Ms,Widow,0416 Daystar Street,Pittsburgh,Massachusetts,Golden Gate Medical Center,407 BURKARTH RD STE 302,East,1/1/2025,hypnotherapy,Sam Joreau,Often,957-427-0459,latex,36
231,Rawley,Fausch,rfausch6e@newsvine.com,435-265-0104,86,51,Male,Miss,Single,4611 Almo Way,Atlanta,Pennsylvania,Mountain View Medical Center,801 S WASHINGTON ST,East,11/30/2024,acupuncture,Rawley Fausch,Weekly,271-190-2648,shellfish,80
232,Julio,Brellin,jbrellin6f@icio.us,325-715-4013,121,114,Male,Mr,Single,44221 Luster Plaza,New York City,New York,Westside Community Hospital,1 MEMORIAL DR,East,6/6/2025,acupuncture,Julio Brellin,Never,887-973-8628,dust,6
233,Delmar,Glennard,dglennard6g@wsj.com,812-996-2011,5,39,Polygender,Mr,Single,4835 Milwaukee Center,New York City,New Jersey,Golden Hills Medical Center,302 UNIVERSITY PKWY,East,8/14/2025,surgery,Delmar Glennard,Yearly,791-224-7822,latex,3
234,Spense,Killner,skillner6h@tiny.cc,586-612-9573,139,100,Male,Mrs,Single,4765 Clove Crossing,Raleigh,Rhode Island,Coastal Breeze Hospital,PO BOX 5827,East,1/9/2025,medication,Spense Killner,Daily,291-326-8366,penicillin,19
235,Jasun,Merricks,jmerricks6i@un.org,577-269-5022,104,86,Male,Mr,Single,42 Londonderry Road,Baltimore,New Hampshire,Sunset Valley Medical Center,920 4TH AVE SW SUITE 200,East,6/3/2025,physical therapy,Jasun Merricks,Weekly,972-206-4817,grass,105
236,Annabal,Ebbitt,aebbitt6j@java.com,888-938-0547,108,128,Female,Mr,Single,5268 Clarendon Alley,Atlanta,Rhode Island,Sierra Vista Regional Hospital,PO BOX 2600,East,5/25/2025,chiropractic care,Annabal Ebbitt,Seldom,664-652-0744,penicillin,58
237,Patrizio,Metson,pmetson6k@rediff.com,296-354-9666,49,1,Male,Mrs,Single,9 Lighthouse Bay Place,Washington D.C.,South Carolina,Coastal Breeze Hospital,8574 SW 8TH ST,East,9/25/2025,chiropractic care,Patrizio Metson,Monthly,634-719-1704,shellfish,69
238,Brocky,Durtnall,bdurtnall6l@springer.com,540-895-1113,109,15,Male,Mr,Single,4143 Huxley Center,Washington D.C.,Florida,Golden Gate Medical Center,PO BOX 845,East,3/16/2025,chiropractic care,Brocky Durtnall,Monthly,924-880-0739,dust,18
239,Brandy,McNickle,bmcnickle6m@fema.gov,333-135-3767,31,88,Female,Mrs,Married,564 Graceland Road,Boston,Rhode Island,Pacific Coast Hospital,1208 NEWTON-LANGHORNE ROAD,East,1/3/2025,aromatherapy,Brandy McNickle,Monthly,691-405-8562,mold,85
240,Cecelia,Chaster,cchaster6n@creativecommons.org,817-960-7963,86,66,Non-binary,Mr,Married,4 Pleasure Road,Washington D.C.,Maryland,Mountain View Medical Center,1700 WINCHESTER AVE,East,5/11/2025,hypnotherapy,Cecelia Chaster,Often,544-469-5548,latex,77
241,Skip,Mitchell,smitchell6o@dagondesign.com,890-566-5956,62,127,Male,Mr,Single,1421 Division Place,Baltimore,Connecticut,Oceanview General Hospital,PO BOX 67000 DEPT 272801,East,12/6/2024,homeopathy,Skip Mitchell,Weekly,898-295-0831,cats,126
242,Darius,Bolgar,dbolgar6p@ucoz.ru,270-923-6515,29,80,Male,Ms,Single,97840 Grim Plaza,Washington D.C.,New Hampshire,Golden Gate Medical Center,PO BOX 1220,East,4/8/2025,aromatherapy,Darius Bolgar,Once,314-891-3827,grass,106
243,Ofilia,Ramsey,oramsey6q@reuters.com,129-455-1325,42,89,Female,Ms,Single,0009 Messerschmidt Place,Raleigh,Maryland,Oceanview General Hospital,PO BOX 2270,East,5/5/2025,acupuncture,Ofilia Ramsey,Monthly,260-937-9744,dust,83
244,Niki,Jesson,njesson6r@amazon.co.jp,139-198-5937,23,149,Male,Miss,Single,741 Jana Center,Baltimore,New Hampshire,Mountain View Medical Center,PO BOX 160,East,3/13/2025,homeopathy,Niki Jesson,Seldom,787-814-8225,grass,5
245,Cornie,Hulson,chulson6s@barnesandnoble.com,607-725-8560,146,83,Male,Mr,Single,83608 Starling Plaza,Atlanta,Delaware,Sunset Valley Medical Center,18601 LINCOLN ST,East,2/5/2025,homeopathy,Cornie Hulson,Monthly,277-347-8903,peanuts,144
246,Mariellen,Muehle,mmuehle6t@ucoz.com,377-778-6856,15,63,Female,Ms,Single,07236 Talmadge Point,Baltimore,Florida,Coastal Breeze Hospital,1400 PELHAM PKWY S,East,11/5/2024,medication,Mariellen Muehle,Seldom,178-251-9981,eggs,129
247,Babara,Aires,baires6u@rakuten.co.jp,232-442-3746,74,121,Female,Ms,Single,1 Reinke Pass,Baltimore,Georgia,Oceanview General Hospital,PO BOX 743070,East,8/6/2025,medication,Babara Aires,Never,240-109-9732,penicillin,17
248,Ram,MacCaghan,rmaccaghan6v@baidu.com,679-868-7363,40,114,Male,Mr,Single,9142 Nobel Way,Charlotte,Massachusetts,Pacific Coast Hospital,310 BUTTERCUP DR SUITE A,East,5/10/2025,acupuncture,Ram MacCaghan,Once,257-348-2228,penicillin,58
249,Zorine,Riepl,zriepl6w@nasa.gov,521-690-8510,36,96,Female,Mr,Married,68 Waubesa Place,New York City,New Jersey,Sunset Valley Medical Center,PO BOX 858 MCA410,East,3/16/2025,aromatherapy,Zorine Riepl,Never,982-168-7607,dust,65
250,Ignacius,Smithin,ismithin6x@theguardian.com,765-735-5464,145,108,Male,Mr,Single,7 Spenser Park,Atlanta,Maine,Oceanview General Hospital,PO BOX 2400,East,4/25/2025,chiropractic care,Ignacius Smithin,Daily,638-853-0693,latex,137
251,Minny,Garnsworthy,mgarnsworthy6y@cnet.com,910-795-1320,123,5,Female,Mrs,Married,9844 Clemons Drive,New York City,Maine,Sierra Vista Regional Hospital,1700 W VAN BUREN ST SUITE 470,East,5/17/2025,chiropractic care,Minny Garnsworthy,Seldom,746-586-6855,cats,91
252,Meaghan,Harrold,mharrold6z@weibo.com,143-146-6483,116,53,Genderqueer,Mr,Widow,2 Russell Drive,Washington D.C.,New York,Golden Hills Medical Center,"5501 OLD YORK ROAD CORPORATE ACCOUNTING, F & O BUILDING, 2ND FLOOR",East,8/29/2025,herbal remedies,Meaghan Harrold,Weekly,970-204-6532,mold,14
253,Jefferey,Pateman,jpateman70@whitehouse.gov,815-603-2955,78,66,Male,Ms,Single,017 Dixon Parkway,New York City,Massachusetts,Pacific Coast Hospital,995 GREENTREE RD,East,9/23/2025,massage therapy,Jefferey Pateman,Yearly,179-587-4328,dust,42
254,Georg,Rennicks,grennicks71@opera.com,965-888-7533,19,112,Male,Mr,Single,35062 Thierer Street,Raleigh,Massachusetts,Golden Gate Medical Center,10750 N 56TH ST,East,9/11/2025,massage therapy,Georg Rennicks,Monthly,690-613-9249,pollen,5
255,Lenard,Kenningham,lkenningham72@godaddy.com,543-951-7645,134,59,Male,Mrs,Single,90948 Summer Ridge Center,Pittsburgh,Virginia,Sunset Valley Medical Center,7600 RIVER RD,East,12/1/2024,massage therapy,Lenard Kenningham,Once,949-266-7713,cats,41
256,Cherey,Trigwell,ctrigwell73@etsy.com,219-645-5166,143,112,Female,Mr,Widow,696 Veith Terrace,Baltimore,North Carolina,Sunshine Valley Hospital,3105 WESTERN BRANCH BLVD,East,8/16/2025,surgery,Cherey Trigwell,Never,948-179-3110,cats,38
257,Symon,Bignall,sbignall74@webmd.com,255-672-8692,101,133,Male,Miss,Widow,11 Scott Way,Atlanta,Delaware,Sunshine Valley Hospital,11116 MEDICAL CAMPUS RD,East,9/26/2025,hypnotherapy,Symon Bignall,Once,122-651-9401,latex,103
258,Parry,Riden,priden75@infoseek.co.jp,590-401-8450,85,47,Bigender,Mrs,Married,126 Darwin Place,Philadelphia,Pennsylvania,Sierra Vista Regional Hospital,150 E HARMON AVE,East,3/15/2025,herbal remedies,Parry Riden,Often,930-302-2069,eggs,35
259,Toma,Stubbings,tstubbings76@state.tx.us,985-323-3560,108,79,Female,Mrs,Widow,0 Novick Street,New York City,Vermont,Sunshine Valley Hospital,2630 N COLUMBIA CENTER BLVD STE B,East,2/17/2025,acupuncture,Toma Stubbings,Daily,243-496-7369,pollen,64
260,Scott,Baptista,sbaptista77@fastcompany.com,892-744-7073,94,21,Male,Miss,Single,79779 Dapin Trail,Raleigh,Massachusetts,Mountain View Medical Center,1027 HALA DR,East,11/11/2024,homeopathy,Scott Baptista,Often,965-310-6602,shellfish,29
261,Carmelita,Carolan,ccarolan78@vk.com,799-355-4149,49,113,Female,Mrs,Married,3 Brentwood Parkway,Philadelphia,New Jersey,Sunshine Valley Hospital,407 CINCINNATI ST,East,2/20/2025,hypnotherapy,Carmelita Carolan,Daily,223-561-8315,peanuts,15
262,Rania,O' Molan,ro79@hugedomains.com,602-990-8841,31,133,Female,Mr,Widow,830 Warner Road,Philadelphia,Maryland,Sunshine Valley Hospital,2900 CORPORATE WAY MPG DOOR D,East,10/18/2025,aromatherapy,Rania O' Molan,Yearly,549-315-2651,dust,8
263,Josephine,Danzig,jdanzig7a@bloglovin.com,668-497-7381,113,36,Genderqueer,Mr,Widow,68618 Badeau Alley,Pittsburgh,Delaware,Sunshine Valley Hospital,400 HICKORY ST NW SUITE 302,East,4/11/2025,hypnotherapy,Josephine Danzig,Seldom,610-557-9067,cats,11
264,Marlo,Matousek,mmatousek7b@google.co.uk,330-562-7015,47,15,Male,Mrs,Married,77788 Forest Run Road,Washington D.C.,Pennsylvania,Golden Gate Medical Center,1013 S WELLS ST,East,1/23/2025,physical therapy,Marlo Matousek,Often,357-365-1565,penicillin,141
265,Zorana,Waghorn,zwaghorn7c@is.gd,171-398-2527,4,83,Female,Miss,Widow,6 Lien Circle,Philadelphia,Virginia,Coastal Breeze Hospital,8200 SW 117TH AVE STE 112,East,1/27/2025,medication,Zorana Waghorn,Often,665-966-2547,shellfish,111
266,Jase,Grahame,jgrahame7d@ycombinator.com,203-169-8668,32,87,Male,Mr,Married,14408 Granby Way,Philadelphia,Pennsylvania,Pacific Coast Hospital,CHILDREN'S HOME CARE GROUP ONE PERKINS SQUARE,East,5/10/2025,massage therapy,Jase Grahame,Often,683-346-3673,dust,84
267,Arnoldo,Breton,abreton7e@studiopress.com,299-654-3706,75,57,Agender,Mrs,Single,0 Vidon Crossing,New York City,North Carolina,Sunset Valley Medical Center,2333 MCCALLIE AVE,East,10/9/2025,surgery,Arnoldo Breton,Seldom,614-184-2816,grass,55
268,Sheree,Furze,sfurze7f@biblegateway.com,694-185-0983,127,23,Female,Mrs,Widow,102 Meadow Ridge Center,Pittsburgh,South Carolina,Sunshine Valley Hospital,210 BARONNE ST APT 716,East,9/8/2025,massage therapy,Sheree Furze,Once,447-716-3357,latex,15
269,Ignacio,O'Fairy,iofairy7g@tumblr.com,736-194-6360,114,111,Male,Ms,Single,988 Daystar Trail,Pittsburgh,Rhode Island,Golden Hills Medical Center,PO BOX 4120,East,4/23/2025,massage therapy,Ignacio O'Fairy,Monthly,691-983-8978,penicillin,119
270,Cris,Mochan,cmochan7h@slideshare.net,588-713-9719,31,128,Male,Miss,Married,2117 Nelson Terrace,Charlotte,Pennsylvania,Mountain View Medical Center,1700 NW 49TH ST STE 125,East,3/1/2025,herbal remedies,Cris Mochan,Daily,293-434-4764,pollen,9
271,Nobie,Cordet,ncordet7i@4shared.com,778-163-9714,150,54,Male,Miss,Married,09 Hintze Alley,Philadelphia,Georgia,Pacific Coast Hospital,405 COMMERCIAL ST,East,3/9/2025,acupuncture,Nobie Cordet,Often,736-373-0035,eggs,89
272,Saundra,Chooter,schooter7j@cdc.gov,958-200-9755,1,124,Male,Ms,Single,1193 Anderson Junction,Baltimore,Georgia,Coastal Breeze Hospital,1640 FORT STREET SUITE D ATTN DENIS,East,7/3/2025,hypnotherapy,Saundra Chooter,Daily,995-735-7516,penicillin,60
273,Antonin,Lafont,alafont7k@cam.ac.uk,285-764-6255,57,129,Male,Ms,Married,5374 Barnett Court,Baltimore,New York,Westside Community Hospital,1661 BEACON ST.,East,6/29/2025,physical therapy,Antonin Lafont,Weekly,926-965-6253,shellfish,7
274,Sal,Gergler,sgergler7l@ning.com,803-414-5818,87,115,Male,Miss,Single,01 Maple Wood Circle,Washington D.C.,New Hampshire,Sierra Vista Regional Hospital,50 LEROY ST,East,9/21/2025,herbal remedies,Sal Gergler,Daily,243-443-0657,eggs,62
275,Bernardina,Old,bold7m@dyndns.org,768-782-2875,98,40,Female,Miss,Widow,85 Orin Alley,Philadelphia,Maryland,Pacific Coast Hospital,701 10TH ST SE,East,9/23/2025,homeopathy,Bernardina Old,Yearly,468-593-5980,dust,65
276,Albie,Bawdon,abawdon7n@constantcontact.com,451-952-1500,56,73,Male,Ms,Married,5 Fremont Lane,Atlanta,Virginia,Mountain View Medical Center,861 SW 78TH AVE 200B,East,4/8/2025,hypnotherapy,Albie Bawdon,Monthly,862-269-0203,peanuts,72
277,Geri,Crosby,gcrosby7o@simplemachines.org,615-419-1034,38,49,Male,Miss,Married,5 Judy Way,Pittsburgh,Florida,Coastal Breeze Hospital,2315 E 93RD ST,East,10/26/2024,surgery,Geri Crosby,Seldom,800-752-1266,shellfish,82
278,Berne,Gouinlock,bgouinlock7p@columbia.edu,816-333-9532,15,143,Male,Miss,Widow,0310 Commercial Circle,Philadelphia,Pennsylvania,Sierra Vista Regional Hospital,305 N MCKINNEY ST,East,7/5/2025,physical therapy,Berne Gouinlock,Seldom,619-479-8444,grass,85
279,Rollins,Tottie,rtottie7q@ovh.net,628-188-2838,31,117,Male,Ms,Single,45 Northfield Street,Miami,Delaware,Pacific Coast Hospital,500 GROVE ST SUITE 100,East,3/12/2025,herbal remedies,Rollins Tottie,Weekly,496-647-8680,grass,79
280,Hirsch,Gilchriest,hgilchriest7r@i2i.jp,141-535-8930,125,22,Non-binary,Mrs,Single,4 Lakeland Lane,Atlanta,Virginia,Oceanview General Hospital,10628 PARK RD,East,8/15/2025,acupuncture,Hirsch Gilchriest,Weekly,527-939-6369,grass,44
281,Nelli,Chominski,nchominski7s@google.com.br,159-341-2661,47,77,Female,Miss,Married,199 Lerdahl Street,Philadelphia,Florida,Sierra Vista Regional Hospital,PO BOX 860013,East,4/26/2025,surgery,Nelli Chominski,Seldom,185-712-5781,latex,35
282,Tucker,Fisby,tfisby7t@admin.ch,788-705-7933,75,88,Male,Miss,Single,6024 Forest Dale Pass,Washington D.C.,New York,Golden Gate Medical Center,2001 N JEFFERSON AVE,East,2/22/2025,surgery,Tucker Fisby,Often,187-351-7331,cats,82
283,Herby,Dashkovich,hdashkovich7u@vistaprint.com,944-322-1916,126,12,Male,Mrs,Widow,144 Toban Point,Washington D.C.,New York,Coastal Breeze Hospital,711 N TAYLOR ST,East,7/1/2025,chiropractic care,Herby Dashkovich,Seldom,336-427-2998,eggs,124
284,Bianka,Pilcher,bpilcher7v@nature.com,970-836-4155,51,138,Female,Ms,Widow,657 Washington Way,Washington D.C.,Massachusetts,Golden Hills Medical Center,251 E HURON ST GALTER 3-150,East,3/1/2025,physical therapy,Bianka Pilcher,Often,833-344-9822,latex,113
285,Collete,Silverson,csilverson7w@hud.gov,488-473-4138,147,85,Female,Ms,Widow,9142 Buell Parkway,Boston,North Carolina,Coastal Breeze Hospital,10314 STERLING SILVER ST,East,9/30/2025,aromatherapy,Collete Silverson,Daily,212-123-5584,cats,66
286,Leena,Worshall,lworshall7x@fotki.com,951-868-2845,149,91,Genderqueer,Ms,Single,135 Nelson Alley,Raleigh,New Jersey,Golden Gate Medical Center,720 E FLETCHER AVE SUITE 110,East,12/16/2024,massage therapy,Leena Worshall,Once,303-568-8968,pollen,47
287,Perkin,Baxendale,pbaxendale7y@ezinearticles.com,875-554-0063,51,109,Male,Ms,Single,08 Bartelt Crossing,Philadelphia,Georgia,Pacific Coast Hospital,520 MEDICAL DR,East,2/21/2025,herbal remedies,Perkin Baxendale,Monthly,516-596-9903,grass,80
288,Timmie,Pothergill,tpothergill7z@accuweather.com,165-730-4108,99,55,Genderfluid,Ms,Single,080 Garrison Way,Raleigh,Massachusetts,Sierra Vista Regional Hospital,319 E. JOSEPHINE AVE,East,8/13/2025,massage therapy,Timmie Pothergill,Monthly,694-163-1356,penicillin,115
289,Joseph,Combes,jcombes80@miibeian.gov.cn,633-823-2816,91,145,Male,Mr,Widow,19 Logan Crossing,Atlanta,Massachusetts,Oceanview General Hospital,6904 W LINEBAUGH AVE,East,1/4/2025,acupuncture,Joseph Combes,Weekly,590-307-1063,latex,35
290,Gerry,Foottit,gfoottit81@ezinearticles.com,407-519-6034,111,141,Male,Mr,Married,0 Cody Plaza,Atlanta,Maryland,Oceanview General Hospital,PO BOX 1105,East,6/15/2025,massage therapy,Gerry Foottit,Weekly,547-292-8935,pollen,81
291,Hogan,Haselgrove,hhaselgrove82@furl.net,828-153-3974,84,17,Male,Miss,Widow,75 Bashford Plaza,Raleigh,Connecticut,Sunset Valley Medical Center,855 OLD NC 211 HWY,East,8/13/2025,hypnotherapy,Hogan Haselgrove,Monthly,937-818-0438,grass,42
292,Anastassia,Madner,amadner83@shutterfly.com,721-475-0944,141,122,Female,Mrs,Widow,16 Brickson Park Avenue,Atlanta,Massachusetts,Golden Hills Medical Center,2408 E 81ST ST STE 900,East,5/5/2025,physical therapy,Anastassia Madner,Once,723-843-1702,penicillin,25
293,Neilla,Davoren,ndavoren84@phoca.cz,121-832-6150,34,87,Female,Miss,Single,28 Jackson Terrace,Atlanta,Connecticut,Sierra Vista Regional Hospital,3524 5TH AVE,East,6/1/2025,chiropractic care,Neilla Davoren,Daily,450-544-9201,grass,141
294,Rebbecca,Boeter,rboeter85@amazon.co.uk,236-165-8797,112,144,Female,Ms,Single,31 Golf Course Park,Miami,Pennsylvania,Golden Hills Medical Center,3922 CEDAR RUN RD,East,11/2/2024,acupuncture,Rebbecca Boeter,Never,625-971-9861,eggs,98
295,Elijah,Tosdevin,etosdevin86@ucla.edu,981-888-1503,86,98,Male,Mr,Married,8 Badeau Pass,Miami,North Carolina,Coastal Breeze Hospital,1211 EVERGREEN RD,East,6/11/2025,physical therapy,Elijah Tosdevin,Yearly,363-187-2319,dust,24
296,Adelheid,Strelitzer,astrelitzer87@shareasale.com,828-726-9079,120,71,Female,Mrs,Single,605 Menomonie Avenue,Raleigh,Connecticut,Pacific Coast Hospital,3101 W ELM ST STE 300,East,5/1/2025,surgery,Adelheid Strelitzer,Once,179-294-2631,eggs,105
297,Leonid,Anderl,landerl88@google.ca,876-536-3287,76,150,Male,Ms,Widow,513 Annamark Trail,Pittsburgh,North Carolina,Westside Community Hospital,5313 BELLAIRE BLVD,East,8/7/2025,surgery,Leonid Anderl,Often,530-224-6469,penicillin,34
298,Hiram,Brader,hbrader89@photobucket.com,229-315-4717,19,69,Male,Mr,Single,1 Thackeray Center,Philadelphia,Maryland,Sunshine Valley Hospital,4250 HOSPITAL DR,East,10/17/2025,chiropractic care,Hiram Brader,Seldom,900-111-2861,shellfish,108
299,Stephani,Ingliby,singliby8a@twitter.com,704-676-6096,82,18,Female,Mr,Married,9 Kingsford Drive,Atlanta,New York,Golden Gate Medical Center,303 N JACKSON ST,East,12/27/2024,chiropractic care,Stephani Ingliby,Yearly,500-428-9901,peanuts,8
300,Bordie,Nolin,bnolin8b@youku.com,300-173-4452,102,94,Male,Ms,Single,917 Trailsway Park,Baltimore,Maryland,Mountain View Medical Center,"VIOLET STREET #66 , CIUDAD JARDIN, #66",East,8/15/2025,hypnotherapy,Bordie Nolin,Daily,389-414-2507,penicillin,75
301,Ike,Benoiton,ibenoiton8c@prlog.org,397-969-7210,61,101,Male,Miss,Single,5123 Green Ridge Parkway,Philadelphia,Maine,Sierra Vista Regional Hospital,1573 MALLORY LN,East,2/1/2025,medication,Ike Benoiton,Weekly,626-144-4146,dust,16
302,Vidovic,Jiras,vjiras8d@symantec.com,402-249-4524,101,89,Bigender,Miss,Widow,7 Lotheville Avenue,Atlanta,Pennsylvania,Mountain View Medical Center,1700 COGDELL BLVD,East,2/2/2025,physical therapy,Vidovic Jiras,Weekly,570-896-4287,grass,137
303,Aguie,Roberto,aroberto8e@woothemes.com,695-692-3255,73,39,Bigender,Miss,Single,96 Cascade Drive,Philadelphia,Delaware,Mountain View Medical Center,4651 SHERIDAN ST SUITE 150,East,5/28/2025,hypnotherapy,Aguie Roberto,Often,800-180-3464,mold,53
304,Bernardo,Frend,bfrend8f@hexun.com,390-522-2017,67,115,Male,Mr,Widow,2393 Bowman Avenue,New York City,Massachusetts,Westside Community Hospital,300 W HOSPITAL RD,East,2/19/2025,homeopathy,Bernardo Frend,Often,163-988-6286,shellfish,7
305,Marta,Sends,msends8g@hexun.com,608-883-9900,139,132,Agender,Ms,Single,01 Daystar Circle,Atlanta,Maine,Pacific Coast Hospital,777 LOWNDES HILL RD BLDG 1,East,7/24/2025,physical therapy,Marta Sends,Often,241-859-4910,latex,45
306,Muffin,Gwillim,mgwillim8h@walmart.com,681-718-4623,120,134,Female,Mr,Married,56960 Bobwhite Way,Miami,New Hampshire,Pacific Coast Hospital,16890 GREEN TREE BLVD,East,6/23/2025,chiropractic care,Muffin Gwillim,Yearly,109-749-5990,peanuts,19
307,Jobie,Van Arsdall,jvan8i@geocities.com,831-964-1481,108,78,Female,Miss,Widow,0649 Green Ridge Terrace,Philadelphia,New Jersey,Oceanview General Hospital,2450 STANLEY RD STE 208,East,4/19/2025,hypnotherapy,Jobie Van Arsdall,Yearly,617-297-7165,penicillin,32
308,Roseanne,Eastam,reastam8j@wunderground.com,434-790-7096,142,143,Female,Miss,Single,34 Becker Street,Atlanta,New York,Golden Gate Medical Center,4485 STIRLING RD,East,8/3/2025,herbal remedies,Roseanne Eastam,Often,193-364-9420,shellfish,132
309,Merralee,Beagen,mbeagen8k@netscape.com,743-828-0859,30,16,Female,Ms,Widow,5 Loeprich Hill,Boston,New York,Sierra Vista Regional Hospital,721 E COURT ST,East,3/14/2025,massage therapy,Merralee Beagen,Yearly,824-857-0273,latex,59
310,Anya,Filippyev,afilippyev8l@cbslocal.com,183-206-1272,145,39,Female,Mr,Single,10 Lawn Center,Atlanta,Maryland,Sunset Valley Medical Center,DODDS-K SAHS UNIT 15549 BOX 59,East,4/12/2025,massage therapy,Anya Filippyev,Weekly,557-352-1701,peanuts,142
311,Phaidra,Foxwell,pfoxwell8m@who.int,441-509-8267,20,124,Bigender,Miss,Widow,78 Delladonna Court,Philadelphia,North Carolina,Pacific Coast Hospital,PO BOX 3123,East,11/29/2024,homeopathy,Phaidra Foxwell,Monthly,249-367-4434,mold,98
312,Cathy,Tartt,ctartt8n@ycombinator.com,171-658-5828,7,98,Female,Miss,Married,71660 Pleasure Parkway,Washington D.C.,Massachusetts,Westside Community Hospital,12332 HESPERIA RD STE A,East,8/21/2025,physical therapy,Cathy Tartt,Daily,190-355-2380,dust,92
313,Kerr,Balderston,kbalderston8o@discuz.net,779-505-9744,134,17,Male,Mrs,Widow,706 Buena Vista Alley,New York City,Delaware,Sunshine Valley Hospital,1700 NW 49TH ST STE 125,East,5/18/2025,acupuncture,Kerr Balderston,Daily,991-429-8819,eggs,106
314,Justino,Letson,jletson8p@liveinternet.ru,292-537-9954,110,36,Male,Mrs,Widow,87 Nancy Pass,Philadelphia,Vermont,Sunset Valley Medical Center,PO BOX 8659,East,12/8/2024,chiropractic care,Justino Letson,Seldom,990-296-1029,shellfish,13
315,Arri,Lackmann,alackmann8q@utexas.edu,450-466-4116,61,33,Male,Mr,Widow,1916 Rutledge Drive,New York City,New Hampshire,Oceanview General Hospital,22101 MOROSS RD,East,12/1/2024,surgery,Arri Lackmann,Weekly,430-266-1910,peanuts,112
316,Paul,Novotna,pnovotna8r@webs.com,670-960-9390,79,58,Male,Mrs,Widow,11 Del Mar Center,Baltimore,Maryland,Golden Gate Medical Center,3100 ASHLEY TOWN CENTER DR 447,East,6/26/2025,acupuncture,Paul Novotna,Weekly,557-982-5023,grass,117
317,Teresa,Aleksashin,taleksashin8s@pcworld.com,121-480-1240,121,8,Female,Mr,Married,115 Hoepker Road,Boston,South Carolina,Westside Community Hospital,222 W 39TH AVE,East,10/10/2025,physical therapy,Teresa Aleksashin,Once,798-723-9353,cats,27
318,Wilden,Swatton,wswatton8t@home.pl,734-503-6385,113,78,Agender,Mr,Widow,4 Lunder Pass,Boston,Delaware,Westside Community Hospital,218 N I ST,East,8/26/2025,chiropractic care,Wilden Swatton,Monthly,154-837-7328,mold,24
319,Fredrika,Gianneschi,fgianneschi8u@multiply.com,160-509-3309,39,22,Female,Ms,Single,662 Melvin Trail,Charlotte,North Carolina,Golden Hills Medical Center,209 N CUTHBERT ST,East,5/21/2025,homeopathy,Fredrika Gianneschi,Yearly,262-826-5716,cats,27
320,Tallie,Enders,tenders8v@vinaora.com,977-904-4197,33,94,Male,Ms,Widow,37167 Oriole Alley,New York City,Virginia,Golden Gate Medical Center,255 LAFAYETTE AVE,East,2/22/2025,herbal remedies,Tallie Enders,Once,744-156-2731,penicillin,70
321,Krisha,Macklam,kmacklam8w@etsy.com,251-876-8362,87,129,Male,Mr,Married,6 Sugar Lane,New York City,Delaware,Westside Community Hospital,1155 MILL ST # MSM14,East,4/24/2025,herbal remedies,Krisha Macklam,Often,419-498-9482,peanuts,79
322,Tamar,Beretta,tberetta8x@posterous.com,899-596-3031,37,143,Female,Miss,Widow,1349 Truax Way,Miami,New York,Coastal Breeze Hospital,3072 W 12TH AVE,East,2/18/2025,hypnotherapy,Tamar Beretta,Weekly,570-248-8052,latex,141
323,Rosetta,Palleske,rpalleske8y@google.com,180-164-5655,104,90,Female,Mr,Single,1 Trailsway Junction,Philadelphia,Maryland,Mountain View Medical Center,510 N GUADALUPE ST SUITE C1,East,3/3/2025,aromatherapy,Rosetta Palleske,Weekly,634-480-1201,shellfish,58
324,Tripp,Ravenshear,travenshear8z@alexa.com,919-747-1850,27,87,Male,Ms,Married,41 8th Lane,New York City,South Carolina,Mountain View Medical Center,"600 GRANT STREET, US STEEL TOWER, 59TH FLOOR C/O RENEE JOHNSON",East,6/6/2025,chiropractic care,Tripp Ravenshear,Once,931-918-9349,pollen,113
325,Moselle,Cowdery,mcowdery90@dailymail.co.uk,602-669-7048,121,39,Female,Ms,Widow,46674 Anderson Park,Baltimore,Connecticut,Pacific Coast Hospital,2001 WINWARD WAY STE 101,East,4/9/2025,massage therapy,Moselle Cowdery,Never,756-963-5433,cats,94
326,Cairistiona,Letch,cletch91@acquirethisname.com,353-911-7220,150,145,Female,Ms,Single,203 Bashford Crossing,Pittsburgh,New York,Golden Hills Medical Center,PO BOX 21435,East,2/27/2025,aromatherapy,Cairistiona Letch,Monthly,837-226-2906,penicillin,125
327,Brnaby,Edlestone,bedlestone92@drupal.org,379-138-2743,137,120,Male,Mrs,Married,4349 Nova Alley,Miami,Vermont,Sunshine Valley Hospital,4032 WILSHIRE BLVD FL6,East,4/22/2025,homeopathy,Brnaby Edlestone,Never,868-345-3494,peanuts,123
328,Eugenius,Rochewell,erochewell93@netvibes.com,259-181-7305,29,82,Male,Miss,Single,484 Mccormick Avenue,Philadelphia,Delaware,Mountain View Medical Center,10084 REISTERSTOWN RD SUITE 300A,East,11/23/2024,medication,Eugenius Rochewell,Once,202-783-6856,penicillin,145
329,Bruis,Balshaw,bbalshaw94@fotki.com,622-506-2502,108,103,Male,Ms,Single,08 Union Way,Washington D.C.,Rhode Island,Oceanview General Hospital,185 CARRIAGE LN,East,11/23/2024,massage therapy,Bruis Balshaw,Weekly,481-301-6487,eggs,21
330,Nate,Geraldo,ngeraldo95@vk.com,123-360-1415,70,95,Male,Mrs,Married,26 Bartillon Parkway,Raleigh,Connecticut,Golden Hills Medical Center,2000 HEALTH PARK DR,East,5/22/2025,homeopathy,Nate Geraldo,Weekly,806-632-4366,mold,36
331,Brena,Wortley,bwortley96@nsw.gov.au,637-587-6929,122,136,Female,Mr,Single,958 Forest Run Trail,Philadelphia,Florida,Golden Gate Medical Center,972 BRUSH HOLLOW RD FL 5,East,10/31/2024,acupuncture,Brena Wortley,Yearly,611-329-0649,latex,25
332,Mariska,Ralphs,mralphs97@cnbc.com,238-386-7838,130,82,Polygender,Ms,Widow,85372 Haas Way,Baltimore,Georgia,Coastal Breeze Hospital,19503 NW 57TH AVE SUITE A,East,8/29/2025,aromatherapy,Mariska Ralphs,Daily,898-848-2618,mold,137
333,Melodie,Martine,mmartine98@diigo.com,257-484-2151,55,33,Female,Mrs,Widow,84148 Texas Street,Boston,Florida,Westside Community Hospital,3401 NW 7TH ST,East,12/26/2024,acupuncture,Melodie Martine,Weekly,653-402-6417,peanuts,24
334,Waylen,Wagerfield,wwagerfield99@wired.com,858-894-7094,102,14,Male,Mrs,Single,306 Walton Trail,Philadelphia,Virginia,Oceanview General Hospital,PO BOX 604267,East,12/18/2024,massage therapy,Waylen Wagerfield,Weekly,894-479-0186,grass,105
335,Hamid,Domoney,hdomoney9a@t.co,198-273-5208,140,109,Male,Mrs,Widow,9173 Troy Trail,New York City,Virginia,Sunset Valley Medical Center,5 LAKEVIEW DR,East,10/17/2025,surgery,Hamid Domoney,Often,388-661-0150,peanuts,139
336,Logan,Stubbington,lstubbington9b@epa.gov,203-363-8146,134,83,Male,Ms,Single,15422 Nelson Trail,Atlanta,Maryland,Sierra Vista Regional Hospital,100 WILSON RD SUITE 100,East,4/13/2025,massage therapy,Logan Stubbington,Once,648-727-5602,pollen,128
337,Petronella,Gerding,pgerding9c@smugmug.com,179-619-6086,135,15,Female,Mrs,Widow,1 Springs Park,Atlanta,Pennsylvania,Oceanview General Hospital,4133 MEDICAL CENTER DR PO BOX 127,East,12/24/2024,homeopathy,Petronella Gerding,Once,670-589-5341,mold,78
338,Hermione,Healey,hhealey9d@sphinn.com,239-910-6918,21,66,Female,Mrs,Married,0 4th Pass,Baltimore,Rhode Island,Coastal Breeze Hospital,1 JARRETT WHITE RD,East,4/14/2025,hypnotherapy,Hermione Healey,Daily,342-897-0323,pollen,13
339,Kayley,Cornthwaite,kcornthwaite9e@wufoo.com,136-694-0265,3,109,Female,Mr,Single,2177 Anzinger Crossing,Baltimore,Pennsylvania,Sunset Valley Medical Center,1700 COGDELL BLVD,East,11/16/2024,aromatherapy,Kayley Cornthwaite,Once,845-803-0844,latex,15
340,Kristofor,Martill,kmartill9f@loc.gov,345-586-5052,21,54,Male,Miss,Widow,693 Everett Place,New York City,Delaware,Golden Hills Medical Center,1 ELIZABETH PL,East,9/23/2025,chiropractic care,Kristofor Martill,Monthly,697-293-7119,pollen,87
341,Drusilla,Melluish,dmelluish9g@home.pl,559-299-3820,47,134,Female,Mrs,Single,230 Texas Avenue,Pittsburgh,Rhode Island,Oceanview General Hospital,460 ANDES RD,East,3/13/2025,surgery,Drusilla Melluish,Yearly,776-547-3998,peanuts,91
342,Bernardina,Gwilliam,bgwilliam9h@de.vu,625-557-2924,69,50,Female,Miss,Married,54638 Hanover Point,Pittsburgh,Delaware,Coastal Breeze Hospital,4535 DRESSLER RD NW,East,3/30/2025,physical therapy,Bernardina Gwilliam,Once,150-605-1463,penicillin,34
343,Mickey,MacCahey,mmaccahey9i@cbc.ca,876-278-9153,65,40,Male,Ms,Single,273 Pankratz Place,Boston,Vermont,Westside Community Hospital,ONE MEDICAL CENTER BOULEVARD ,East,1/15/2025,herbal remedies,Mickey MacCahey,Daily,179-823-1135,peanuts,113
344,Mel,Coward,mcoward9j@purevolume.com,915-540-9211,68,84,Female,Mrs,Married,8 Jenna Park,Charlotte,Rhode Island,Coastal Breeze Hospital,912 S 16TH ST,East,1/31/2025,surgery,Mel Coward,Once,121-515-8104,penicillin,99
345,Mora,Agron,magron9k@macromedia.com,104-125-2667,28,60,Female,Mrs,Single,85665 Eastlawn Crossing,New York City,Pennsylvania,Sunset Valley Medical Center,460 MALL BLVD STE B,East,10/30/2024,medication,Mora Agron,Seldom,286-463-6465,cats,40
346,Ignacius,Twiname,itwiname9l@paginegialle.it,835-874-8055,83,22,Male,Mrs,Widow,04186 Rutledge Plaza,Boston,Rhode Island,Golden Gate Medical Center,39 MEDICAL DRIVE,East,3/29/2025,massage therapy,Ignacius Twiname,Weekly,453-947-8240,grass,50
347,Bill,Piddington,bpiddington9m@icio.us,205-612-3244,137,118,Male,Ms,Widow,42 Northport Hill,Atlanta,Rhode Island,Pacific Coast Hospital,PO BOX 388,East,9/26/2025,homeopathy,Bill Piddington,Monthly,921-714-1781,penicillin,91
348,Robinson,Drayn,rdrayn9n@europa.eu,140-841-4879,85,51,Male,Miss,Widow,57820 Hoffman Way,Philadelphia,Pennsylvania,Oceanview General Hospital,235 N PEARL ST,East,2/11/2025,medication,Robinson Drayn,Daily,513-685-5566,pollen,72
349,Xenia,Tatlowe,xtatlowe9o@webs.com,780-905-2991,134,142,Female,Mrs,Single,092 Melvin Crossing,Raleigh,New York,Mountain View Medical Center,1120 E 34TH ST,East,11/25/2024,surgery,Xenia Tatlowe,Seldom,683-228-9178,shellfish,59
350,Aymer,Beslier,abeslier9p@about.com,369-983-5797,28,107,Male,Miss,Married,27623 Village Center,Atlanta,Connecticut,Pacific Coast Hospital,2820 NE 214TH ST UNIT 8TH,East,1/3/2025,medication,Aymer Beslier,Monthly,344-839-3854,shellfish,123
351,Thurston,Eastlake,teastlake9q@miibeian.gov.cn,449-193-5898,124,120,Male,Ms,Widow,1 Sullivan Center,Boston,Pennsylvania,Sunshine Valley Hospital,4650 W SUNSET BLVD RM 1503,East,2/20/2025,physical therapy,Thurston Eastlake,Yearly,569-633-5552,cats,19
352,Corbett,Bloor,cbloor9r@uiuc.edu,545-398-8073,85,36,Male,Mrs,Single,8 Barby Point,Washington D.C.,Georgia,Golden Gate Medical Center,515 COLLEGE ST,East,8/4/2025,hypnotherapy,Corbett Bloor,Once,857-261-8137,pollen,78
353,Jessie,Haggarty,jhaggarty9s@nbcnews.com,913-855-0483,44,142,Male,Mr,Widow,6444 Melby Drive,Boston,New Jersey,Sunshine Valley Hospital,99 E HARRISON AVE,East,5/13/2025,homeopathy,Jessie Haggarty,Daily,695-652-5670,latex,103
354,Kerrin,Fursland,kfursland9t@multiply.com,121-635-9607,14,58,Female,Ms,Married,4406 Farmco Drive,Philadelphia,Vermont,Westside Community Hospital,KNIGHTS ROAD AND RED LION ROAD ,East,11/27/2024,massage therapy,Kerrin Fursland,Monthly,103-424-2350,pollen,34
355,Nil,Broodes,nbroodes9u@hostgator.com,734-834-3355,61,124,Genderfluid,Mrs,Widow,3 Doe Crossing Hill,Raleigh,New Jersey,Pacific Coast Hospital,3400 SPRUCE ST PHARMACY GROUND RHOADS,East,12/17/2024,homeopathy,Nil Broodes,Daily,125-189-9596,shellfish,137
356,Beckie,Newnham,bnewnham9v@mlb.com,646-609-2225,33,58,Female,Miss,Widow,961 Forest Road,Raleigh,Massachusetts,Pacific Coast Hospital,785 5TH AVE STE 3,East,3/22/2025,homeopathy,Beckie Newnham,Seldom,442-918-3772,peanuts,137
357,Odille,Rayne,orayne9w@icq.com,931-811-1719,109,135,Female,Mrs,Single,29 Moulton Point,Boston,New Hampshire,Coastal Breeze Hospital,330 SEVEN SPRINGS WAY,East,8/5/2025,surgery,Odille Rayne,Yearly,407-910-9386,eggs,43
358,Zilvia,Elland,zelland9x@joomla.org,798-597-0108,121,18,Female,Miss,Single,748 Lyons Street,New York City,Massachusetts,Sierra Vista Regional Hospital,PO BOX 277723,East,3/23/2025,herbal remedies,Zilvia Elland,Yearly,282-839-1934,grass,108
359,Maurits,Millsap,mmillsap9y@squarespace.com,189-984-7683,79,100,Male,Miss,Married,9 Mallory Court,Philadelphia,Maine,Coastal Breeze Hospital,175 W 49TH ST,East,4/26/2025,medication,Maurits Millsap,Daily,434-659-0617,mold,139
360,Olimpia,Groarty,ogroarty9z@amazon.com,492-985-0945,130,148,Female,Mrs,Widow,3088 Elmside Lane,Boston,Virginia,Golden Gate Medical Center,PO BOX 959794,East,6/12/2025,chiropractic care,Olimpia Groarty,Monthly,185-684-9681,mold,7
361,Cahra,Atyea,catyeaa0@chronoengine.com,147-641-1616,68,65,Female,Miss,Married,5496 Debra Hill,Boston,Massachusetts,Mountain View Medical Center,PO BOX 9000,East,5/12/2025,aromatherapy,Cahra Atyea,Never,747-757-0224,grass,99
362,Cullan,Livermore,clivermorea1@engadget.com,678-712-2133,118,104,Non-binary,Mrs,Single,7371 Shoshone Street,Baltimore,South Carolina,Pacific Coast Hospital,124 SW ADAMS ST,East,4/25/2025,chiropractic care,Cullan Livermore,Never,807-178-3669,mold,102
363,Madelle,Tomkiss,mtomkissa2@irs.gov,900-977-8994,132,136,Female,Mrs,Widow,03 Ramsey Terrace,New York City,Virginia,Sunshine Valley Hospital,700 SUNSET DR STE G,East,1/26/2025,surgery,Madelle Tomkiss,Weekly,585-633-7264,dust,141
364,Danice,Sam,dsama3@illinois.edu,741-720-8912,143,10,Female,Mrs,Married,37 Clemons Park,Charlotte,New Jersey,Westside Community Hospital,650 JOEL DR ATTN UBO,East,3/10/2025,aromatherapy,Danice Sam,Daily,689-899-5460,grass,30
365,Persis,Whewill,pwhewilla4@fema.gov,942-417-2649,75,131,Female,Mrs,Single,0 Barby Road,Boston,South Carolina,Sunshine Valley Hospital,5000 W NATIONAL AVE,East,4/24/2025,aromatherapy,Persis Whewill,Yearly,533-551-9630,pollen,13
366,Raquela,Sandiford,rsandiforda5@com.com,776-768-1977,29,42,Female,Mr,Single,928 Mayfield Avenue,Raleigh,Rhode Island,Westside Community Hospital,PO BOX 955772,East,7/9/2025,massage therapy,Raquela Sandiford,Seldom,925-540-1517,cats,64
367,Milzie,Pawlowicz,mpawlowicza6@com.com,871-996-0450,26,1,Female,Ms,Widow,8 Merry Trail,Pittsburgh,Pennsylvania,Coastal Breeze Hospital,PO BOX 13149,East,11/21/2024,medication,Milzie Pawlowicz,Monthly,496-972-0459,peanuts,146
368,Mikey,Hackwell,mhackwella7@mysql.com,823-215-7114,113,147,Male,Miss,Married,74 Bunting Pass,Philadelphia,Florida,Sunshine Valley Hospital,1421 S CATON AVE SUITE 203,East,8/5/2025,hypnotherapy,Mikey Hackwell,Weekly,732-856-4702,eggs,19
369,Tersina,MacCallum,tmaccalluma8@oaic.gov.au,200-439-4878,45,147,Female,Mr,Widow,33 Nova Pass,Atlanta,North Carolina,Golden Hills Medical Center,1204 MAPLE ST,East,3/22/2025,aromatherapy,Tersina MacCallum,Often,577-148-9382,cats,45
370,Rutter,Creedland,rcreedlanda9@issuu.com,590-541-8684,16,22,Male,Ms,Single,4810 Kipling Place,Washington D.C.,Virginia,Oceanview General Hospital,PO BOX 6397,East,7/23/2025,massage therapy,Rutter Creedland,Yearly,546-983-3483,cats,22
371,Michal,Rhubottom,mrhubottomaa@angelfire.com,180-666-0748,140,111,Female,Mr,Widow,7 Dakota Place,Miami,Pennsylvania,Pacific Coast Hospital,1416 W 6TH ST,East,11/30/2024,surgery,Michal Rhubottom,Never,762-877-0009,dust,106
372,Rozele,Casaletto,rcasalettoab@privacy.gov.au,719-520-0655,58,132,Non-binary,Ms,Widow,59 Basil Trail,Philadelphia,New York,Oceanview General Hospital,1701 MCDOWELL RD,East,12/10/2024,chiropractic care,Rozele Casaletto,Weekly,295-904-2036,eggs,48
373,Aurie,Toten,atotenac@elpais.com,715-149-6005,28,40,Female,Ms,Widow,0 Westport Point,Pittsburgh,Massachusetts,Westside Community Hospital,508 W 5TH ST,East,9/15/2025,hypnotherapy,Aurie Toten,Daily,648-369-7813,grass,10
374,Koralle,Abbyss,kabbyssad@discuz.net,144-738-9281,110,16,Female,Mrs,Single,10097 Sage Lane,Washington D.C.,Connecticut,Mountain View Medical Center,323 S 18TH AVE,East,2/9/2025,medication,Koralle Abbyss,Yearly,233-943-7692,dust,136
375,Derry,Guy,dguyae@google.cn,995-307-3447,139,90,Male,Ms,Widow,8402 Moulton Way,Raleigh,Maryland,Westside Community Hospital,133 ELMWOOD AVE,East,7/9/2025,massage therapy,Derry Guy,Once,226-326-0242,latex,14
376,Gan,Mahoney,gmahoneyaf@wired.com,140-756-6267,135,118,Male,Ms,Married,967 Banding Park,New York City,Delaware,Mountain View Medical Center,PO BOX 488,East,9/24/2025,herbal remedies,Gan Mahoney,Yearly,204-163-8668,grass,67
377,Dennie,Redsull,dredsullag@mozilla.com,781-501-1881,4,23,Male,Ms,Married,4425 Sloan Way,Pittsburgh,Virginia,Westside Community Hospital,400 MAPLE SUMMIT RD,East,7/30/2025,acupuncture,Dennie Redsull,Often,522-817-2571,shellfish,103
378,Dewain,Bedenham,dbedenhamah@wiley.com,844-536-1708,68,118,Male,Mrs,Single,08976 Lunder Avenue,Baltimore,North Carolina,Westside Community Hospital,4343 W FLAGLER ST STE 200G,East,1/24/2025,hypnotherapy,Dewain Bedenham,Weekly,809-820-0115,dust,49
379,Nonie,Oswal,noswalai@guardian.co.uk,194-945-9566,101,130,Female,Miss,Single,600 Victoria Crossing,Baltimore,New York,Oceanview General Hospital,PO BOX 67000 DEPT 272801,East,12/31/2024,surgery,Nonie Oswal,Yearly,181-698-2876,latex,78
380,Ardenia,Stendall,astendallaj@hostgator.com,568-136-3664,118,85,Genderfluid,Miss,Widow,505 Luster Terrace,New York City,New Hampshire,Pacific Coast Hospital,800 BIESTERFIELD RD SUITE 605,East,8/6/2025,acupuncture,Ardenia Stendall,Seldom,464-921-6585,mold,33
381,Rafi,McCleverty,rmcclevertyak@hp.com,151-963-6063,56,34,Male,Mr,Single,43345 Cardinal Court,Baltimore,North Carolina,Oceanview General Hospital,1836 LACKLAND HILL PKWY,East,5/30/2025,aromatherapy,Rafi McCleverty,Seldom,490-740-4090,latex,50
382,Barron,Walworth,bwalworthal@ezinearticles.com,871-896-5991,69,119,Male,Ms,Single,10949 4th Center,Atlanta,Florida,Coastal Breeze Hospital,209 W PARK AVE,East,9/15/2025,massage therapy,Barron Walworth,Once,967-206-3841,shellfish,92
383,Jasmina,Minguet,jminguetam@1und1.de,491-747-0078,119,97,Female,Ms,Widow,00217 Lighthouse Bay Circle,Atlanta,Vermont,Sunset Valley Medical Center,1423 CHICAGO RD,East,6/26/2025,massage therapy,Jasmina Minguet,Weekly,879-312-4528,eggs,131
384,Dorie,Gofton,dgoftonan@cornell.edu,904-465-3363,21,5,Male,Mrs,Single,9 Hansons Crossing,Washington D.C.,South Carolina,Golden Hills Medical Center,3326 ASPEN GROVE DR SUITE 260,East,6/20/2025,homeopathy,Dorie Gofton,Seldom,734-926-2790,mold,22
385,Marissa,Odcroft,modcroftao@alexa.com,212-522-0701,41,57,Genderfluid,Mrs,Single,076 Londonderry Street,New York City,Georgia,Sunshine Valley Hospital,2102 W TRENTON RD,East,3/16/2025,medication,Marissa Odcroft,Monthly,464-706-3984,latex,140
386,Jelene,Leat,jleatap@apache.org,295-527-8747,72,126,Female,Mr,Single,1211 Almo Terrace,Boston,Virginia,Sunset Valley Medical Center,1000 W LINCOLN WAY,East,5/15/2025,homeopathy,Jelene Leat,Never,796-407-7855,penicillin,57
387,Nelie,Dundridge,ndundridgeaq@nature.com,330-709-3493,58,98,Non-binary,Ms,Married,1995 Garrison Hill,Baltimore,Rhode Island,Sunshine Valley Hospital,2146 JACKSBORO PIKE SUITE C,East,9/25/2025,homeopathy,Nelie Dundridge,Never,712-260-2601,mold,92
388,Adelaida,Maggiore,amaggiorear@prlog.org,155-643-2004,144,17,Female,Mr,Single,32 Katie Alley,Raleigh,Massachusetts,Oceanview General Hospital,1033 MARTINEZ DR,East,3/21/2025,hypnotherapy,Adelaida Maggiore,Monthly,639-314-7048,pollen,4
389,Antin,Yong,ayongas@auda.org.au,330-681-9339,92,67,Male,Mrs,Widow,63644 Melody Terrace,Miami,Maine,Sunset Valley Medical Center,195 FRANKLIN PLAZA DR,East,3/15/2025,medication,Antin Yong,Daily,942-619-1436,penicillin,91
390,Giustino,Marler,gmarlerat@admin.ch,332-394-3234,138,132,Male,Miss,Married,0 Lakewood Terrace,New York City,Connecticut,Golden Hills Medical Center,4500 PARSONS BLVD,East,6/11/2025,medication,Giustino Marler,Seldom,621-747-7070,dust,27
391,Johnna,Hocking,jhockingau@slashdot.org,527-954-8723,108,110,Female,Mr,Single,4 Ludington Hill,Miami,Rhode Island,Coastal Breeze Hospital,PO BOX 221648,East,1/1/2025,aromatherapy,Johnna Hocking,Weekly,920-772-9685,shellfish,48
392,Brendan,Sancroft,bsancroftav@wikia.com,879-811-7513,34,125,Male,Miss,Widow,4 Mosinee Street,Miami,New York,Coastal Breeze Hospital,4685 FOREST AVE,East,2/12/2025,physical therapy,Brendan Sancroft,Never,623-874-8701,peanuts,104
393,Roberta,Kettlewell,rkettlewellaw@jalbum.net,195-697-7809,1,73,Female,Mr,Single,3 Ridge Oak Way,Washington D.C.,New York,Mountain View Medical Center,527 EAST 9TH ST SUITE 2,East,3/27/2025,surgery,Roberta Kettlewell,Monthly,176-234-0696,mold,125
394,Julianna,Peckham,jpeckhamax@fastcompany.com,374-507-3105,83,37,Female,Mrs,Widow,1976 Meadow Vale Way,Washington D.C.,Pennsylvania,Sierra Vista Regional Hospital,5400 PREAKNESS WAY,East,7/13/2025,aromatherapy,Julianna Peckham,Yearly,394-774-3222,cats,10
395,Franciskus,Beel,fbeelay@g.co,726-424-3713,150,29,Male,Mr,Single,634 Prentice Alley,Raleigh,Pennsylvania,Mountain View Medical Center,3716 FERRARA DR,East,4/25/2025,massage therapy,Franciskus Beel,Never,807-774-8131,mold,2
396,Eberto,Zamboniari,ezamboniariaz@phoca.cz,112-410-5573,63,59,Male,Miss,Single,42 South Center,Baltimore,Connecticut,Westside Community Hospital,301 N MILLER RD,East,4/25/2025,homeopathy,Eberto Zamboniari,Often,201-281-7236,eggs,74
397,Aldrich,Voak,avoakb0@ihg.com,587-207-6570,106,99,Male,Mr,Married,8 Del Mar Way,Boston,South Carolina,Coastal Breeze Hospital,200 E STATE ST,East,8/29/2025,physical therapy,Aldrich Voak,Often,674-125-3285,cats,71
398,Brucie,Leavy,bleavyb1@tamu.edu,196-104-1530,98,122,Male,Mrs,Widow,2744 Ludington Plaza,Charlotte,Maryland,Golden Gate Medical Center,1301 N MONROE DR,East,2/20/2025,chiropractic care,Brucie Leavy,Monthly,933-799-2366,pollen,121
399,Derby,Phillimore,dphillimoreb2@blogspot.com,801-874-7445,61,89,Male,Mrs,Single,212 Nelson Plaza,Pittsburgh,New York,Sierra Vista Regional Hospital,209 FORTY MILE AVE,East,10/3/2025,massage therapy,Derby Phillimore,Seldom,234-172-0020,cats,100
400,Curcio,Frere,cfrereb3@geocities.com,945-288-3520,83,76,Male,Miss,Widow,77 New Castle Parkway,Atlanta,Virginia,Pacific Coast Hospital,880 MORRIS AVE,East,8/8/2025,surgery,Curcio Frere,Often,557-536-3592,mold,60
401,Carolus,Dwire,cdwireb4@newyorker.com,806-513-1149,81,84,Male,Mr,Married,1 Kinsman Plaza,Pittsburgh,Virginia,Oceanview General Hospital,PO BOX 741211,East,7/26/2025,homeopathy,Carolus Dwire,Often,976-326-6579,cats,116
402,Stanleigh,Whale,swhaleb5@apple.com,574-322-0415,48,107,Male,Mrs,Married,76456 Claremont Street,Raleigh,Florida,Oceanview General Hospital,8100 W FLAGLER ST #101-201,East,10/22/2025,massage therapy,Stanleigh Whale,Monthly,792-436-0286,penicillin,19
403,Stafford,Luetchford,sluetchfordb6@moonfruit.com,322-210-7592,142,146,Male,Ms,Widow,768 Ridgeview Place,Boston,Vermont,Oceanview General Hospital,PO BOX 221648,East,1/15/2025,acupuncture,Stafford Luetchford,Monthly,347-674-7328,eggs,121
404,Kimble,Dunrige,kdunrigeb7@drupal.org,282-687-5569,141,13,Male,Mr,Married,12 Knutson Alley,Pittsburgh,Connecticut,Coastal Breeze Hospital,2500 METROHEALTH DR,East,4/18/2025,hypnotherapy,Kimble Dunrige,Often,461-991-0244,eggs,103
405,Derrick,Sandiford,dsandifordb8@home.pl,935-530-1994,54,34,Male,Ms,Single,770 Sherman Court,Boston,North Carolina,Sierra Vista Regional Hospital,12741 SW 42ND ST SUITE 121,East,10/12/2025,physical therapy,Derrick Sandiford,Once,362-891-6202,latex,141
406,Hilarius,Warbys,hwarbysb9@mozilla.com,662-857-1662,131,23,Male,Mr,Widow,56 Messerschmidt Park,Philadelphia,Virginia,Sunshine Valley Hospital,8480 LIMEKILN PIKE PH 3 APT 324,East,6/13/2025,massage therapy,Hilarius Warbys,Daily,177-226-7797,mold,3
407,Brockie,Falkus,bfalkusba@fc2.com,938-206-9871,18,124,Male,Mrs,Single,62 Butterfield Lane,Pittsburgh,North Carolina,Sierra Vista Regional Hospital,602 MICHIGAN AVE,East,2/12/2025,herbal remedies,Brockie Falkus,Daily,106-284-9295,eggs,47
408,Konrad,Bottby,kbottbybb@studiopress.com,312-907-1388,20,96,Polygender,Ms,Widow,13 Sachtjen Junction,Charlotte,Maryland,Pacific Coast Hospital,PO BOX 1389,East,9/7/2025,hypnotherapy,Konrad Bottby,Never,620-951-7880,mold,93
409,Diana,Blatcher,dblatcherbc@webmd.com,224-575-0458,126,123,Female,Mrs,Widow,79 Amoth Circle,Pittsburgh,Florida,Sunshine Valley Hospital,1 SAINT JOSEPH DR,East,1/15/2025,massage therapy,Diana Blatcher,Daily,594-229-7537,penicillin,108
410,Albie,Fison,afisonbd@vinaora.com,871-296-8337,49,129,Male,Mr,Single,423 Cody Parkway,Pittsburgh,Connecticut,Sierra Vista Regional Hospital,67-1125 MAMALAHOA HWY,East,4/15/2025,herbal remedies,Albie Fison,Seldom,211-852-9594,pollen,51
411,Karl,Lingwood,klingwoodbe@about.com,637-455-7879,3,126,Male,Mrs,Married,5257 Barnett Point,Pittsburgh,Massachusetts,Sierra Vista Regional Hospital,9733 HEALTHWAY DR # 41,East,8/21/2025,homeopathy,Karl Lingwood,Weekly,830-428-9820,eggs,24
412,Babs,Malpas,bmalpasbf@4shared.com,213-651-4025,24,144,Female,Mr,Single,96529 Division Terrace,Charlotte,Delaware,Coastal Breeze Hospital,140 E COMMONWEALTH AVE STE 100,East,9/30/2025,surgery,Babs Malpas,Seldom,671-280-3049,peanuts,101
413,Retha,Martinovsky,rmartinovskybg@example.com,314-687-4014,63,142,Female,Ms,Married,43412 Steensland Point,Miami,Virginia,Mountain View Medical Center,1565 LONG POND RD,East,5/31/2025,hypnotherapy,Retha Martinovsky,Never,144-898-1757,latex,150
414,Sawyere,Aston,sastonbh@geocities.com,609-585-1873,61,4,Male,Ms,Widow,9 Hanson Pass,Washington D.C.,Massachusetts,Oceanview General Hospital,83 AMITY ST,East,1/5/2025,surgery,Sawyere Aston,Yearly,126-147-9887,eggs,37
415,Fancie,Morlon,fmorlonbi@blogspot.com,555-656-8244,54,104,Female,Mrs,Married,48051 Grayhawk Pass,Baltimore,Maine,Coastal Breeze Hospital,200 HENRY CLAY AVE,East,1/24/2025,physical therapy,Fancie Morlon,Once,181-122-6159,dust,1
416,Angel,McMonies,amcmoniesbj@imdb.com,298-557-3151,60,5,Female,Mrs,Single,8 Southridge Parkway,Raleigh,New Hampshire,Westside Community Hospital,400 YOUENS DR,East,12/16/2024,massage therapy,Angel McMonies,Weekly,243-219-3876,penicillin,94
417,Darrel,Cheyney,dcheyneybk@t-online.de,925-128-9675,147,84,Male,Ms,Married,1797 Blue Bill Park Pass,Pittsburgh,Maryland,Mountain View Medical Center,1850 W PLEASANT RUN RD,East,7/23/2025,hypnotherapy,Darrel Cheyney,Seldom,961-694-8402,peanuts,140
418,Donny,Shellshear,dshellshearbl@istockphoto.com,786-106-5105,140,119,Female,Mrs,Widow,61 Straubel Circle,Boston,New Hampshire,Sunset Valley Medical Center,250 FAME AVENUE SUITE 230,East,2/6/2025,hypnotherapy,Donny Shellshear,Often,991-761-2502,pollen,123
419,Edd,Dibsdale,edibsdalebm@w3.org,393-475-6561,92,30,Male,Mr,Married,16071 Paget Drive,Miami,Virginia,Sunset Valley Medical Center,1046 RIDGE AVE SW,East,12/23/2024,aromatherapy,Edd Dibsdale,Once,894-703-8351,shellfish,30
420,Linoel,Leatherland,lleatherlandbn@sfgate.com,916-472-8463,46,90,Male,Miss,Single,501 American Ash Parkway,Pittsburgh,New Jersey,Sunshine Valley Hospital,11116 MEDICAL CAMPUS RD,East,4/24/2025,herbal remedies,Linoel Leatherland,Yearly,589-718-7859,shellfish,130
421,Nikki,Bustin,nbustinbo@1688.com,780-186-5660,17,89,Male,Mrs,Single,72 Atwood Pass,Atlanta,Massachusetts,Mountain View Medical Center,451 W LOCKE ST,East,12/1/2024,herbal remedies,Nikki Bustin,Once,867-558-8535,penicillin,80
422,Guinna,Brocklesby,gbrocklesbybp@prlog.org,539-438-9713,111,143,Female,Mrs,Single,149 Lakeland Lane,Boston,Massachusetts,Sunshine Valley Hospital,47 MAGGIES POND RD,East,12/28/2024,aromatherapy,Guinna Brocklesby,Often,940-348-9198,cats,92
423,Kandace,Zoellner,kzoellnerbq@unicef.org,122-236-8890,110,120,Female,Mrs,Widow,7 Morningstar Parkway,Miami,Pennsylvania,Pacific Coast Hospital,1303 HOSPITAL BLVD,East,10/3/2025,homeopathy,Kandace Zoellner,Once,347-176-0107,latex,16
424,Torey,Paulou,tpauloubr@fotki.com,150-303-8127,129,48,Female,Mr,Widow,6775 Linden Place,Miami,Virginia,Sierra Vista Regional Hospital,629 S. PLUMMER AVE. P. O. BOX 426,East,5/20/2025,herbal remedies,Torey Paulou,Weekly,737-993-1062,pollen,68
425,Kellina,Elsegood,kelsegoodbs@netlog.com,247-253-0558,107,14,Female,Ms,Single,826 Anniversary Avenue,Charlotte,Delaware,Coastal Breeze Hospital,10 HOSPITAL DR,East,11/4/2024,physical therapy,Kellina Elsegood,Monthly,817-693-1350,latex,23
426,Glyn,Messier,gmessierbt@qq.com,607-460-1351,42,50,Male,Mr,Single,8 Schlimgen Center,Philadelphia,Vermont,Golden Gate Medical Center,1200 1ST AVE E,East,3/21/2025,chiropractic care,Glyn Messier,Often,357-735-4915,dust,68
427,Alva,Beau,abeaubu@hao123.com,988-294-9098,60,49,Male,Miss,Widow,72 Derek Circle,Miami,Maryland,Mountain View Medical Center,516 E BOUGHTON RD,East,4/18/2025,aromatherapy,Alva Beau,Weekly,401-521-5717,penicillin,76
428,Jeremy,Schoolfield,jschoolfieldbv@chronoengine.com,751-339-7095,24,108,Genderqueer,Ms,Married,44 Florence Court,Raleigh,New York,Oceanview General Hospital,235 N HOOVER ST,East,8/3/2025,surgery,Jeremy Schoolfield,Yearly,759-999-6257,shellfish,134
429,Winslow,Edworthy,wedworthybw@prweb.com,946-482-5509,127,32,Male,Ms,Widow,46 Banding Trail,Miami,Georgia,Sierra Vista Regional Hospital,6233 RELIABLE PKWY,East,2/19/2025,aromatherapy,Winslow Edworthy,Yearly,245-768-6720,peanuts,76
430,Rafaello,Martindale,rmartindalebx@admin.ch,692-494-8661,148,11,Male,Mr,Widow,124 Mitchell Street,Atlanta,Maine,Sunshine Valley Hospital,921 W INTERSTATE AVE,East,8/17/2025,chiropractic care,Rafaello Martindale,Monthly,355-576-0701,pollen,47
431,Kari,Polgreen,kpolgreenby@cloudflare.com,648-131-1114,132,38,Female,Ms,Married,34 Marcy Road,Miami,Maryland,Coastal Breeze Hospital,2804 REMINGTON GREEN CIR STE 2,East,3/10/2025,massage therapy,Kari Polgreen,Often,307-682-6809,penicillin,47
432,Lorianne,Holson,lholsonbz@soundcloud.com,328-567-1660,78,77,Non-binary,Ms,Single,19 Melrose Parkway,Baltimore,Maine,Mountain View Medical Center,P.O. BOX 5-0408,East,2/14/2025,massage therapy,Lorianne Holson,Often,842-801-9557,peanuts,101
433,Melony,Allington,mallingtonc0@senate.gov,446-987-3020,48,128,Female,Mrs,Single,73004 Transport Pass,Charlotte,Virginia,Mountain View Medical Center,2817 REILLY ST MCXC-DBO-UB WAMC STOP A,East,11/6/2024,acupuncture,Melony Allington,Once,951-411-0762,peanuts,89
434,Rene,Cleaves,rcleavesc1@acquirethisname.com,258-316-8480,26,123,Male,Mrs,Single,8 Kensington Road,Boston,Rhode Island,Mountain View Medical Center,106 BLANCA AVE,East,7/11/2025,medication,Rene Cleaves,Once,466-798-3053,grass,77
435,Devonna,Stayt,dstaytc2@independent.co.uk,797-250-4583,14,38,Female,Mr,Single,648 Coolidge Drive,Pittsburgh,Georgia,Mountain View Medical Center,3330 PRESTON RIDGE RD SUITE 300,East,8/7/2025,chiropractic care,Devonna Stayt,Weekly,331-380-2982,latex,84
436,Myles,Walak,mwalakc3@com.com,193-754-4178,95,31,Male,Miss,Widow,4 Luster Lane,New York City,Delaware,Oceanview General Hospital,909 N BROADWAY PBO CREDENTIALING,East,3/8/2025,surgery,Myles Walak,Often,320-869-1323,grass,95
437,Benedict,Campe,bcampec4@surveymonkey.com,987-668-4831,10,55,Male,Miss,Married,5 Clyde Gallagher Junction,Charlotte,New Hampshire,Mountain View Medical Center,3200 BURNET AVE 1 RIDGEWAY,East,8/17/2025,massage therapy,Benedict Campe,Monthly,831-515-5718,grass,141
438,Samaria,Ellit,sellitc5@usda.gov,307-912-9861,143,115,Polygender,Mrs,Widow,3 Jackson Plaza,Washington D.C.,South Carolina,Sunshine Valley Hospital,125 HOSPITAL DR,East,11/29/2024,physical therapy,Samaria Ellit,Weekly,690-864-9869,shellfish,105
439,Marchall,Vasilov,mvasilovc6@amazon.com,817-418-3649,76,1,Male,Mrs,Widow,69 Paget Way,Boston,New Jersey,Sunset Valley Medical Center,PO BOX 504407,East,7/7/2025,homeopathy,Marchall Vasilov,Once,183-442-7407,eggs,87
440,Jethro,Balasini,jbalasinic7@wiley.com,203-413-0874,96,43,Male,Mrs,Married,14783 Sundown Pass,Boston,Connecticut,Sierra Vista Regional Hospital,N74W12501 LEATHERWOOD CT STE 103,East,5/3/2025,aromatherapy,Jethro Balasini,Often,990-371-9632,penicillin,41
441,Carly,Dimmne,cdimmnec8@issuu.com,703-633-2064,94,139,Female,Ms,Widow,7214 Westport Alley,Baltimore,Rhode Island,Oceanview General Hospital,1101 SAM PERRY BLVD STE 219,East,2/9/2025,homeopathy,Carly Dimmne,Daily,113-400-9066,eggs,78
442,Claudio,Sirmon,csirmonc9@elegantthemes.com,123-263-6774,57,83,Male,Ms,Single,204 Canary Plaza,Pittsburgh,North Carolina,Oceanview General Hospital,1120 N MELVIN ST,East,11/7/2024,physical therapy,Claudio Sirmon,Once,855-544-9835,shellfish,117
443,Francisca,Leupoldt,fleupoldtca@patch.com,554-752-2149,62,136,Agender,Mrs,Single,6 Mariners Cove Point,Atlanta,Delaware,Coastal Breeze Hospital,1000 NW 57TH CT STE 400,East,1/19/2025,medication,Francisca Leupoldt,Yearly,787-768-4498,mold,10
444,Orton,Gillean,ogilleancb@un.org,203-992-6217,1,135,Bigender,Mrs,Widow,095 Arizona Street,Philadelphia,South Carolina,Pacific Coast Hospital,12254 BELLFLOWER BLVD FL 2 PHARMACY OPERATIONS,East,9/12/2025,hypnotherapy,Orton Gillean,Seldom,214-446-6929,eggs,101
445,Bertie,Rubbens,brubbenscc@stanford.edu,492-830-7286,74,68,Male,Ms,Single,50854 Merrick Place,Charlotte,Maryland,Sunset Valley Medical Center,PO BOX 1378 PATIENT BILLING DEPT,East,3/29/2025,massage therapy,Bertie Rubbens,Yearly,509-762-5934,pollen,95
446,Carmelle,Danieli,cdanielicd@amazon.co.uk,369-972-9966,73,44,Female,Mr,Married,29015 Tony Parkway,Miami,New York,Sierra Vista Regional Hospital,2100 W IOWA AVE,East,5/18/2025,massage therapy,Carmelle Danieli,Weekly,681-930-0769,mold,121
447,Fritz,De Cruz,fdece@tmall.com,994-896-9663,48,76,Male,Mrs,Married,537 Monica Road,Boston,North Carolina,Mountain View Medical Center,PO BOX 7058,East,2/18/2025,acupuncture,Fritz De Cruz,Seldom,316-220-7471,grass,142
448,Ana,Oleksiak,aoleksiakcf@bing.com,384-317-3876,24,111,Female,Mrs,Single,0 Bultman Place,Charlotte,North Carolina,Sunshine Valley Hospital,201 E UNIVERSITY PKWY,East,11/22/2024,surgery,Ana Oleksiak,Seldom,915-183-1213,pollen,33
449,Judd,Jedraszczyk,jjedraszczykcg@redcross.org,756-667-7510,63,81,Male,Miss,Widow,407 Mandrake Parkway,Charlotte,Rhode Island,Mountain View Medical Center,PO BOX 1430,East,2/24/2025,surgery,Judd Jedraszczyk,Never,842-130-6755,grass,142
450,Jonah,Pimmocke,jpimmockech@lulu.com,687-920-0545,91,41,Genderfluid,Ms,Married,891 Carberry Way,Philadelphia,Maryland,Golden Hills Medical Center,1305 REDMOND CIR NW PATIENT ACCOUNTS OFFICE,East,12/14/2024,surgery,Jonah Pimmocke,Yearly,639-477-4049,dust,94
451,Hamlen,Romao,hromaoci@mashable.com,813-263-0470,5,12,Polygender,Ms,Married,74927 Lyons Alley,Raleigh,Massachusetts,Westside Community Hospital,400 MAPLE SUMMIT RD,East,1/19/2025,acupuncture,Hamlen Romao,Yearly,241-287-6313,cats,103
452,Matti,Bagg,mbaggcj@mediafire.com,782-958-6173,124,9,Female,Mr,Single,30 Becker Trail,Atlanta,Pennsylvania,Pacific Coast Hospital,150 S ANDREWS AVE SUITE 201,East,9/21/2025,hypnotherapy,Matti Bagg,Often,230-709-7274,latex,119
453,Judi,Deaves,jdeavesck@uol.com.br,322-172-0684,87,62,Female,Ms,Widow,55384 Hollow Ridge Road,Baltimore,Massachusetts,Sierra Vista Regional Hospital,3401 CIVIC CENTER BLVD,East,8/27/2025,acupuncture,Judi Deaves,Monthly,832-504-8487,mold,12
454,Nanete,Epple,nepplecl@boston.com,959-768-0610,17,22,Female,Mrs,Married,1438 Talmadge Trail,Atlanta,Delaware,Pacific Coast Hospital,PO BOX 2168,East,9/17/2025,hypnotherapy,Nanete Epple,Never,232-817-4251,penicillin,130
455,Harv,Andretti,handretticm@newyorker.com,893-269-2818,114,30,Male,Ms,Widow,79 Steensland Road,Boston,South Carolina,Pacific Coast Hospital,490B W ZIA RD SUITE 4,East,1/1/2025,medication,Harv Andretti,Often,755-521-8429,shellfish,2
456,Seamus,Baldam,sbaldamcn@nba.com,186-539-1326,105,86,Male,Mr,Single,416 Boyd Way,Washington D.C.,Connecticut,Westside Community Hospital,PO BOX 338,East,12/30/2024,homeopathy,Seamus Baldam,Daily,902-582-8592,shellfish,70
457,Vita,Cambell,vcambellco@pinterest.com,639-260-5762,84,146,Female,Mrs,Single,31121 3rd Court,Boston,Massachusetts,Sunset Valley Medical Center,PO BOX 3807,East,8/21/2025,medication,Vita Cambell,Never,568-113-4511,shellfish,45
458,Aubert,Forge,aforgecp@fastcompany.com,494-590-2836,92,148,Male,Ms,Widow,7992 Darwin Avenue,Miami,Maryland,Sierra Vista Regional Hospital,PO BOX 508,East,2/21/2025,herbal remedies,Aubert Forge,Weekly,821-833-7531,cats,103
459,Eduard,Haydney,ehaydneycq@exblog.jp,783-950-0780,85,98,Male,Mrs,Married,3233 Kennedy Terrace,Pittsburgh,Pennsylvania,Sunset Valley Medical Center,801 N 4TH ST P.O. BOX 189,East,6/16/2025,acupuncture,Eduard Haydney,Once,479-794-6811,latex,19
460,Rosabel,Brownbill,rbrownbillcr@yelp.com,132-320-9882,147,11,Female,Mrs,Married,63397 Golf Street,Atlanta,North Carolina,Sunset Valley Medical Center,115 E 7TH ST,East,12/16/2024,medication,Rosabel Brownbill,Seldom,664-861-7821,eggs,119
461,Nerita,Belvard,nbelvardcs@cargocollective.com,561-926-9136,1,127,Female,Miss,Married,698 4th Lane,Charlotte,Massachusetts,Golden Hills Medical Center,PO BOX 1016,East,10/1/2025,surgery,Nerita Belvard,Never,341-846-0464,grass,139
462,Tracy,Bisset,tbissetct@i2i.jp,898-805-2035,15,42,Male,Miss,Widow,4231 Cottonwood Street,Baltimore,Maryland,Sunset Valley Medical Center,202 PROSPECT DR,East,9/10/2025,physical therapy,Tracy Bisset,Once,653-775-8243,shellfish,10
463,Franciskus,Harby,fharbycu@domainmarket.com,717-761-8433,58,93,Male,Mrs,Single,24 Thierer Court,Miami,South Carolina,Sunset Valley Medical Center,400 HEALTH PARK BLVD,East,9/10/2025,homeopathy,Franciskus Harby,Monthly,933-174-7221,mold,70
464,Artemis,Wrankmore,awrankmorecv@usa.gov,120-600-8210,65,56,Male,Ms,Single,3 4th Drive,Pittsburgh,Georgia,Mountain View Medical Center,350 HERITAGE WAY STE 1200,East,12/23/2024,hypnotherapy,Artemis Wrankmore,Never,291-683-8208,latex,10
465,Tanner,Greatbank,tgreatbankcw@dyndns.org,417-648-2821,87,69,Male,Ms,Single,5 Fairfield Drive,Baltimore,Maine,Golden Gate Medical Center,4300 BRENNER DRIVE,East,3/26/2025,aromatherapy,Tanner Greatbank,Daily,718-403-2532,mold,139
466,Aristotle,Longmore,alongmorecx@opera.com,367-448-3353,74,112,Bigender,Miss,Single,14123 Pleasure Parkway,Philadelphia,New York,Sunshine Valley Hospital,966 W. 21ST STREET,East,12/21/2024,chiropractic care,Aristotle Longmore,Once,305-884-3270,eggs,13
467,Cherida,Girardoni,cgirardonicy@so-net.ne.jp,730-597-5032,138,86,Female,Mr,Married,1 International Parkway,Baltimore,Virginia,Coastal Breeze Hospital,4505 S HARVARD AVE,East,4/2/2025,massage therapy,Cherida Girardoni,Seldom,509-751-4086,peanuts,5
468,Darline,Arkcoll,darkcollcz@wufoo.com,526-797-0487,135,5,Female,Ms,Widow,4 Commercial Alley,Raleigh,New Hampshire,Pacific Coast Hospital,895 N 6TH E,East,10/20/2025,homeopathy,Darline Arkcoll,Daily,651-319-6042,latex,119
469,Pooh,Mayling,pmaylingd0@myspace.com,126-209-5534,17,137,Non-binary,Ms,Single,783 Hanson Circle,Charlotte,South Carolina,Sunshine Valley Hospital,PO BOX 862851,East,5/5/2025,homeopathy,Pooh Mayling,Monthly,922-726-8635,mold,148
470,Morlee,Gonzalo,mgonzalod1@ed.gov,258-424-7207,69,102,Polygender,Ms,Widow,48081 Blackbird Plaza,Pittsburgh,Pennsylvania,Sunset Valley Medical Center,PO BOX 633218,East,8/20/2025,hypnotherapy,Morlee Gonzalo,Often,176-745-8713,peanuts,66
471,Olympie,Berggren,oberggrend2@cpanel.net,136-391-0599,115,119,Bigender,Ms,Widow,6 Blackbird Terrace,Washington D.C.,New Hampshire,Pacific Coast Hospital,5100 RELIABLE PKWY,East,8/16/2025,physical therapy,Olympie Berggren,Daily,416-188-7350,latex,105
472,Inglis,Paydon,ipaydond3@uol.com.br,538-982-2831,26,52,Male,Mr,Single,69882 Drewry Terrace,Pittsburgh,South Carolina,Pacific Coast Hospital,15100 NW 67TH AVE STE 103,East,12/9/2024,acupuncture,Inglis Paydon,Daily,437-279-4592,latex,3
473,Donnie,Bellard,dbellardd4@intel.com,567-332-7675,9,97,Male,Miss,Widow,20712 Mccormick Alley,Miami,Maryland,Pacific Coast Hospital,450 E 23RD ST,East,3/24/2025,aromatherapy,Donnie Bellard,Weekly,948-487-2828,pollen,149
474,Ashil,Glanfield,aglanfieldd5@purevolume.com,316-849-6196,95,79,Genderfluid,Mr,Married,592 American Place,Pittsburgh,Virginia,Pacific Coast Hospital,PO BOX 99213,East,3/2/2025,massage therapy,Ashil Glanfield,Never,978-850-9954,mold,25
475,Mose,Antonio,mantoniod6@cnn.com,585-273-8870,4,54,Male,Miss,Married,8 Anderson Court,Washington D.C.,Rhode Island,Golden Hills Medical Center,300 SINGLETON RIDGE RD ATTN PNS CREDENTIALING,East,4/22/2025,physical therapy,Mose Antonio,Often,817-365-1946,shellfish,27
476,Mackenzie,McIllrick,mmcillrickd7@google.es,570-726-4090,47,115,Male,Miss,Single,14 Artisan Place,Raleigh,Connecticut,Golden Gate Medical Center,1401 ST JOSEPH PKWY ATTN: BILLING,East,11/14/2024,hypnotherapy,Mackenzie McIllrick,Never,506-961-5084,dust,142
477,Susanetta,MacKeller,smackellerd8@cpanel.net,428-277-6962,13,23,Female,Mr,Single,2069 Morningstar Avenue,Washington D.C.,North Carolina,Coastal Breeze Hospital,PO BOX 919424,East,5/16/2025,medication,Susanetta MacKeller,Never,304-748-0172,pollen,76
478,Hope,Badby,hbadbyd9@sun.com,295-210-0420,88,135,Female,Miss,Single,037 Bunker Hill Center,Atlanta,Rhode Island,Golden Gate Medical Center,1100 W SAGINAW ST SUITE 100,East,9/11/2025,acupuncture,Hope Badby,Monthly,757-731-1606,penicillin,11
479,Erny,Collis,ecollisda@qq.com,257-674-6977,6,145,Male,Miss,Widow,25250 Anthes Avenue,New York City,Massachusetts,Golden Gate Medical Center,G3235 BEECHER RD,East,1/31/2025,surgery,Erny Collis,Weekly,177-377-3749,dust,35
480,Lazare,Reinhard,lreinharddb@i2i.jp,814-178-9295,146,38,Male,Mrs,Single,246 Bunker Hill Point,Atlanta,Maryland,Coastal Breeze Hospital,216 SUNSET PL MEMORIAL MEDICAL CENTER,East,8/6/2025,surgery,Lazare Reinhard,Daily,109-831-6953,pollen,45
481,Amberly,Flawn,aflawndc@sogou.com,511-975-9759,110,111,Female,Ms,Single,8035 Grayhawk Avenue,Washington D.C.,Maine,Pacific Coast Hospital,1901 W HARRISON ST,East,10/27/2024,medication,Amberly Flawn,Never,969-247-5675,cats,21
482,Puff,McAreavey,pmcareaveydd@harvard.edu,544-222-7450,45,22,Male,Ms,Widow,268 4th Junction,Pittsburgh,Connecticut,Sunset Valley Medical Center,4536 N GREENVIEW AVE APT 2N,East,1/19/2025,surgery,Puff McAreavey,Seldom,126-521-2743,penicillin,33
483,Gearard,O'Coskerry,gocoskerryde@com.com,949-368-3283,38,107,Male,Mr,Married,4911 Elmside Trail,Pittsburgh,New Jersey,Sunset Valley Medical Center,29980 NETWORK PL,East,7/21/2025,physical therapy,Gearard O'Coskerry,Weekly,798-178-3339,penicillin,1
484,Sinclair,D'Avaux,sdavauxdf@ehow.com,675-104-4535,27,138,Male,Mr,Single,0 Mcguire Circle,Boston,Florida,Pacific Coast Hospital,PO BOX 5600,East,4/15/2025,acupuncture,Sinclair D'Avaux,Yearly,577-442-7446,grass,24
485,Ahmed,Peace,apeacedg@squidoo.com,614-973-7509,45,24,Male,Ms,Married,33912 Dakota Street,Pittsburgh,Maine,Golden Hills Medical Center,808 S ROBB ST,East,11/7/2024,physical therapy,Ahmed Peace,Monthly,902-209-8445,grass,102
486,Syman,Chesley,schesleydh@jimdo.com,996-605-3849,82,132,Male,Miss,Single,843 Eastlawn Park,Miami,Maine,Golden Hills Medical Center,801 N STATE ST,East,12/28/2024,physical therapy,Syman Chesley,Often,534-312-5657,cats,61
487,Starlene,Luggar,sluggardi@phoca.cz,543-877-5697,24,6,Female,Miss,Single,186 Mandrake Drive,New York City,South Carolina,Golden Hills Medical Center,PO BOX 1028,East,3/7/2025,massage therapy,Starlene Luggar,Once,363-762-3728,cats,104
488,Ferrel,Ruff,fruffdj@engadget.com,932-972-4075,81,12,Male,Mrs,Married,844 Dunning Plaza,Philadelphia,Maine,Sierra Vista Regional Hospital,3051 HOLLIS DR,East,8/18/2025,medication,Ferrel Ruff,Seldom,959-170-3316,latex,101
489,Tabatha,Radolf,tradolfdk@smugmug.com,412-805-1244,37,5,Bigender,Miss,Single,72066 Ruskin Terrace,New York City,North Carolina,Mountain View Medical Center,"101 THE CITY DR S BUILDING 200, SUITE 210",East,3/15/2025,physical therapy,Tabatha Radolf,Once,200-466-5268,pollen,113
490,Tannie,Yusupov,tyusupovdl@usgs.gov,686-126-6111,62,37,Male,Miss,Widow,022 Myrtle Court,Atlanta,New Hampshire,Westside Community Hospital,239 BOWLING GREEN RD,East,6/19/2025,herbal remedies,Tannie Yusupov,Monthly,309-382-8463,dust,141
491,Pearla,Wreight,pwreightdm@ca.gov,614-749-1054,10,34,Female,Mr,Married,64 Manitowish Junction,Boston,Florida,Oceanview General Hospital,PO BOX J ,East,2/21/2025,aromatherapy,Pearla Wreight,Weekly,343-560-2332,grass,33
492,Charita,Pordall,cpordalldn@cafepress.com,749-878-0879,105,116,Female,Ms,Single,711 Atwood Pass,Miami,New Jersey,Pacific Coast Hospital,EVANS ARMY COMMUNITY HOSPITAL 1650 COCHRANE CIR BLDG 7500 ROOM 1036 ATTN TREASURERS OFFICE,East,8/25/2025,chiropractic care,Charita Pordall,Yearly,787-845-0771,grass,121
493,Boonie,Dougliss,bdouglissdo@quantcast.com,980-592-1285,18,80,Male,Miss,Single,48465 Dawn Parkway,Boston,Vermont,Sierra Vista Regional Hospital,1000 W HARLEM AVE,East,9/27/2025,massage therapy,Boonie Dougliss,Often,605-916-0184,peanuts,137
494,Steffi,Featonby,sfeatonbydp@xing.com,873-627-0774,55,23,Female,Ms,Married,5 Meadow Valley Road,Baltimore,North Carolina,Mountain View Medical Center,901 OLIVE DR,East,4/22/2025,chiropractic care,Steffi Featonby,Often,690-759-8098,dust,55
495,Isidor,Cordel,icordeldq@thetimes.co.uk,991-839-5355,78,26,Male,Miss,Single,10085 Shopko Alley,Philadelphia,Vermont,Sunshine Valley Hospital,871 CORONADO CENTER DR STE 200,East,11/29/2024,chiropractic care,Isidor Cordel,Seldom,849-426-2279,shellfish,150
496,Huberto,Collecott,hcollecottdr@oakley.com,407-151-5260,135,18,Male,Mrs,Married,79 David Park,Philadelphia,Massachusetts,Sierra Vista Regional Hospital,3340 E GOLDSTONE WAY,East,12/23/2024,medication,Huberto Collecott,Daily,650-271-2675,latex,20
497,Mirabel,Wingham,mwinghamds@mapquest.com,565-390-0092,14,116,Female,Mr,Widow,8586 Twin Pines Street,Philadelphia,Delaware,Sunset Valley Medical Center,PO BOX 1378 PATIENT BILLING DEPT,East,6/28/2025,medication,Mirabel Wingham,Once,199-538-2161,latex,133
498,Lindsey,St Pierre,lstdt@ning.com,682-933-2402,49,119,Male,Ms,Married,093 Pond Point,Raleigh,New Hampshire,Oceanview General Hospital,23500 US HIGHWAY 160,East,6/15/2025,homeopathy,Lindsey St Pierre,Daily,338-972-4956,cats,114
499,Ali,Brunelli,abrunellidu@theglobeandmail.com,149-918-5675,38,7,Female,Ms,Married,3393 Jana Alley,Raleigh,South Carolina,Golden Hills Medical Center,232 S WOODS MILL RD,East,5/26/2025,physical therapy,Ali Brunelli,Never,765-840-7817,grass,75
500,Berkly,Pattini,bpattinidv@amazon.co.uk,484-313-8981,4,136,Male,Mrs,Married,7040 Hintze Parkway,Atlanta,South Carolina,Sunset Valley Medical Center,PO BOX 597,East,5/11/2025,medication,Berkly Pattini,Seldom,955-254-8219,dust,131
501,Nevin,Kirley,nkirleydw@vkontakte.ru,102-822-0851,66,67,Male,Miss,Single,983 Southridge Drive,New York City,Connecticut,Golden Gate Medical Center,5353 G ST,East,8/6/2025,aromatherapy,Nevin Kirley,Never,492-529-0099,pollen,122
502,Guilbert,Ridley,gridleydx@yelp.com,623-754-4063,58,7,Male,Miss,Single,72256 Nancy Place,Charlotte,Georgia,Pacific Coast Hospital,7210 MURRAY DR,East,11/8/2024,herbal remedies,Guilbert Ridley,Seldom,985-340-8252,latex,12
503,Debby,Dobrowlski,ddobrowlskidy@ocn.ne.jp,767-794-4119,127,24,Female,Mr,Widow,2 Fordem Terrace,Washington D.C.,New Jersey,Golden Gate Medical Center,1125 WESTGATE ST,East,8/28/2025,aromatherapy,Debby Dobrowlski,Seldom,622-529-2251,eggs,119
504,Harlen,Cunradi,hcunradidz@wordpress.com,768-901-6065,106,18,Male,Mrs,Widow,7 Acker Street,Miami,Delaware,Golden Gate Medical Center,PO BOX 4037,East,11/20/2024,homeopathy,Harlen Cunradi,Seldom,878-755-4291,mold,98
505,Madalyn,Edlestone,medlestonee0@newyorker.com,111-536-8087,148,144,Non-binary,Ms,Single,61025 Blue Bill Park Trail,Pittsburgh,Rhode Island,Westside Community Hospital,109 PLUM ST,East,5/8/2025,aromatherapy,Madalyn Edlestone,Daily,941-540-4678,peanuts,126
506,Laurens,Oxford,loxforde1@about.com,544-283-6610,132,48,Male,Ms,Single,4 Pawling Hill,Boston,Virginia,Mountain View Medical Center,22285 N PEPPER RD STE 302,East,11/26/2024,physical therapy,Laurens Oxford,Weekly,463-899-2799,cats,84
507,Lorinda,Gors,lgorse2@scientificamerican.com,475-526-5800,107,89,Female,Mr,Single,17902 Erie Terrace,Raleigh,New Hampshire,Pacific Coast Hospital,100 HOSPITAL AVE,East,6/4/2025,homeopathy,Lorinda Gors,Daily,571-847-6434,peanuts,7
508,Gerhard,McCritchie,gmccritchiee3@nymag.com,183-697-3216,10,16,Polygender,Mr,Single,83607 Stone Corner Junction,Boston,Virginia,Oceanview General Hospital,13123 E 16TH AVE,East,8/20/2025,massage therapy,Gerhard McCritchie,Once,661-321-1450,mold,109
509,Nealson,Akram,nakrame4@discovery.com,741-760-9068,96,49,Male,Ms,Single,6 Corry Junction,Charlotte,Vermont,Sunset Valley Medical Center,205 N EAST AVE,East,8/23/2025,massage therapy,Nealson Akram,Never,816-189-1640,cats,134
510,Tiebout,Pfeffer,tpfeffere5@clickbank.net,241-115-0415,41,102,Male,Mr,Single,0056 Packers Crossing,Washington D.C.,Virginia,Pacific Coast Hospital,5221 PARAMOUNT PKWY STE 440,East,2/23/2025,physical therapy,Tiebout Pfeffer,Monthly,491-407-8716,dust,115
511,Judye,Paulsen,jpaulsene6@prweb.com,278-154-7596,122,39,Female,Mrs,Single,00545 Schiller Park,Washington D.C.,Delaware,Westside Community Hospital,PO BOX 19305,East,10/11/2025,hypnotherapy,Judye Paulsen,Monthly,112-768-3459,penicillin,150
512,Jewell,Braisted,jbraistede7@nsw.gov.au,192-915-5948,27,8,Female,Miss,Married,88110 Lakewood Gardens Plaza,Raleigh,North Carolina,Pacific Coast Hospital,26136 US HIGHWAY 59,East,3/9/2025,massage therapy,Jewell Braisted,Often,666-595-4137,latex,25
513,Alberik,Barck,abarcke8@netvibes.com,744-932-3196,109,13,Male,Mrs,Single,341 Rusk Circle,Pittsburgh,New York,Sunset Valley Medical Center,PO BOX 258831,East,9/7/2025,herbal remedies,Alberik Barck,Never,546-509-0070,peanuts,27
514,Curtice,Dietz,cdietze9@lulu.com,393-492-3946,15,51,Male,Mr,Widow,41866 Chive Parkway,Washington D.C.,South Carolina,Pacific Coast Hospital,8050 TOWNSHIP LINE ROAD,East,7/7/2025,surgery,Curtice Dietz,Seldom,441-936-8647,cats,35
515,Serge,Cattermole,scattermoleea@feedburner.com,205-337-1046,150,23,Male,Miss,Married,2 Twin Pines Place,Washington D.C.,Virginia,Sunshine Valley Hospital,3509 NW SAMARITAN DR,East,2/12/2025,surgery,Serge Cattermole,Often,432-165-1554,latex,14
516,Lisabeth,Kleinbaum,lkleinbaumeb@tmall.com,568-696-0105,95,142,Female,Miss,Married,5 Northridge Place,Philadelphia,Pennsylvania,Westside Community Hospital,360 S LOLA LN,East,9/15/2025,chiropractic care,Lisabeth Kleinbaum,Never,953-812-3417,penicillin,51
517,Valina,Shulem,vshulemec@chron.com,428-435-3403,68,59,Female,Mr,Widow,1 Lillian Circle,Charlotte,Delaware,Pacific Coast Hospital,8000 W FLAGLER ST STE 206,East,9/23/2025,acupuncture,Valina Shulem,Never,587-251-0564,eggs,84
518,Caresse,Pfeuffer,cpfeuffered@webmd.com,180-305-4148,26,72,Bigender,Ms,Married,050 Homewood Pass,Philadelphia,New Jersey,Oceanview General Hospital,826 W KING ST,East,12/7/2024,chiropractic care,Caresse Pfeuffer,Monthly,848-604-3906,peanuts,129
519,Pate,Devinn,pdevinnee@prnewswire.com,708-684-0356,145,121,Male,Mr,Single,3 Moulton Pass,New York City,Virginia,Pacific Coast Hospital,189 PROUTY DR,East,2/12/2025,chiropractic care,Pate Devinn,Daily,521-934-7239,peanuts,95
520,Doroteya,Bosworth,dbosworthef@icq.com,882-841-5048,115,9,Female,Mr,Single,73440 Fairfield Way,New York City,North Carolina,Sunset Valley Medical Center,4422 3RD AVE,East,1/21/2025,homeopathy,Doroteya Bosworth,Yearly,380-759-5687,latex,38
521,Jasmina,Duckitt,jduckitteg@blogspot.com,469-510-2528,65,46,Female,Mrs,Single,6 Moose Terrace,Raleigh,Rhode Island,Golden Gate Medical Center,PO BOX 1418,East,10/25/2024,chiropractic care,Jasmina Duckitt,Weekly,604-933-1112,shellfish,98
522,Merla,Humblestone,mhumblestoneeh@nymag.com,210-756-2199,48,86,Female,Mrs,Single,3296 Mayfield Drive,Baltimore,North Carolina,Sunset Valley Medical Center,P.O. BOX 244,East,6/23/2025,physical therapy,Merla Humblestone,Daily,457-700-3828,dust,28
523,Gerhardine,Mantione,gmantioneei@histats.com,903-204-0337,94,75,Female,Mrs,Widow,27235 Butterfield Plaza,Pittsburgh,Maryland,Pacific Coast Hospital,PO BOX 777,East,5/22/2025,acupuncture,Gerhardine Mantione,Never,151-558-0517,penicillin,94
524,Kimble,Argente,kargenteej@google.it,802-203-0954,55,46,Male,Miss,Single,34 Jenna Junction,Baltimore,Rhode Island,Golden Hills Medical Center,1900 23RD ST,East,2/16/2025,surgery,Kimble Argente,Yearly,786-441-0011,eggs,124
525,Portie,Gathwaite,pgathwaiteek@nhs.uk,388-440-0500,50,49,Male,Ms,Married,5 Ruskin Road,Philadelphia,Connecticut,Westside Community Hospital,PO DRAWER 9,East,2/2/2025,hypnotherapy,Portie Gathwaite,Seldom,856-477-4559,cats,9
526,Ruperta,Wynrehame,rwynrehameel@jiathis.com,280-977-3084,130,25,Female,Mr,Widow,2015 Erie Street,Washington D.C.,Vermont,Coastal Breeze Hospital,2660 N HASKELL AVE APT 3176,East,6/17/2025,herbal remedies,Ruperta Wynrehame,Yearly,114-906-3471,peanuts,117
527,Margette,Crowch,mcrowchem@adobe.com,707-250-7893,109,85,Female,Miss,Widow,3 Harbort Junction,Washington D.C.,Delaware,Pacific Coast Hospital,PO BOX 64277,East,7/26/2025,aromatherapy,Margette Crowch,Yearly,717-985-3374,mold,149
528,Robyn,Ronchi,rronchien@mashable.com,330-124-7710,17,19,Female,Miss,Married,4 Golf Course Parkway,New York City,Virginia,Golden Hills Medical Center,10 5TH ST SE,East,3/6/2025,aromatherapy,Robyn Ronchi,Daily,131-344-7504,mold,26
529,Ingemar,Cregeen,icregeeneo@shutterfly.com,898-917-2422,147,88,Male,Mr,Single,924 Schurz Center,Baltimore,Massachusetts,Pacific Coast Hospital,3401 CIVIC CENTER BLVD,East,4/29/2025,homeopathy,Ingemar Cregeen,Weekly,703-567-9317,latex,108
530,Jennette,Ironmonger,jironmongerep@jugem.jp,663-773-2882,92,121,Genderqueer,Ms,Married,5 Ruskin Way,Atlanta,Virginia,Pacific Coast Hospital,P.O BOX 860,East,11/29/2024,chiropractic care,Jennette Ironmonger,Seldom,282-620-7257,dust,29
531,Clemence,Giacubbo,cgiacubboeq@clickbank.net,619-938-2148,85,64,Female,Mr,Widow,373 Charing Cross Point,Raleigh,Florida,Sierra Vista Regional Hospital,5 E 98TH ST 3RD FLOOR,East,7/27/2025,physical therapy,Clemence Giacubbo,Often,708-724-5418,dust,115
532,Guenna,Danilyuk,gdanilyuker@smugmug.com,399-184-7347,70,87,Female,Mr,Widow,91 Charing Cross Hill,New York City,North Carolina,Sunshine Valley Hospital,6600 S YALE AVE SUITE 500,East,7/30/2025,acupuncture,Guenna Danilyuk,Seldom,916-206-4542,shellfish,105
533,Debbie,Gromley,dgromleyes@businessweek.com,850-979-6561,119,73,Female,Mr,Married,2 Dahle Alley,Raleigh,Georgia,Sunset Valley Medical Center,1830 NW 7TH ST SUITE 1003,East,3/25/2025,surgery,Debbie Gromley,Often,120-178-2163,dust,95
534,April,Dener,adeneret@time.com,568-373-0931,73,115,Female,Ms,Married,199 Union Plaza,Pittsburgh,Maine,Sierra Vista Regional Hospital,PO BOX 5218,East,3/14/2025,surgery,April Dener,Never,718-179-9355,eggs,61
535,Eldin,Bissex,ebissexeu@discovery.com,883-607-0711,99,33,Male,Ms,Widow,221 Fremont Drive,Baltimore,New Jersey,Coastal Breeze Hospital,8001 YOUREE DR SUITE 650,East,12/15/2024,homeopathy,Eldin Bissex,Monthly,934-793-2817,mold,130
536,Staford,Rimmer,srimmerev@instagram.com,769-274-0608,144,43,Male,Miss,Widow,3998 Spaight Circle,Baltimore,New Hampshire,Golden Hills Medical Center,243 ELM STREET,East,6/24/2025,surgery,Staford Rimmer,Monthly,650-979-6593,grass,55
537,Suzette,Polsin,spolsinew@reddit.com,515-508-5716,125,105,Female,Miss,Single,34 Basil Terrace,New York City,New Hampshire,Mountain View Medical Center,PO BOX 4189,East,5/21/2025,massage therapy,Suzette Polsin,Yearly,411-906-9133,penicillin,142
538,Flem,Brahm,fbrahmex@buzzfeed.com,148-450-8491,40,146,Male,Mrs,Single,2007 Spohn Hill,Baltimore,Pennsylvania,Sierra Vista Regional Hospital,176 MEDICAL CENTER DR,East,7/16/2025,massage therapy,Flem Brahm,Yearly,886-218-6164,dust,26
539,Mignon,Calliss,mcallissey@apache.org,739-700-9457,68,6,Female,Ms,Married,6 Evergreen Trail,New York City,Vermont,Sunset Valley Medical Center,PO BOX 13700-1365 C/O PHELPS MEMORIAL HOSPITAL EMERGENCY PHYSICIANS,East,3/15/2025,physical therapy,Mignon Calliss,Daily,324-490-2584,mold,34
540,Alwyn,Heck,aheckez@simplemachines.org,165-326-9083,60,98,Male,Mr,Single,768 Nova Parkway,Raleigh,Massachusetts,Mountain View Medical Center,300 S 8TH ST STE 509E,East,10/28/2024,aromatherapy,Alwyn Heck,Once,801-550-9115,eggs,135
541,Ralf,McLewd,rmclewdf0@dagondesign.com,542-746-2477,9,61,Male,Miss,Widow,5351 Muir Alley,Raleigh,Rhode Island,Coastal Breeze Hospital,700 JEFFERSON ST,East,2/24/2025,chiropractic care,Ralf McLewd,Weekly,102-206-6092,mold,36
542,Fredek,Negus,fnegusf1@europa.eu,763-517-3668,142,92,Male,Miss,Single,61 Lukken Crossing,Philadelphia,Rhode Island,Mountain View Medical Center,455 MAIN STREET,East,6/28/2025,hypnotherapy,Fredek Negus,Seldom,613-781-2032,mold,46
543,Lesli,McArthur,lmcarthurf2@imgur.com,924-823-7030,79,14,Bigender,Miss,Widow,31002 Farragut Parkway,New York City,Florida,Sunshine Valley Hospital,7210 MURRAY DR,East,8/8/2025,hypnotherapy,Lesli McArthur,Never,751-871-9843,peanuts,27
544,Darlleen,Childe,dchildef3@harvard.edu,641-537-6249,16,134,Female,Mr,Married,2 Tomscot Road,Washington D.C.,New Hampshire,Golden Gate Medical Center,PO BOX 741515,East,12/25/2024,massage therapy,Darlleen Childe,Monthly,377-431-1298,pollen,72
545,Padriac,Papaccio,ppapacciof4@parallels.com,961-837-2267,61,100,Male,Miss,Widow,21030 Messerschmidt Center,Pittsburgh,South Carolina,Golden Hills Medical Center,"4954 N PALMER RD BLDG 19, ROOM 3460",East,5/24/2025,homeopathy,Padriac Papaccio,Weekly,387-156-6935,penicillin,34
546,Nadia,Bremmell,nbremmellf5@webs.com,572-363-7695,66,116,Bigender,Mr,Married,74 Everett Place,Charlotte,Georgia,Golden Gate Medical Center,635 W 165TH ST FL 6,East,1/19/2025,medication,Nadia Bremmell,Never,528-614-5448,pollen,45
547,Carlie,Goning,cgoningf6@who.int,324-634-4168,130,24,Male,Mr,Married,018 Arapahoe Road,Washington D.C.,New Hampshire,Golden Hills Medical Center,9696 GORDON DR,East,5/26/2025,surgery,Carlie Goning,Monthly,854-621-9198,pollen,129
548,Carlynn,Bothie,cbothief7@e-recht24.de,849-404-4265,147,45,Female,Ms,Single,45174 Doe Crossing Alley,Pittsburgh,Florida,Pacific Coast Hospital,801 W MAIN ST.,East,1/25/2025,massage therapy,Carlynn Bothie,Once,598-540-6379,pollen,131
549,Bing,McGilvray,bmcgilvrayf8@cyberchimps.com,560-457-4898,18,74,Male,Mr,Widow,8333 Melby Trail,Washington D.C.,Georgia,Sierra Vista Regional Hospital,PO BOX 512717,East,12/15/2024,hypnotherapy,Bing McGilvray,Once,228-718-4107,mold,18
550,Kendrick,De L'Isle,kdef9@etsy.com,517-434-5332,44,29,Male,Miss,Married,6026 Brickson Park Court,Philadelphia,Vermont,Sunset Valley Medical Center,PO BOX 5006,East,4/22/2025,herbal remedies,Kendrick De L'Isle,Monthly,603-234-5087,penicillin,117
551,Kendal,Greenland,kgreenlandfa@patch.com,613-855-4187,127,60,Male,Ms,Widow,18250 Kenwood Parkway,Atlanta,North Carolina,Westside Community Hospital,406 E ELM ST PO BOX 730,East,9/7/2025,surgery,Kendal Greenland,Never,720-848-2466,latex,127
552,Leandra,Blades,lbladesfb@is.gd,508-709-3708,141,117,Female,Miss,Single,3860 Milwaukee Road,Atlanta,Florida,Golden Gate Medical Center,2600 N ELM ST,East,9/30/2025,aromatherapy,Leandra Blades,Never,963-588-6489,cats,79
553,Parke,Passy,ppassyfc@cbslocal.com,802-493-4007,107,10,Male,Mr,Married,1644 Montana Center,Boston,Maryland,Golden Gate Medical Center,255 LAFAYETTE AVE,East,10/7/2025,homeopathy,Parke Passy,Often,250-642-7157,grass,9
554,Webster,Gherardini,wgherardinifd@google.ru,986-381-3437,81,98,Male,Miss,Widow,95663 Florence Place,Pittsburgh,New York,Golden Hills Medical Center,917 S MAIN ST,East,4/24/2025,homeopathy,Webster Gherardini,Yearly,353-122-4771,peanuts,125
555,Daile,Whife,dwhifefe@cbc.ca,938-960-3553,136,131,Female,Miss,Widow,9 Browning Plaza,Boston,Pennsylvania,Oceanview General Hospital,606 WALL ST,East,2/7/2025,physical therapy,Daile Whife,Often,197-966-5801,grass,54
556,Red,Marjot,rmarjotff@squidoo.com,976-340-2287,68,35,Genderqueer,Miss,Married,097 International Junction,Charlotte,Rhode Island,Sierra Vista Regional Hospital,1 FORD PL STE 2E,East,7/17/2025,acupuncture,Red Marjot,Often,898-296-7838,shellfish,135
557,Trueman,Ellsworthe,tellsworthefg@china.com.cn,411-985-2570,119,132,Male,Mrs,Single,450 West Street,Raleigh,New Jersey,Golden Gate Medical Center,621 3RD ST S,East,1/3/2025,physical therapy,Trueman Ellsworthe,Weekly,683-354-5943,eggs,134
558,Hastie,MacCarrane,hmaccarranefh@earthlink.net,887-241-3643,78,129,Male,Ms,Single,66591 Novick Park,Boston,New York,Mountain View Medical Center,3100 SUPERIOR AVENUE,East,9/2/2025,surgery,Hastie MacCarrane,Yearly,578-488-4021,pollen,48
559,Riley,Schultes,rschultesfi@senate.gov,274-441-7267,11,37,Male,Mrs,Single,3434 Carey Hill,Baltimore,New Hampshire,Westside Community Hospital,74 TECHNOLOGY LN,East,11/8/2024,physical therapy,Riley Schultes,Monthly,122-594-6662,grass,132
560,Jacobo,Agirre,jagirrefj@hugedomains.com,941-519-3648,136,58,Male,Miss,Single,08 Charing Cross Center,Washington D.C.,Maine,Sunshine Valley Hospital,11841 SOUTH ST,East,12/12/2024,hypnotherapy,Jacobo Agirre,Never,825-909-9572,cats,49
561,Byron,Di Maria,bdifk@joomla.org,101-466-6456,16,37,Male,Ms,Married,6 3rd Junction,Charlotte,Virginia,Sunset Valley Medical Center,PO BOX 99213,East,11/20/2024,chiropractic care,Byron Di Maria,Seldom,392-608-8941,pollen,62
562,Consalve,Erie,ceriefl@wsj.com,894-748-2017,149,118,Male,Ms,Single,22129 Florence Circle,Atlanta,Florida,Golden Hills Medical Center,PO BOX 38,East,4/6/2025,hypnotherapy,Consalve Erie,Never,382-220-2991,penicillin,126
563,Hunt,Depke,hdepkefm@nasa.gov,235-427-3836,36,38,Polygender,Mr,Married,64 Carioca Parkway,Atlanta,Pennsylvania,Coastal Breeze Hospital,801 N STATE ST,East,5/4/2025,hypnotherapy,Hunt Depke,Monthly,632-359-1861,grass,61
564,Felizio,Roz,frozfn@un.org,422-419-7239,82,109,Male,Mrs,Widow,808 Kipling Place,Atlanta,Delaware,Pacific Coast Hospital,65 JAMES ST,East,4/13/2025,massage therapy,Felizio Roz,Weekly,185-713-7764,pollen,28
565,Cly,Inott,cinottfo@icio.us,916-833-1902,71,134,Male,Ms,Widow,8 Grover Court,Atlanta,Vermont,Pacific Coast Hospital,PO BOX 239,East,5/20/2025,medication,Cly Inott,Once,551-321-7902,grass,23
566,Pail,Lamberth,plamberthfp@wired.com,600-311-3936,128,52,Male,Mrs,Single,64 Reindahl Terrace,Boston,Florida,Sunset Valley Medical Center,1105 SIXTH ST,East,5/15/2025,aromatherapy,Pail Lamberth,Weekly,679-498-4633,grass,133
567,Massimiliano,McCrorie,mmccroriefq@washingtonpost.com,331-965-8306,94,32,Male,Mr,Single,1 Gale Junction,New York City,New Hampshire,Westside Community Hospital,9250 NW 36TH ST STE 420,East,1/19/2025,physical therapy,Massimiliano McCrorie,Weekly,808-765-7526,grass,43
568,Sawyere,Pursey,spurseyfr@shareasale.com,285-997-6550,49,29,Male,Mr,Widow,36147 Lawn Pass,Miami,Georgia,Mountain View Medical Center,12720 MCMANUS BLVD SUITE 100,East,11/14/2024,massage therapy,Sawyere Pursey,Daily,374-153-5846,penicillin,47
569,Katrine,Andretti,kandrettifs@adobe.com,718-668-0923,38,116,Female,Ms,Married,06034 4th Court,Philadelphia,South Carolina,Westside Community Hospital,900 N FEDERAL HWY STE 350,East,10/21/2025,herbal remedies,Katrine Andretti,Once,610-875-8432,pollen,8
570,Immanuel,Drinnan,idrinnanft@creativecommons.org,856-623-9162,38,132,Male,Ms,Single,7 Sundown Drive,Charlotte,South Carolina,Sunset Valley Medical Center,501 BILLINGSLEY ROAD BEHAVIORAL HEALTH CENTER CMC RANDO,East,5/2/2025,homeopathy,Immanuel Drinnan,Once,756-308-9148,pollen,137
571,Reggie,Colbron,rcolbronfu@disqus.com,216-501-8210,56,96,Genderqueer,Mr,Married,720 Laurel Circle,Washington D.C.,Virginia,Westside Community Hospital,14201 W SUNRISE BLVD UNIT 207,East,5/25/2025,medication,Reggie Colbron,Yearly,230-913-4967,latex,75
572,Morten,Greve,mgrevefv@slate.com,679-919-1495,141,65,Male,Mr,Single,92 Chive Point,Raleigh,North Carolina,Mountain View Medical Center,2435 FOREST DR,East,11/30/2024,aromatherapy,Morten Greve,Yearly,939-271-4971,shellfish,105
573,Lurline,Beran,lberanfw@scribd.com,220-980-3307,63,56,Female,Miss,Single,399 Prentice Place,New York City,Delaware,Mountain View Medical Center,1 HURLEY PLZ,East,10/12/2025,massage therapy,Lurline Beran,Seldom,397-684-9886,mold,74
574,Hyacinth,Ridgedell,hridgedellfx@columbia.edu,478-801-3102,116,46,Female,Ms,Widow,5 Stuart Road,Charlotte,Virginia,Pacific Coast Hospital,503 MCMILLAN ROAD ATTN: BILLING,East,4/17/2025,acupuncture,Hyacinth Ridgedell,Monthly,603-111-9126,penicillin,149
575,Cyndi,Pickavance,cpickavancefy@businesswire.com,117-385-6779,72,74,Female,Mrs,Married,38 Welch Parkway,Charlotte,Georgia,Sunset Valley Medical Center,P.O. BOX 747 1051 W SOUTH STREET,East,3/11/2025,aromatherapy,Cyndi Pickavance,Weekly,256-632-3194,shellfish,85
576,Garth,Leversuch,gleversuchfz@foxnews.com,888-114-3177,39,37,Male,Mrs,Widow,7 Valley Edge Trail,Charlotte,Georgia,Coastal Breeze Hospital,704 MEDICAL CENTER PARKWAY,East,7/22/2025,acupuncture,Garth Leversuch,Monthly,171-741-2068,grass,91
577,Caldwell,Dickon,cdickong0@theguardian.com,621-800-6409,93,13,Male,Mrs,Single,16570 Elmside Place,Philadelphia,Rhode Island,Sunset Valley Medical Center,600 SOMERSET AVE,East,12/27/2024,physical therapy,Caldwell Dickon,Daily,908-128-3043,shellfish,55
578,Karolina,McVanamy,kmcvanamyg1@unc.edu,632-314-5554,67,82,Female,Mr,Married,357 Heath Junction,New York City,Connecticut,Coastal Breeze Hospital,601 N FRONT ST,East,3/4/2025,aromatherapy,Karolina McVanamy,Once,318-784-0327,dust,17
579,Kelbee,McCarl,kmccarlg2@wikia.com,625-352-0296,75,111,Male,Mr,Single,89092 Daystar Court,Charlotte,New Hampshire,Oceanview General Hospital,194 E MAIN ST,East,2/20/2025,aromatherapy,Kelbee McCarl,Weekly,770-380-2173,pollen,5
580,Bartholomeus,Coxall,bcoxallg3@sbwire.com,681-762-4099,95,36,Male,Mrs,Single,627 Hallows Street,Baltimore,Virginia,Pacific Coast Hospital,1500 WATERS RIDGE DR,East,7/12/2025,medication,Bartholomeus Coxall,Monthly,587-777-4965,shellfish,27
581,Vivienne,Panther,vpantherg4@fc2.com,546-122-2443,122,140,Female,Miss,Single,1153 Birchwood Terrace,Miami,Pennsylvania,Sierra Vista Regional Hospital,PO BOX 1595,East,12/17/2024,aromatherapy,Vivienne Panther,Often,830-446-7231,latex,145
582,Meredithe,Marin,mmaring5@cornell.edu,409-337-1092,81,41,Genderfluid,Ms,Single,20950 Eliot Crossing,Charlotte,North Carolina,Sunset Valley Medical Center,82 ADMIRALTY LOOP,East,12/30/2024,medication,Meredithe Marin,Daily,840-707-9164,eggs,138
583,Terencio,Jorioz,tjoriozg6@jugem.jp,210-165-6320,2,57,Polygender,Mrs,Married,5280 Rowland Pass,Raleigh,Rhode Island,Westside Community Hospital,150 DUNCAN RD,East,1/30/2025,massage therapy,Terencio Jorioz,Weekly,961-809-9763,pollen,21
584,Anna-diana,Brende,abrendeg7@umn.edu,314-264-0420,142,93,Female,Mr,Widow,3 Fallview Plaza,Pittsburgh,Delaware,Mountain View Medical Center,PO BOX 8850,East,10/20/2025,chiropractic care,Anna-diana Brende,Weekly,830-882-3798,latex,60
585,Edwina,Blackhurst,eblackhurstg8@studiopress.com,722-828-3674,128,64,Female,Miss,Married,89 Ronald Regan Place,Atlanta,Florida,Westside Community Hospital,1906 BLAKE AVE,East,4/16/2025,massage therapy,Edwina Blackhurst,Monthly,923-284-0449,peanuts,96
586,Evie,Shoard,eshoardg9@4shared.com,573-321-5114,94,93,Female,Miss,Single,51116 Memorial Point,Philadelphia,Georgia,Sunshine Valley Hospital,PO BOX 480,East,10/9/2025,massage therapy,Evie Shoard,Weekly,965-555-3275,mold,145
587,Verge,Overall,voverallga@storify.com,790-484-9901,114,93,Male,Mrs,Widow,30 Colorado Alley,Philadelphia,South Carolina,Golden Gate Medical Center,18158 US HIGHWAY 18,East,5/3/2025,herbal remedies,Verge Overall,Often,293-280-4195,cats,142
588,Miof mela,Taylder,mmelagb@issuu.com,129-387-3859,93,127,Female,Mr,Married,2 Ridge Oak Alley,Pittsburgh,Georgia,Sunset Valley Medical Center,PO BOX 911875,East,7/18/2025,acupuncture,Miof mela Taylder,Never,100-582-2777,eggs,1
589,Gregorius,Taggart,gtaggartgc@jugem.jp,253-106-7787,81,107,Genderfluid,Ms,Single,54 Bashford Drive,New York City,Vermont,Coastal Breeze Hospital,701 N CLAYTON ST MOB SUITE 505,East,6/13/2025,aromatherapy,Gregorius Taggart,Seldom,624-514-7135,shellfish,63
590,Tedmund,Langmaid,tlangmaidgd@biglobe.ne.jp,445-514-2390,80,100,Male,Mrs,Widow,967 Vidon Junction,Raleigh,New Hampshire,Sunset Valley Medical Center,300 S 3RD W,East,9/15/2025,medication,Tedmund Langmaid,Daily,368-954-8201,shellfish,137
591,Barrie,Poore,bpoorege@bloomberg.com,477-295-2508,104,142,Female,Mrs,Widow,62 Moland Center,Charlotte,New York,Sunset Valley Medical Center,1101 E SPRING ST,East,6/13/2025,homeopathy,Barrie Poore,Monthly,300-786-3264,latex,81
592,Elana,Pohls,epohlsgf@angelfire.com,447-506-5821,61,44,Female,Ms,Single,86 5th Road,Charlotte,Georgia,Mountain View Medical Center,PO BOX 2400,East,12/22/2024,physical therapy,Elana Pohls,Weekly,215-197-8185,peanuts,80
593,Dana,Fulep,dfulepgg@amazon.co.uk,737-265-9203,51,94,Female,Mr,Married,9 Prairieview Center,Atlanta,New York,Oceanview General Hospital,90 BRICK RD,East,1/4/2025,hypnotherapy,Dana Fulep,Seldom,419-435-5062,grass,74
594,Stacee,Shevelin,sshevelingh@seattletimes.com,816-476-7297,110,63,Male,Miss,Widow,41 Clove Hill,Pittsburgh,Pennsylvania,Mountain View Medical Center,4600 MCAULEY PL 5TH FLOOR - FINANCE,East,8/6/2025,surgery,Stacee Shevelin,Once,720-263-3632,penicillin,72
595,Corissa,Gosnay,cgosnaygi@dailymotion.com,848-798-9622,106,49,Female,Miss,Married,8 Moulton Junction,Charlotte,Virginia,Golden Gate Medical Center,8338 N ARMENIA AVE STE A,East,5/29/2025,massage therapy,Corissa Gosnay,Never,215-723-0879,pollen,121
596,Xever,Screwton,xscrewtongj@newsvine.com,160-538-5419,94,12,Male,Miss,Single,7052 Schurz Plaza,New York City,Virginia,Westside Community Hospital,2 BRENT DR,East,11/20/2024,surgery,Xever Screwton,Seldom,217-217-0894,grass,39
597,Gretel,Artist,gartistgk@soundcloud.com,326-706-3387,16,111,Female,Mr,Widow,98 Shopko Court,Baltimore,North Carolina,Sunshine Valley Hospital,2000 POWELL ST 10TH FLOOR,East,10/12/2025,massage therapy,Gretel Artist,Yearly,276-303-6193,pollen,2
598,Batholomew,Slayny,bslaynygl@gnu.org,348-324-3555,112,125,Male,Miss,Married,840 Upham Plaza,Pittsburgh,Massachusetts,Coastal Breeze Hospital,4250 HOSPITAL DR PO BOX 1608,East,4/15/2025,surgery,Batholomew Slayny,Never,200-990-7297,dust,3
599,Janek,Janodet,jjanodetgm@squarespace.com,831-661-0321,109,121,Male,Mrs,Single,09226 Mockingbird Circle,Pittsburgh,Maine,Golden Gate Medical Center,3807 E BROAD ST STE 101,East,1/28/2025,medication,Janek Janodet,Yearly,532-885-8784,pollen,62
600,Cherise,Lindner,clindnergn@abc.net.au,644-380-7377,97,117,Female,Ms,Married,7565 Hermina Trail,Boston,Rhode Island,Mountain View Medical Center,2110 LEITER RD,East,5/3/2025,medication,Cherise Lindner,Weekly,833-428-8316,pollen,39
601,Ermentrude,Filochov,efilochovgo@constantcontact.com,101-869-2786,10,29,Polygender,Miss,Married,1 Dahle Drive,Boston,Connecticut,Sunset Valley Medical Center,201 LYONS AVE,East,1/3/2025,medication,Ermentrude Filochov,Monthly,278-676-1425,peanuts,125
602,Tabby,Frift,tfriftgp@auda.org.au,739-377-0949,33,68,Female,Mrs,Married,8932 Morning Road,Washington D.C.,North Carolina,Oceanview General Hospital,12902 MAGNOLIA DR,East,8/5/2025,chiropractic care,Tabby Frift,Daily,425-487-2462,penicillin,16
603,Lianne,Lille,llillegq@nbcnews.com,125-883-7041,110,28,Female,Mr,Married,42 Miller Park,Washington D.C.,New York,Westside Community Hospital,2333 ONTARIO RD NW,East,9/18/2025,surgery,Lianne Lille,Daily,239-374-9583,peanuts,117
604,Hadleigh,Robker,hrobkergr@bizjournals.com,619-599-8924,149,63,Male,Mr,Married,29884 Hollow Ridge Pass,Atlanta,Vermont,Sunset Valley Medical Center,PO BOX 604093,East,8/2/2025,hypnotherapy,Hadleigh Robker,Monthly,379-997-0912,latex,30
605,Zelig,Glasscott,zglasscottgs@youtu.be,526-891-0749,24,125,Male,Miss,Single,2473 Steensland Lane,Charlotte,New York,Westside Community Hospital,809 JACKSON ST PO BOX 319,East,10/23/2025,massage therapy,Zelig Glasscott,Yearly,409-103-5528,cats,96
606,Vanna,Scranney,vscranneygt@t.co,477-749-4160,105,13,Female,Miss,Married,3934 Victoria Hill,Atlanta,Delaware,Pacific Coast Hospital,PO BOX 781299,East,7/11/2025,medication,Vanna Scranney,Once,422-604-8062,dust,68
607,Chiarra,Gurney,cgurneygu@pcworld.com,754-342-8447,136,85,Female,Mrs,Single,6445 Helena Avenue,Atlanta,Maine,Mountain View Medical Center,619 MAIN ST W,East,11/27/2024,massage therapy,Chiarra Gurney,Yearly,995-418-1085,shellfish,108
608,Godfree,De Vries,gdegv@boston.com,880-904-8394,35,56,Male,Miss,Single,696 Charing Cross Place,Baltimore,Florida,Coastal Breeze Hospital,2543 MERIDIAN PKWY 2106,East,5/12/2025,homeopathy,Godfree De Vries,Weekly,382-692-2334,pollen,76
609,Koralle,Normanvill,knormanvillgw@infoseek.co.jp,970-176-3263,26,39,Bigender,Mrs,Married,24742 Crownhardt Street,Pittsburgh,Georgia,Mountain View Medical Center,5410 MARYLAND WAY #300,East,7/2/2025,surgery,Koralle Normanvill,Yearly,269-129-3359,dust,8
610,Sheff,Stoffersen,sstoffersengx@reuters.com,946-409-4597,91,44,Male,Miss,Married,20383 Homewood Hill,Atlanta,Vermont,Golden Gate Medical Center,PO BOX 751803,East,12/31/2024,medication,Sheff Stoffersen,Often,951-396-5239,cats,24
611,Chico,Piolli,cpiolligy@dailymail.co.uk,189-718-3387,100,103,Male,Mrs,Widow,6353 Burning Wood Lane,Baltimore,New Hampshire,Oceanview General Hospital,286 WESTWARD DR,East,8/20/2025,acupuncture,Chico Piolli,Never,406-982-0750,penicillin,122
612,Mirabelle,Brophy,mbrophygz@illinois.edu,147-282-8728,7,72,Female,Miss,Married,197 Harbort Lane,Philadelphia,Georgia,Sunset Valley Medical Center,PO BOX 50,East,12/24/2024,physical therapy,Mirabelle Brophy,Seldom,998-863-0294,grass,84
613,Bastian,Lauridsen,blauridsenh0@newyorker.com,459-123-2861,128,13,Male,Ms,Single,515 Sunfield Junction,Philadelphia,Virginia,Golden Hills Medical Center,1416 GEORGE DIETER DR,East,7/28/2025,aromatherapy,Bastian Lauridsen,Weekly,987-151-4170,grass,21
614,Hastie,De Lacey,hdeh1@kickstarter.com,651-563-5781,143,149,Polygender,Miss,Single,32 Forest Run Place,Raleigh,South Carolina,Coastal Breeze Hospital,3685 BRASELTON HWY SUITE 100,East,10/6/2025,homeopathy,Hastie De Lacey,Seldom,483-982-1000,cats,142
615,Horten,Sexty,hsextyh2@elegantthemes.com,290-960-4512,98,116,Polygender,Ms,Widow,008 Bunker Hill Hill,Baltimore,North Carolina,Mountain View Medical Center,120 E HOWARD ST,East,7/29/2025,surgery,Horten Sexty,Daily,650-397-9652,pollen,7
616,Kandace,Goodings,kgoodingsh3@ucoz.com,150-721-8235,76,88,Female,Mr,Widow,6117 Thackeray Road,Baltimore,New Jersey,Sunset Valley Medical Center,3700 S MAIN ST,East,6/26/2025,hypnotherapy,Kandace Goodings,Monthly,984-918-0111,latex,114
617,Shayne,Duignan,sduignanh4@google.nl,667-231-5832,51,14,Female,Ms,Single,01 Mitchell Terrace,Raleigh,New Jersey,Sierra Vista Regional Hospital,304 INDIAN TRCE SUITE 167,East,4/26/2025,aromatherapy,Shayne Duignan,Never,554-326-7234,peanuts,99
618,Erinn,Bellwood,ebellwoodh5@infoseek.co.jp,331-643-5675,54,81,Female,Mr,Single,02 Mariners Cove Road,Atlanta,North Carolina,Sunset Valley Medical Center,PO BOX 13578,East,5/4/2025,hypnotherapy,Erinn Bellwood,Monthly,936-343-9051,penicillin,12
619,Lorene,Baud,lbaudh6@lulu.com,408-680-8442,25,143,Female,Miss,Widow,27 Bonner Way,Pittsburgh,Delaware,Coastal Breeze Hospital,101 WILLMAR AVE SW,East,3/15/2025,medication,Lorene Baud,Monthly,937-260-5994,shellfish,116
620,Madelena,Giamuzzo,mgiamuzzoh7@google.fr,270-221-8651,63,128,Female,Miss,Widow,26 Reinke Crossing,Miami,New Hampshire,Coastal Breeze Hospital,PO BOX 911875,East,5/24/2025,massage therapy,Madelena Giamuzzo,Weekly,775-583-9582,mold,14
621,Gianina,Hovy,ghovyh8@typepad.com,216-211-7305,44,68,Female,Mr,Single,57159 Sutteridge Drive,Raleigh,Maine,Sierra Vista Regional Hospital,PO BOX 1008,East,4/1/2025,homeopathy,Gianina Hovy,Often,505-769-2195,grass,7
622,Ed,Mundie,emundieh9@businesswire.com,400-540-5154,70,11,Male,Mrs,Married,32885 Artisan Parkway,Pittsburgh,North Carolina,Mountain View Medical Center,2718 SQUIRREL HOLLOW DR,East,2/18/2025,aromatherapy,Ed Mundie,Seldom,167-137-6763,cats,15
623,Tiffy,Vondrasek,tvondrasekha@vkontakte.ru,160-991-4442,136,127,Female,Mr,Widow,20847 Little Fleur Center,Washington D.C.,North Carolina,Mountain View Medical Center,222 S FM 487,East,1/3/2025,aromatherapy,Tiffy Vondrasek,Once,246-236-5153,cats,26
624,Rudd,Marjanski,rmarjanskihb@newsvine.com,992-952-8104,66,24,Male,Mr,Single,2 Buell Circle,Philadelphia,Florida,Coastal Breeze Hospital,910 WALLACE AVE,East,1/15/2025,hypnotherapy,Rudd Marjanski,Monthly,915-972-2738,dust,66
625,Grenville,Eitter,geitterhc@ifeng.com,182-597-0318,94,6,Male,Miss,Widow,3 Riverside Parkway,Baltimore,Maryland,Golden Hills Medical Center,70 LINCOLN HWY E,East,6/14/2025,acupuncture,Grenville Eitter,Weekly,806-474-9467,mold,35
626,Trevor,Abbess,tabbesshd@ezinearticles.com,230-764-4449,28,33,Male,Ms,Widow,24 Pine View Plaza,New York City,Connecticut,Golden Gate Medical Center,250 N VERDUGO RD,East,7/3/2025,herbal remedies,Trevor Abbess,Monthly,164-270-4503,pollen,100
627,Sonni,Guidotti,sguidottihe@w3.org,665-914-7630,110,123,Female,Mrs,Widow,345 Linden Terrace,Pittsburgh,New Jersey,Golden Gate Medical Center,180 JACKSON ST NE APT 6205,East,8/14/2025,chiropractic care,Sonni Guidotti,Monthly,999-354-6009,shellfish,59
628,Madeleine,Reyner,mreynerhf@miibeian.gov.cn,982-633-9393,150,58,Female,Mrs,Single,81 Amoth Crossing,Baltimore,Georgia,Sunset Valley Medical Center,720 4TH ST N PO BOX 2010,East,4/14/2025,acupuncture,Madeleine Reyner,Monthly,987-633-4391,grass,148
629,Ruperto,Stive,rstivehg@virginia.edu,647-346-0775,115,62,Male,Mrs,Widow,6 Cardinal Plaza,Philadelphia,Vermont,Oceanview General Hospital,4256 BRONX BLVD,East,11/21/2024,chiropractic care,Ruperto Stive,Seldom,847-367-4936,penicillin,141
630,Lucie,Giordano,lgiordanohh@si.edu,632-547-6248,80,32,Female,Mr,Widow,81 Tennessee Junction,Pittsburgh,Maine,Oceanview General Hospital,600 W MEMORIAL DR ATTN: CAROL O'CONNELL,East,2/22/2025,homeopathy,Lucie Giordano,Daily,995-282-0748,grass,82
631,Agosto,Monkeman,amonkemanhi@blogger.com,329-231-6616,6,116,Male,Miss,Widow,33961 Porter Lane,Miami,New York,Golden Hills Medical Center,"3801 GASVERKS GADE SUITE 2, BAYS 3 AND 4",East,10/11/2025,homeopathy,Agosto Monkeman,Seldom,903-999-5874,grass,86
632,Alberto,Dello,adellohj@cyberchimps.com,405-148-2576,105,111,Male,Mr,Single,1 Vahlen Parkway,Philadelphia,Florida,Sunset Valley Medical Center,PO BOX 457,East,8/31/2025,acupuncture,Alberto Dello,Yearly,714-529-7675,latex,22
633,Araldo,Delnevo,adelnevohk@loc.gov,899-289-7523,40,104,Male,Mr,Single,9288 Surrey Parkway,Boston,South Carolina,Westside Community Hospital,1785 4TH AVE,East,3/18/2025,massage therapy,Araldo Delnevo,Daily,616-285-8026,grass,43
634,Aleksandr,Wintour,awintourhl@mapquest.com,832-897-1198,6,38,Male,Ms,Single,37 Mandrake Park,Baltimore,North Carolina,Pacific Coast Hospital,1140 W 50TH ST STE 207,East,4/9/2025,physical therapy,Aleksandr Wintour,Weekly,126-231-2439,cats,45
635,Yelena,Northen,ynorthenhm@bing.com,922-940-0316,145,139,Female,Miss,Married,1 Gulseth Point,Boston,North Carolina,Coastal Breeze Hospital,6501 CITY WEST PKWY,East,3/14/2025,herbal remedies,Yelena Northen,Never,605-592-3646,pollen,112
636,Vin,Gisbourn,vgisbournhn@bravesites.com,613-207-2025,142,5,Female,Ms,Married,10 Lindbergh Way,Atlanta,Massachusetts,Sunshine Valley Hospital,240 SPRUCE ST,East,8/26/2025,massage therapy,Vin Gisbourn,Monthly,238-223-1073,mold,88
637,Katya,Ream,kreamho@tiny.cc,120-348-6945,13,83,Female,Mr,Widow,53 Pine View Alley,New York City,Florida,Sunshine Valley Hospital,PO BOX 19305,East,5/31/2025,homeopathy,Katya Ream,Yearly,637-231-1060,pollen,62
638,Florella,Morison,fmorisonhp@goodreads.com,127-625-0005,52,11,Female,Mr,Married,6 Bellgrove Way,Pittsburgh,Maine,Oceanview General Hospital,5601 OFFICE BLVD NE,East,10/17/2025,herbal remedies,Florella Morison,Daily,507-505-2311,latex,93
639,Roarke,Kibble,rkibblehq@godaddy.com,387-812-0024,70,25,Male,Miss,Single,5 Sunfield Crossing,Pittsburgh,Virginia,Golden Hills Medical Center,PO BOX 2070,East,12/24/2024,hypnotherapy,Roarke Kibble,Seldom,106-929-2436,latex,16
640,Elwood,Sirmond,esirmondhr@ebay.co.uk,963-715-4642,37,60,Male,Miss,Widow,42 Eastwood Place,Baltimore,Florida,Golden Hills Medical Center,627 ALBANY AVE,East,8/22/2025,surgery,Elwood Sirmond,Monthly,836-895-5596,eggs,84
641,Winny,Bolus,wbolushs@nydailynews.com,114-910-5682,144,31,Male,Ms,Married,35 Anzinger Alley,Miami,Rhode Island,Sierra Vista Regional Hospital,269 PORTLAND WAY S,East,1/16/2025,aromatherapy,Winny Bolus,Once,873-671-9005,pollen,5
642,Clotilda,Reihm,creihmht@smh.com.au,402-286-6692,147,61,Female,Mr,Single,7471 West Pass,Miami,Maine,Sunset Valley Medical Center,PO BOX 503525,East,2/6/2025,chiropractic care,Clotilda Reihm,Yearly,183-967-3412,shellfish,32
643,Eda,Elleray,eellerayhu@tinyurl.com,865-531-1058,140,131,Female,Miss,Married,695 Sunfield Alley,Atlanta,Vermont,Sierra Vista Regional Hospital,600 N COLLEGE AVE,East,12/31/2024,aromatherapy,Eda Elleray,Never,371-610-2381,mold,80
644,Daphna,Bedingfield,dbedingfieldhv@freewebs.com,790-807-1210,71,141,Female,Mrs,Married,7 Helena Avenue,Pittsburgh,New Hampshire,Sunset Valley Medical Center,1800 ORLEANS STREET MEYER01-130,East,10/20/2025,surgery,Daphna Bedingfield,Weekly,194-916-1321,mold,15
645,Pip,Castille,pcastillehw@lycos.com,189-676-7327,62,79,Male,Mrs,Widow,7609 Lindbergh Alley,Philadelphia,Delaware,Coastal Breeze Hospital,600 S AUSTIN RD,East,3/10/2025,massage therapy,Pip Castille,Daily,945-785-1453,eggs,120
646,Lonnard,Wishkar,lwishkarhx@reverbnation.com,580-857-6288,15,118,Male,Mrs,Married,96939 Farwell Pass,Charlotte,Maine,Sunset Valley Medical Center,7210 MURRAY DR,East,10/14/2025,acupuncture,Lonnard Wishkar,Seldom,150-152-0411,eggs,41
647,Ermin,Aleixo,ealeixohy@networkadvertising.org,990-990-6302,19,100,Male,Miss,Single,314 Waxwing Circle,Pittsburgh,Virginia,Golden Gate Medical Center,3675 KILAUEA AVE,East,4/8/2025,medication,Ermin Aleixo,Yearly,149-535-7145,peanuts,37
648,Hollyanne,McCambrois,hmccambroishz@shop-pro.jp,302-249-0602,120,77,Female,Miss,Widow,49 Myrtle Crossing,Philadelphia,New Jersey,Sierra Vista Regional Hospital,66 N 6TH ST,East,3/7/2025,surgery,Hollyanne McCambrois,Once,700-376-5465,grass,131
649,Willyt,Weatherup,wweatherupi0@360.cn,290-360-6511,42,66,Female,Miss,Married,2300 Norway Maple Pass,Raleigh,Massachusetts,Golden Gate Medical Center,PO BOX 3407,East,4/26/2025,surgery,Willyt Weatherup,Often,395-555-6452,pollen,35
650,Maximilian,Mash,mmashi1@clickbank.net,832-877-6099,103,100,Male,Ms,Married,89971 Cardinal Point,Raleigh,New York,Sierra Vista Regional Hospital,PO BOX 2917,East,5/14/2025,medication,Maximilian Mash,Once,528-109-1654,cats,49
651,Luisa,Briskey,lbriskeyi2@cdc.gov,724-143-9763,145,141,Female,Mr,Widow,846 Loftsgordon Street,Raleigh,Maryland,Westside Community Hospital,6156 SCHULTZ ROAD,East,10/2/2025,acupuncture,Luisa Briskey,Seldom,831-555-9713,eggs,92
652,Angele,Maiden,amaideni3@nytimes.com,785-514-3262,65,117,Female,Mr,Married,8500 Melby Pass,Charlotte,New Jersey,Mountain View Medical Center,300 CANAL ST,East,6/13/2025,homeopathy,Angele Maiden,Yearly,340-781-5859,cats,19
653,Rurik,Ochterlonie,rochterloniei4@cmu.edu,598-316-5390,24,82,Male,Mrs,Widow,2150 Merry Drive,Washington D.C.,Maryland,Sierra Vista Regional Hospital,4502 MEDICAL DR # MS 102-1,East,12/20/2024,acupuncture,Rurik Ochterlonie,Weekly,227-579-3409,penicillin,72
654,Astrix,Presdie,apresdiei5@vk.com,847-955-3595,13,76,Female,Mr,Widow,901 Namekagon Parkway,Washington D.C.,New Jersey,Oceanview General Hospital,711 PARKSIDE AVE,East,9/26/2025,herbal remedies,Astrix Presdie,Once,493-521-9139,eggs,103
655,Burlie,Cullagh,bcullaghi6@cnet.com,878-860-9243,1,86,Male,Ms,Married,8 Dapin Terrace,Pittsburgh,North Carolina,Sierra Vista Regional Hospital,1406 6TH AVE N,East,7/10/2025,hypnotherapy,Burlie Cullagh,Seldom,673-676-3712,penicillin,100
656,Rahal,Otter,rotteri7@myspace.com,536-275-2593,57,147,Female,Ms,Widow,5010 Portage Park,Atlanta,New York,Mountain View Medical Center,316 W 2ND ST,East,2/27/2025,chiropractic care,Rahal Otter,Yearly,112-943-0173,eggs,12
657,Deana,Curson,dcursoni8@unesco.org,736-660-0617,143,93,Female,Ms,Widow,57 Dovetail Avenue,Pittsburgh,Virginia,Oceanview General Hospital,24 STEVENS ST,East,2/10/2025,massage therapy,Deana Curson,Seldom,509-195-6041,eggs,142
658,Eddy,Odams,eodamsi9@biblegateway.com,650-682-6154,81,57,Male,Mrs,Widow,29037 Clemons Junction,Baltimore,New York,Golden Hills Medical Center,1 BURTON HILLS BLVD SUITE 250,East,2/8/2025,physical therapy,Eddy Odams,Often,152-845-7210,latex,7
659,Sisile,Thirlaway,sthirlawayia@toplist.cz,325-369-9716,100,125,Female,Mrs,Single,1421 Bayside Pass,Pittsburgh,Connecticut,Mountain View Medical Center,PO BOX 602373,East,3/1/2025,homeopathy,Sisile Thirlaway,Daily,904-321-3690,latex,49
660,Maude,Iveagh,miveaghib@washingtonpost.com,837-133-6074,103,31,Female,Miss,Widow,8 Birchwood Street,New York City,Delaware,Coastal Breeze Hospital,305 ESTILL ST,East,3/8/2025,homeopathy,Maude Iveagh,Daily,937-377-6990,latex,21
661,Mahmoud,Cheng,mchengic@oracle.com,221-776-5554,100,46,Male,Mr,Single,657 Ruskin Alley,Boston,North Carolina,Oceanview General Hospital,PO BOX 751730,East,4/1/2025,chiropractic care,Mahmoud Cheng,Daily,542-343-1460,pollen,6
662,Obadiah,Piccop,opiccopid@acquirethisname.com,225-496-0139,47,113,Male,Miss,Married,743 Tomscot Pass,Atlanta,New Hampshire,Oceanview General Hospital,8175 RELIABLE PKWY,East,2/15/2025,medication,Obadiah Piccop,Weekly,100-899-4672,mold,52
663,Dex,McLane,dmclaneie@dmoz.org,511-891-2481,79,17,Male,Ms,Married,39370 Kropf Junction,Baltimore,Florida,Coastal Breeze Hospital,1812 OAKLAND AVE,East,2/1/2025,chiropractic care,Dex McLane,Never,922-140-5758,penicillin,31
664,Kathi,Abraham,kabrahamif@shareasale.com,290-680-0336,74,148,Female,Mr,Single,6 Dawn Court,Boston,Connecticut,Pacific Coast Hospital,118 E HASKELL ST,East,8/10/2025,surgery,Kathi Abraham,Never,633-111-1499,mold,147
665,Aldridge,Pantridge,apantridgeig@qq.com,361-478-1771,117,108,Male,Mrs,Single,0 Nobel Park,Washington D.C.,New York,Sierra Vista Regional Hospital,6905 NW 77TH AVE,East,4/5/2025,herbal remedies,Aldridge Pantridge,Daily,587-167-7060,pollen,30
666,Hedwiga,Worton,hwortonih@phpbb.com,136-386-9814,123,37,Female,Miss,Married,4590 Towne Way,Raleigh,Pennsylvania,Westside Community Hospital,4714 GETTYSBURG RD LEGAL DPT,East,9/16/2025,medication,Hedwiga Worton,Weekly,243-320-1847,cats,138
667,Ferguson,Damerell,fdamerellii@tripadvisor.com,514-986-0188,106,33,Male,Ms,Single,692 Loftsgordon Plaza,Washington D.C.,Pennsylvania,Oceanview General Hospital,330 SEVEN SPRINGS WAY,East,4/23/2025,medication,Ferguson Damerell,Never,364-755-9367,pollen,67
668,Danell,Orrom,dorromij@addtoany.com,994-646-5861,132,116,Female,Ms,Single,559 Orin Park,Pittsburgh,Vermont,Golden Hills Medical Center,PO BOX 310,East,6/22/2025,hypnotherapy,Danell Orrom,Seldom,315-242-9237,penicillin,139
669,Smith,Leeburn,sleeburnik@sakura.ne.jp,354-418-8462,47,47,Male,Ms,Widow,4 Summerview Pass,Pittsburgh,New Hampshire,Sunshine Valley Hospital,1 AMALIA DR,East,8/26/2025,chiropractic care,Smith Leeburn,Once,595-639-8328,shellfish,128
670,Kayley,McGilmartin,kmcgilmartinil@quantcast.com,408-897-3966,26,15,Polygender,Mrs,Widow,44719 Brentwood Parkway,Philadelphia,Maine,Sunset Valley Medical Center,100 MEDICAL PKWY,East,8/10/2025,medication,Kayley McGilmartin,Daily,378-238-7874,shellfish,148
671,Galvin,Guerreiro,gguerreiroim@theglobeandmail.com,769-133-5754,41,122,Male,Mrs,Widow,4 Prentice Hill,Philadelphia,Virginia,Pacific Coast Hospital,300 HALKET ST,East,1/18/2025,chiropractic care,Galvin Guerreiro,Often,979-754-2698,eggs,117
672,Trey,Charlesworth,tcharlesworthin@theguardian.com,511-596-3055,66,131,Agender,Mrs,Widow,6042 Pankratz Place,Miami,Virginia,Sierra Vista Regional Hospital,4021 AVENUE B,East,4/12/2025,herbal remedies,Trey Charlesworth,Never,896-486-6656,eggs,5
673,Feliza,Mewha,fmewhaio@discuz.net,573-105-0347,97,32,Female,Mrs,Single,16 Eastwood Alley,Pittsburgh,New York,Sunset Valley Medical Center,1500 LANSDOWNE AVE,East,10/21/2025,acupuncture,Feliza Mewha,Yearly,286-851-9903,mold,106
674,Tammy,Reuter,treuterip@cdbaby.com,628-597-6492,90,107,Male,Miss,Single,6 Cardinal Center,Atlanta,Massachusetts,Golden Hills Medical Center,PO BOX 348447,East,7/23/2025,chiropractic care,Tammy Reuter,Once,248-274-2111,peanuts,116
675,Brittany,Pitkaithly,bpitkaithlyiq@ow.ly,762-687-1103,3,82,Female,Ms,Married,04834 Drewry Court,Philadelphia,Delaware,Golden Hills Medical Center,PO BOX 38,East,1/23/2025,surgery,Brittany Pitkaithly,Often,947-206-7346,shellfish,104
676,Dulcine,Klemke,dklemkeir@mlb.com,532-988-8141,52,11,Female,Mr,Widow,903 Lakewood Gardens Court,Boston,South Carolina,Oceanview General Hospital,"1905 E HUEBBE PKWY 5TH FLOOR, #5023",East,1/26/2025,hypnotherapy,Dulcine Klemke,Monthly,456-530-7068,cats,42
677,Susan,Grainge,sgraingeis@ehow.com,395-477-5037,76,150,Female,Mrs,Married,3692 Ramsey Park,Charlotte,Virginia,Sierra Vista Regional Hospital,20103 LAKE CHABOT RD,East,3/10/2025,medication,Susan Grainge,Once,490-970-8794,latex,109
678,Jennilee,Farquharson,jfarquharsonit@ted.com,672-849-3022,7,114,Female,Mr,Married,9 Talmadge Center,Charlotte,South Carolina,Mountain View Medical Center,PO BOX 8500 LOCKBOX #7642,East,11/16/2024,medication,Jennilee Farquharson,Monthly,222-523-0625,shellfish,2
679,Cornall,Sonley,csonleyiu@bandcamp.com,372-561-9914,115,126,Male,Ms,Married,99 Gina Street,Raleigh,Pennsylvania,Coastal Breeze Hospital,303 BANCARIO RD. SUITE 1,East,12/6/2024,medication,Cornall Sonley,Weekly,115-764-6315,mold,8
680,Drusilla,Bernardinelli,dbernardinelliiv@devhub.com,477-584-9504,8,106,Female,Mr,Married,378 Hovde Point,New York City,Connecticut,Sunshine Valley Hospital,1345 42ND ST,East,2/13/2025,acupuncture,Drusilla Bernardinelli,Yearly,896-112-8391,penicillin,53
681,Cherin,Slowan,cslowaniw@slate.com,502-504-7566,149,56,Female,Mrs,Single,3134 Golf Course Plaza,Boston,Georgia,Oceanview General Hospital,P.O. BOX 997,East,9/24/2025,chiropractic care,Cherin Slowan,Once,564-798-8922,shellfish,120
682,Tadio,Fetherston,tfetherstonix@istockphoto.com,932-991-9640,46,7,Male,Ms,Married,74125 Hoffman Hill,Washington D.C.,Rhode Island,Coastal Breeze Hospital,4995 DERBY LN,East,9/25/2025,surgery,Tadio Fetherston,Yearly,497-162-2697,dust,69
683,Fae,Minney,fminneyiy@home.pl,501-492-5075,4,148,Female,Mrs,Widow,47198 Summit Hill,Charlotte,Maryland,Coastal Breeze Hospital,1700 MOUNT VERNON AVE RM 1241,East,10/16/2025,surgery,Fae Minney,Daily,759-548-1605,latex,67
684,Krysta,Gander,kganderiz@nih.gov,794-407-7319,93,63,Female,Miss,Widow,6 Columbus Place,Raleigh,New York,Sierra Vista Regional Hospital,1221 S GEAR AVE,East,10/7/2025,homeopathy,Krysta Gander,Yearly,306-776-1129,cats,114
685,Adel,Thunder,athunderj0@google.pl,627-333-0399,94,1,Female,Mr,Married,50 Forest Dale Pass,Baltimore,Florida,Coastal Breeze Hospital,PO BOX 12256,East,10/7/2025,aromatherapy,Adel Thunder,Often,100-699-3792,peanuts,102
686,Courtnay,O'Lehane,colehanej1@utexas.edu,167-202-0087,52,4,Female,Miss,Single,6421 New Castle Street,Charlotte,Georgia,Oceanview General Hospital,5200 HARRY HINES BLVD PHARMACY ADMINISTRATION,East,12/13/2024,massage therapy,Courtnay O'Lehane,Seldom,289-792-6707,peanuts,18
687,Dora,Goulden,dgouldenj2@etsy.com,695-716-2003,72,96,Female,Ms,Married,499 Loomis Way,Pittsburgh,Virginia,Sierra Vista Regional Hospital,PO BOX 8434,East,8/2/2025,surgery,Dora Goulden,Often,808-255-1913,peanuts,71
688,Basil,Mahon,bmahonj3@simplemachines.org,239-362-0832,69,23,Male,Miss,Widow,32 Monica Hill,Raleigh,Maine,Mountain View Medical Center,1 MEDICAL PARK,East,11/8/2024,hypnotherapy,Basil Mahon,Once,350-260-3032,cats,96
689,Quinn,Bleiman,qbleimanj4@about.me,596-321-9632,12,141,Non-binary,Ms,Single,1 Golf View Circle,Washington D.C.,Georgia,Westside Community Hospital,1345 N MADISON AVE,East,6/21/2025,herbal remedies,Quinn Bleiman,Yearly,314-349-2721,cats,102
690,Alano,Jerrans,ajerransj5@symantec.com,738-790-4642,65,56,Male,Mrs,Widow,5756 Laurel Road,Miami,South Carolina,Pacific Coast Hospital,6071 YORK BLVD,East,10/3/2025,massage therapy,Alano Jerrans,Monthly,843-289-3151,grass,67
691,Bert,Sevin,bsevinj6@ning.com,817-618-7523,123,121,Male,Mr,Widow,655 Ridgeview Court,New York City,Maine,Mountain View Medical Center,1339 S FEDERAL BLVD,East,9/29/2025,medication,Bert Sevin,Weekly,389-281-5248,penicillin,146
692,Ursa,Abbatini,uabbatinij7@reddit.com,982-997-2972,119,121,Female,Miss,Widow,7392 Columbus Crossing,Baltimore,Delaware,Pacific Coast Hospital,4850 LEMAY FERRY RD SUITE 210,East,6/8/2025,acupuncture,Ursa Abbatini,Never,587-267-2785,grass,84
693,Aurel,Orhtmann,aorhtmannj8@skyrock.com,428-749-4911,67,86,Female,Miss,Single,2 Melrose Drive,Charlotte,Pennsylvania,Pacific Coast Hospital,5918 W 20TH AVE,East,3/1/2025,chiropractic care,Aurel Orhtmann,Monthly,526-163-4605,eggs,22
694,Ursola,Lyster,ulysterj9@webs.com,977-526-7581,80,37,Female,Miss,Widow,8 Lakewood Hill,Miami,South Carolina,Golden Gate Medical Center,200 S GENEVA ST,East,3/20/2025,acupuncture,Ursola Lyster,Monthly,511-529-2629,mold,27
695,Cello,Dewberry,cdewberryja@dell.com,903-884-4827,63,122,Male,Mrs,Single,93263 Twin Pines Court,New York City,New Hampshire,Oceanview General Hospital,8580 MAGELLAN PKWY,East,1/4/2025,aromatherapy,Cello Dewberry,Often,985-920-2647,pollen,12
696,Rikki,Ghidoni,rghidonijb@uiuc.edu,720-362-3555,75,141,Female,Mrs,Single,1507 Waywood Terrace,Atlanta,Massachusetts,Mountain View Medical Center,PO BOX 1304,East,10/6/2025,surgery,Rikki Ghidoni,Once,624-890-9869,mold,24
697,Pauli,Costelow,pcostelowjc@dion.ne.jp,916-641-0595,25,116,Female,Miss,Married,839 Nobel Hill,Charlotte,New Jersey,Coastal Breeze Hospital,5900 BOND AVE,East,7/18/2025,surgery,Pauli Costelow,Weekly,761-663-4208,pollen,120
698,Whitman,Friberg,wfribergjd@soup.io,680-119-5042,77,20,Male,Miss,Widow,785 Goodland Junction,Philadelphia,New Hampshire,Mountain View Medical Center,330 SEVEN SPRINGS WAY,East,12/10/2024,surgery,Whitman Friberg,Monthly,628-505-7219,peanuts,32
699,Dion,Taillant,dtaillantje@nps.gov,696-745-7153,48,13,Male,Mr,Widow,31 Lighthouse Bay Junction,Charlotte,Delaware,Coastal Breeze Hospital,9300 DEWITT LOOP,East,7/14/2025,herbal remedies,Dion Taillant,Daily,336-286-9412,mold,27
700,Buck,Girardy,bgirardyjf@cmu.edu,635-171-2698,62,48,Male,Ms,Married,628 Merrick Street,Pittsburgh,Virginia,Oceanview General Hospital,9 MULE RD SUITE E8,East,7/31/2025,surgery,Buck Girardy,Once,487-950-9046,shellfish,73
701,Leif,Gasticke,lgastickejg@boston.com,864-639-7180,108,60,Genderfluid,Ms,Married,8611 Amoth Drive,Atlanta,Connecticut,Sunshine Valley Hospital,598 W 900 S STE 220,East,1/16/2025,medication,Leif Gasticke,Weekly,547-475-6551,penicillin,24
702,Jamey,Teager,jteagerjh@so-net.ne.jp,310-168-2383,27,145,Male,Miss,Widow,78 Glacier Hill Trail,Philadelphia,New Jersey,Coastal Breeze Hospital,567 SPRUCE LN,East,6/13/2025,surgery,Jamey Teager,Seldom,749-926-9999,mold,12
703,Rosa,Stuther,rstutherji@umich.edu,450-513-9520,5,97,Female,Miss,Widow,13680 Vahlen Hill,Boston,Maine,Pacific Coast Hospital,500 LONDON AVE,East,1/15/2025,aromatherapy,Rosa Stuther,Weekly,561-252-6901,shellfish,93
704,Harri,Kemmey,hkemmeyjj@eepurl.com,417-604-4493,25,94,Female,Mrs,Single,953 Steensland Way,Washington D.C.,Connecticut,Coastal Breeze Hospital,2023 CONNONADE DR,East,5/17/2025,homeopathy,Harri Kemmey,Weekly,754-724-4461,peanuts,103
705,Virgie,Nancekivell,vnancekivelljk@elegantthemes.com,724-775-9806,127,149,Male,Miss,Widow,0273 Hoard Parkway,Washington D.C.,Delaware,Oceanview General Hospital,PO BOX 633762,East,10/3/2025,medication,Virgie Nancekivell,Often,189-856-9630,mold,127
706,Shelley,Sanders,ssandersjl@microsoft.com,205-674-4926,150,116,Male,Miss,Married,61 4th Terrace,New York City,Florida,Golden Gate Medical Center,4000 WELLNESS DR,East,9/25/2025,herbal remedies,Shelley Sanders,Monthly,836-666-1881,mold,118
707,Francklyn,Onraet,fonraetjm@aboutads.info,491-768-9851,66,42,Male,Miss,Married,34 Kipling Alley,Raleigh,Rhode Island,Sunshine Valley Hospital,135 DOGWOOD ST SW,East,9/3/2025,herbal remedies,Francklyn Onraet,Often,554-479-4674,latex,15
708,Dolli,Sager,dsagerjn@bloomberg.com,601-232-9402,79,98,Female,Ms,Single,09 Green Hill,New York City,South Carolina,Oceanview General Hospital,723 MEMORIAL STREET,East,9/25/2025,hypnotherapy,Dolli Sager,Often,438-904-8378,pollen,68
709,Norma,Speedy,nspeedyjo@cloudflare.com,136-250-9902,38,17,Female,Mrs,Single,2 Blackbird Pass,Raleigh,Maine,Golden Gate Medical Center,PO BOX 1281,East,11/22/2024,herbal remedies,Norma Speedy,Often,976-754-0563,shellfish,86
710,Herb,Millership,hmillershipjp@dmoz.org,878-895-2800,74,3,Male,Ms,Widow,074 Kennedy Road,Raleigh,North Carolina,Westside Community Hospital,300 RIVERSIDE DR E STE 4300,East,7/3/2025,homeopathy,Herb Millership,Once,374-749-2192,pollen,90
711,Berri,Gadney,bgadneyjq@fema.gov,849-700-4679,69,78,Female,Mrs,Widow,1749 Forest Street,Philadelphia,North Carolina,Pacific Coast Hospital,2492 S CITIES SERVICE HWY,East,10/4/2025,massage therapy,Berri Gadney,Weekly,556-190-8774,pollen,114
712,Darby,Lillico,dlillicojr@cdbaby.com,798-217-7780,92,94,Female,Miss,Married,9 Shelley Place,Pittsburgh,Delaware,Sunset Valley Medical Center,287 HIGHWAY 90 E STE 5 STE#5,East,1/19/2025,chiropractic care,Darby Lillico,Monthly,995-114-5787,cats,31
713,Georges,Crosser,gcrosserjs@dailymotion.com,526-286-3256,123,2,Male,Miss,Married,2 Gerald Drive,Baltimore,New Hampshire,Golden Hills Medical Center,5151 N 9TH AVE,East,10/5/2025,acupuncture,Georges Crosser,Weekly,220-444-2997,dust,50
714,Marlon,Teresi,mteresijt@miitbeian.gov.cn,440-248-5008,19,17,Male,Miss,Widow,48003 Lyons Center,Boston,South Carolina,Westside Community Hospital,29980 NETWORK PL,East,3/1/2025,surgery,Marlon Teresi,Daily,706-958-7241,mold,41
715,Brien,Braker,bbrakerju@pinterest.com,440-645-1700,19,90,Male,Ms,Married,55 Roxbury Street,Pittsburgh,North Carolina,Sunset Valley Medical Center,PO BOX 15004,East,3/25/2025,chiropractic care,Brien Braker,Never,621-646-3554,pollen,66
716,Kelwin,Cyphus,kcyphusjv@about.me,519-712-2480,46,20,Male,Mr,Married,3491 Pond Plaza,Miami,New York,Sierra Vista Regional Hospital,PO BOX 221648,East,2/27/2025,herbal remedies,Kelwin Cyphus,Often,590-367-3155,pollen,1
717,Caressa,Harvatt,charvattjw@ameblo.jp,437-453-2764,74,66,Female,Mrs,Married,5809 Packers Hill,Boston,North Carolina,Sierra Vista Regional Hospital,PO BOX 601743,East,6/27/2025,aromatherapy,Caressa Harvatt,Yearly,301-193-0091,cats,113
718,Haven,Goroni,hgoronijx@cnet.com,423-407-8576,69,60,Male,Miss,Widow,9 Fairfield Avenue,Boston,Pennsylvania,Sunset Valley Medical Center,2201 HEMPSTEAD TPKE,East,3/26/2025,chiropractic care,Haven Goroni,Often,879-740-4507,dust,36
719,Bentley,Wind,bwindjy@flickr.com,292-508-6233,137,36,Male,Mrs,Single,41 Warbler Plaza,Baltimore,New Jersey,Westside Community Hospital,3555 STAGG DR,East,12/5/2024,massage therapy,Bentley Wind,Once,329-365-4120,eggs,86
720,Tomasina,Viccars,tviccarsjz@rakuten.co.jp,419-883-9509,18,80,Female,Ms,Married,436 Kim Terrace,Charlotte,Vermont,Golden Gate Medical Center,42084 STATE HIGHWAY 28,East,8/31/2025,hypnotherapy,Tomasina Viccars,Seldom,369-495-4985,grass,17
721,Fitzgerald,Spawforth,fspawforthk0@chicagotribune.com,572-153-6393,144,90,Male,Mrs,Single,71 Green Plaza,Washington D.C.,North Carolina,Mountain View Medical Center,504 LIPSCOMB ST,East,9/16/2025,medication,Fitzgerald Spawforth,Yearly,368-407-3534,cats,13
722,Harald,Verdun,hverdunk1@biblegateway.com,246-852-0445,21,49,Male,Ms,Single,6 Nelson Trail,Washington D.C.,Massachusetts,Sunset Valley Medical Center,762 N DAN JONES RD,East,12/7/2024,hypnotherapy,Harald Verdun,Daily,206-916-4428,eggs,49
723,Wolfy,Maunder,wmaunderk2@independent.co.uk,154-364-7884,29,101,Male,Mrs,Widow,80611 Barnett Place,Charlotte,Connecticut,Coastal Breeze Hospital,829 N CENTER AVE,East,1/3/2025,medication,Wolfy Maunder,Weekly,795-948-2222,eggs,36
724,Howie,Souley,hsouleyk3@state.tx.us,615-632-5615,39,86,Male,Miss,Single,8676 Donald Alley,Pittsburgh,New Jersey,Oceanview General Hospital,3100 SUPERIOR AVE,East,5/26/2025,herbal remedies,Howie Souley,Monthly,870-495-1466,cats,29
725,Karoly,Ghidelli,kghidellik4@example.com,844-582-7437,46,113,Female,Miss,Married,881 Katie Avenue,Philadelphia,Delaware,Golden Hills Medical Center,8350 NW 157TH TER,East,12/6/2024,homeopathy,Karoly Ghidelli,Daily,941-447-6187,pollen,19
726,Eve,Greenshiels,egreenshielsk5@skype.com,238-735-9266,41,49,Female,Mr,Single,19 Dottie Place,Washington D.C.,Massachusetts,Mountain View Medical Center,PO BOX Z ,East,7/10/2025,herbal remedies,Eve Greenshiels,Yearly,817-850-1431,pollen,4
727,Tiphani,Wasmer,twasmerk6@shinystat.com,321-146-5017,38,94,Female,Miss,Married,76288 Lyons Plaza,Atlanta,Delaware,Sunset Valley Medical Center,PO BOX 3366,East,6/21/2025,physical therapy,Tiphani Wasmer,Monthly,661-303-2773,dust,57
728,Filbert,Pashba,fpashbak7@deviantart.com,198-565-4334,139,131,Male,Mrs,Married,0130 Lakewood Park,Philadelphia,Pennsylvania,Westside Community Hospital,PO BOX 19012,East,3/30/2025,hypnotherapy,Filbert Pashba,Weekly,364-268-6229,grass,36
729,Mead,Clyde,mclydek8@wunderground.com,445-387-0021,65,142,Male,Miss,Married,55 Southridge Street,Pittsburgh,New York,Oceanview General Hospital,2401 W BELVEDERE AVE ATTN: CREDENTIALING,East,12/18/2024,acupuncture,Mead Clyde,Weekly,129-956-5097,peanuts,61
730,Filberto,Mullineux,fmullineuxk9@dot.gov,150-698-2699,118,144,Male,Mr,Single,57 Sachtjen Court,Washington D.C.,Virginia,Sunshine Valley Hospital,216 S KINGSHIGHWAY BLVD MS 90-33-630,East,6/11/2025,medication,Filberto Mullineux,Never,234-624-5975,eggs,67
731,Mame,Bangle,mbangleka@jugem.jp,369-430-6672,74,106,Female,Mrs,Married,4 Glendale Park,Washington D.C.,Vermont,Oceanview General Hospital,PO BOX 845347,East,5/22/2025,homeopathy,Mame Bangle,Often,651-582-1445,mold,144
732,Gillian,Tallboy,gtallboykb@mapquest.com,197-298-1914,42,44,Female,Ms,Single,3227 Tomscot Street,New York City,Florida,Coastal Breeze Hospital,700 E 1ST AVENUE,East,7/17/2025,herbal remedies,Gillian Tallboy,Yearly,484-903-3740,peanuts,45
733,Dov,O'Hingerty,dohingertykc@alibaba.com,240-442-8520,80,129,Male,Mrs,Widow,92 Sheridan Parkway,Charlotte,Delaware,Sierra Vista Regional Hospital,"3500 HIGHWAY 17 N STE. 200, C/O MOUNT PLEASANT HOSPITAL - MEDICAL OFFICES",East,4/13/2025,acupuncture,Dov O'Hingerty,Never,166-958-7277,penicillin,24
734,Virgil,Antrack,vantrackkd@about.me,613-822-6184,11,6,Male,Ms,Widow,8378 Lakewood Center,Baltimore,Rhode Island,Sierra Vista Regional Hospital,7218 GARFIELD AVE,East,2/21/2025,acupuncture,Virgil Antrack,Often,167-347-9822,grass,138
735,Tori,Beckworth,tbeckworthke@about.me,428-376-7369,14,59,Female,Ms,Single,79 Loeprich Plaza,Raleigh,Vermont,Westside Community Hospital,6001 KYLE PKWY,East,2/20/2025,acupuncture,Tori Beckworth,Often,857-542-4361,penicillin,49
736,Marjory,Wheatley,mwheatleykf@google.ru,664-550-8712,12,148,Female,Miss,Married,24505 Bunting Crossing,Pittsburgh,New Jersey,Pacific Coast Hospital,475 SOUTH ST,East,10/15/2025,herbal remedies,Marjory Wheatley,Never,191-474-8270,cats,55
737,Rafaelia,Flemming,rflemmingkg@gov.uk,863-379-4628,17,72,Female,Mr,Widow,91902 Maryland Avenue,Atlanta,Maryland,Mountain View Medical Center,PO BOX 248,East,11/27/2024,chiropractic care,Rafaelia Flemming,Often,233-405-2508,peanuts,83
738,Domini,Horburgh,dhorburghkh@ted.com,762-669-1019,82,123,Non-binary,Mrs,Single,2 Springs Point,New York City,Rhode Island,Pacific Coast Hospital,PO BOX 802843,East,6/21/2025,hypnotherapy,Domini Horburgh,Seldom,315-300-1530,mold,18
739,Artemis,Rosterne,arosterneki@list-manage.com,915-350-2027,84,18,Male,Mrs,Widow,9443 Springs Place,Baltimore,Maryland,Coastal Breeze Hospital,2715 FRESNO ST,East,3/1/2025,surgery,Artemis Rosterne,Weekly,669-720-5840,mold,148
740,Boniface,Remnant,bremnantkj@businesswire.com,940-293-7470,12,147,Male,Mr,Single,0570 Oneill Point,New York City,Connecticut,Golden Hills Medical Center,134 INDUSTRIAL PARK RD SUITE 2400,East,3/25/2025,homeopathy,Boniface Remnant,Once,922-162-4817,grass,111
741,Martyn,Bohin,mbohinkk@redcross.org,330-652-9179,96,71,Male,Miss,Married,4071 Portage Drive,Miami,Massachusetts,Sunshine Valley Hospital,23476 NW 186TH AVE,East,7/17/2025,herbal remedies,Martyn Bohin,Weekly,790-411-4773,mold,87
742,Laughton,McGrale,lmcgralekl@pinterest.com,552-376-3927,20,122,Male,Mrs,Widow,79998 Michigan Point,Raleigh,Vermont,Sierra Vista Regional Hospital,1600 E EVERGREEN ST PO BOX 557,East,7/16/2025,herbal remedies,Laughton McGrale,Once,714-728-2411,grass,142
743,Kayla,Gillmore,kgillmorekm@wisc.edu,533-141-6057,72,16,Female,Mrs,Married,35 Mandrake Trail,New York City,Florida,Mountain View Medical Center,14506 HOLLES DR,East,5/2/2025,physical therapy,Kayla Gillmore,Weekly,965-608-1661,eggs,85
744,Brigid,Farington,bfaringtonkn@google.co.uk,806-563-9114,142,19,Female,Mr,Married,57 Aberg Trail,Philadelphia,Delaware,Sunshine Valley Hospital,PO BOX 1287,East,3/28/2025,herbal remedies,Brigid Farington,Never,897-245-2759,shellfish,114
745,Ring,Bloss,rblossko@opera.com,818-445-6887,69,140,Male,Mrs,Single,72073 Oak Trail,Philadelphia,Connecticut,Sunshine Valley Hospital,777 BANNOCK ST # MC1923,East,11/2/2024,hypnotherapy,Ring Bloss,Never,553-948-9896,mold,128
746,Clarabelle,Jochens,cjochenskp@yahoo.co.jp,581-984-8863,50,45,Female,Mrs,Married,76318 Cottonwood Circle,New York City,Maryland,Sunset Valley Medical Center,PO BOX 888806,East,3/19/2025,herbal remedies,Clarabelle Jochens,Seldom,755-624-7165,mold,113
747,Tynan,Haslehurst,thaslehurstkq@twitter.com,923-205-4733,112,101,Male,Ms,Widow,9 Westport Park,Atlanta,Massachusetts,Coastal Breeze Hospital,3580 LAKE WORTH RD,East,12/8/2024,medication,Tynan Haslehurst,Daily,338-967-1164,mold,93
748,Yancy,Gluyus,ygluyuskr@paginegialle.it,117-585-8536,31,84,Male,Mr,Widow,102 Texas Court,Baltimore,Rhode Island,Sierra Vista Regional Hospital,HC 60 BOX 4860,East,6/4/2025,massage therapy,Yancy Gluyus,Never,234-161-3529,peanuts,56
749,Hilary,Gaunt,hgauntks@scientificamerican.com,608-573-7428,94,24,Male,Mrs,Widow,520 Dovetail Road,Baltimore,New Jersey,Coastal Breeze Hospital,3204 TOUCAN AVE,East,12/17/2024,aromatherapy,Hilary Gaunt,Often,968-642-0182,dust,102
750,Aldric,Riguard,ariguardkt@alibaba.com,604-481-3176,19,91,Male,Mr,Married,48745 Sloan Center,Philadelphia,New York,Westside Community Hospital,300 HOSPITAL DR,East,5/14/2025,acupuncture,Aldric Riguard,Never,982-525-0335,peanuts,73
751,Carleton,Sherme,cshermeku@people.com.cn,224-630-9012,53,143,Male,Miss,Widow,5494 Oak Lane,Charlotte,North Carolina,Sunshine Valley Hospital,64 CHESTNUT ST,East,3/19/2025,acupuncture,Carleton Sherme,Monthly,458-613-1377,grass,55
752,Ulrika,Hall,uhallkv@phoca.cz,174-126-1452,3,87,Female,Mr,Married,5540 Surrey Street,Baltimore,Georgia,Mountain View Medical Center,200 W OLLIE,East,9/19/2025,surgery,Ulrika Hall,Yearly,797-899-2419,peanuts,53
753,Patsy,Gazey,pgazeykw@bbc.co.uk,460-533-2151,136,1,Male,Miss,Single,885 South Parkway,Philadelphia,New Jersey,Mountain View Medical Center,233 DOCTORS ST,East,7/5/2025,hypnotherapy,Patsy Gazey,Once,141-443-4154,shellfish,34
754,Claudetta,Astlatt,castlattkx@wikimedia.org,417-667-4128,114,105,Female,Mrs,Married,7 Ilene Avenue,Charlotte,Vermont,Sierra Vista Regional Hospital,2901 N CENTRAL AVE STE 160,East,3/24/2025,aromatherapy,Claudetta Astlatt,Daily,292-613-2683,grass,145
755,Northrop,Aubert,naubertky@springer.com,936-497-2859,108,112,Male,Mr,Married,797 Westport Way,Philadelphia,Maryland,Sunset Valley Medical Center,PO BOX 911,East,12/20/2024,hypnotherapy,Northrop Aubert,Yearly,633-845-3779,shellfish,141
756,Sella,Blunden,sblundenkz@github.com,264-953-2941,119,16,Female,Ms,Widow,02 Evergreen Plaza,Philadelphia,Maine,Sunshine Valley Hospital,1650 COCHRANE CIR ATTN THIRD PARTY OFFICE,East,8/18/2025,homeopathy,Sella Blunden,Seldom,681-766-4435,grass,66
757,Rawley,Golborne,rgolbornel0@mit.edu,525-668-7876,41,52,Male,Mrs,Married,79132 Corry Junction,Charlotte,Florida,Golden Gate Medical Center,PO BOX 826594 SUITE 10,East,4/25/2025,physical therapy,Rawley Golborne,Yearly,233-420-1838,shellfish,53
758,Everett,Brace,ebracel1@furl.net,807-686-5561,32,119,Male,Ms,Single,43022 Loeprich Way,New York City,Virginia,Coastal Breeze Hospital,1124 W 21ST,East,7/14/2025,massage therapy,Everett Brace,Daily,972-272-8952,grass,44
759,Lizzie,Spores,lsporesl2@dion.ne.jp,359-954-9651,44,118,Female,Ms,Single,07600 Daystar Hill,Charlotte,Vermont,Coastal Breeze Hospital,905 NW 5TH ST,East,7/12/2025,medication,Lizzie Spores,Seldom,247-665-9452,latex,23
760,Darill,Hebard,dhebardl3@loc.gov,512-367-3658,149,54,Male,Mr,Married,910 Welch Way,Atlanta,North Carolina,Pacific Coast Hospital,PO BOX 684088,East,5/16/2025,chiropractic care,Darill Hebard,Daily,530-198-7476,mold,50
761,Edwin,Ferrillio,eferrilliol4@amazonaws.com,216-447-8770,39,42,Male,Ms,Married,9 Monterey Alley,Washington D.C.,Virginia,Sunset Valley Medical Center,1313 SAINT ANTHONY PL,East,8/26/2025,medication,Edwin Ferrillio,Monthly,788-257-9184,eggs,94
762,Jacques,Stichall,jstichalll5@time.com,222-317-1965,123,13,Male,Mr,Single,23 Butternut Park,New York City,Maine,Pacific Coast Hospital,1501 NW 36TH ST,East,3/22/2025,surgery,Jacques Stichall,Yearly,772-298-5557,pollen,140
763,Riannon,Beardmore,rbeardmorel6@cbc.ca,999-567-3958,88,15,Female,Miss,Married,890 Clarendon Hill,Raleigh,Pennsylvania,Oceanview General Hospital,235 N BROAD ST STE 200,East,9/23/2025,surgery,Riannon Beardmore,Seldom,352-313-2356,latex,25
764,Emmeline,Lanney,elanneyl7@mlb.com,713-529-5171,67,32,Female,Ms,Widow,1665 Sullivan Place,Atlanta,Vermont,Sunset Valley Medical Center,PO BOX 2670,East,3/24/2025,physical therapy,Emmeline Lanney,Yearly,211-556-2640,eggs,150
765,Luise,Hodgin,lhodginl8@google.pl,980-215-7055,145,1,Female,Miss,Widow,8642 Mallory Junction,Baltimore,Virginia,Golden Hills Medical Center,2401 W BELVEDERE AVE ATTN: CREDENTIALING,East,12/2/2024,medication,Luise Hodgin,Often,436-762-1661,pollen,42
766,Marion,Espinola,mespinolal9@ox.ac.uk,103-953-6904,74,21,Female,Mrs,Single,2048 Steensland Center,Raleigh,South Carolina,Oceanview General Hospital,PO BOX 741683,East,12/1/2024,massage therapy,Marion Espinola,Once,959-845-8251,dust,105
767,Felipe,Yekel,fyekella@sogou.com,204-707-1245,96,52,Male,Mr,Single,6 Waubesa Junction,Pittsburgh,Virginia,Sierra Vista Regional Hospital,990 PARK DR,East,7/13/2025,aromatherapy,Felipe Yekel,Never,111-108-1082,shellfish,114
768,Debera,Dominka,ddominkalb@printfriendly.com,552-483-2579,42,25,Female,Ms,Widow,88603 Carberry Hill,New York City,New York,Oceanview General Hospital,PO BOX 550,East,3/9/2025,massage therapy,Debera Dominka,Seldom,515-925-7760,peanuts,32
769,Sim,Swan,sswanlc@cam.ac.uk,153-118-8393,97,103,Male,Mrs,Married,518 Kensington Alley,Philadelphia,Delaware,Golden Hills Medical Center,2817 REILLY ROAD MCXC-COD CREDENTIALS WOMACK ARMY MEDICAL CENTER,East,2/4/2025,homeopathy,Sim Swan,Weekly,405-691-6956,pollen,137
770,Titos,Antrag,tantragld@latimes.com,736-330-4827,132,58,Male,Ms,Widow,17009 Fisk Plaza,Boston,Rhode Island,Coastal Breeze Hospital,1000 POLE CREEK XING,East,1/20/2025,aromatherapy,Titos Antrag,Never,456-307-6322,grass,15
771,Godart,Prentice,gprenticele@netscape.com,621-133-3642,61,1,Male,Mrs,Single,9 Merchant Terrace,Raleigh,Pennsylvania,Sunshine Valley Hospital,13123 E 16TH AVE # B095,East,8/28/2025,acupuncture,Godart Prentice,Never,811-560-0940,shellfish,138
772,Delinda,Shurey,dshureylf@goodreads.com,804-334-7674,98,143,Female,Mrs,Single,41 Summer Ridge Trail,Philadelphia,South Carolina,Oceanview General Hospital,621 10TH ST,East,2/16/2025,chiropractic care,Delinda Shurey,Often,932-180-4576,shellfish,92
773,Ajay,Laydel,alaydellg@archive.org,514-305-3893,107,82,Female,Mrs,Widow,3573 Summer Ridge Avenue,Philadelphia,Pennsylvania,Sunset Valley Medical Center,219 BRYANT ST,East,9/4/2025,aromatherapy,Ajay Laydel,Often,204-669-3986,eggs,48
774,Ashla,Schrader,aschraderlh@mtv.com,684-218-7993,42,69,Non-binary,Mr,Single,7 Delaware Park,New York City,Georgia,Oceanview General Hospital,PO BOX 555,East,7/6/2025,aromatherapy,Ashla Schrader,Often,420-218-2101,eggs,36
775,Darrin,Clingan,dclinganli@statcounter.com,634-984-0038,73,112,Male,Miss,Single,57044 Merchant Alley,Atlanta,Connecticut,Pacific Coast Hospital,10 N MAIN ST 3 RD FLOOR,East,11/17/2024,acupuncture,Darrin Clingan,Often,814-882-1872,shellfish,148
776,Melany,Jeandeau,mjeandeaulj@eventbrite.com,775-433-3259,14,142,Female,Mrs,Single,2713 Sycamore Avenue,Miami,Vermont,Sunset Valley Medical Center,PO BOX 845347,East,6/26/2025,homeopathy,Melany Jeandeau,Yearly,331-979-5634,latex,13
777,Daniella,Jakubiak,djakubiaklk@nsw.gov.au,720-592-5414,68,66,Female,Mr,Married,8 Mariners Cove Street,Miami,Maine,Sunset Valley Medical Center,801 S STATE ST,East,4/29/2025,medication,Daniella Jakubiak,Yearly,756-104-1330,dust,16
778,Tasia,Aylett,taylettll@arizona.edu,360-482-7488,149,19,Genderfluid,Mrs,Widow,83 Colorado Center,Charlotte,Georgia,Sunset Valley Medical Center,650 JOEL DR ATTN UBO,East,2/8/2025,chiropractic care,Tasia Aylett,Weekly,227-619-2073,latex,75
779,Sloan,Kitney,skitneylm@aol.com,567-218-0972,12,110,Male,Miss,Single,9 Elmside Road,Raleigh,New York,Westside Community Hospital,1350 HICKORY ST,East,1/8/2025,chiropractic care,Sloan Kitney,Yearly,456-561-0633,shellfish,126
780,Vinny,Kuhne,vkuhneln@comsenz.com,331-934-8012,86,30,Male,Ms,Single,068 Hovde Crossing,Boston,Virginia,Pacific Coast Hospital,PO BOX 636372,East,4/16/2025,chiropractic care,Vinny Kuhne,Never,658-944-3325,mold,48
781,Lief,Sheirlaw,lsheirlawlo@google.cn,137-430-4665,45,136,Male,Mrs,Widow,35 Sutherland Plaza,Baltimore,Maine,Westside Community Hospital,210 4TH AVE,East,2/25/2025,herbal remedies,Lief Sheirlaw,Once,137-145-8860,grass,146
782,Merwyn,Banister,mbanisterlp@themeforest.net,473-226-3691,142,109,Male,Miss,Married,6903 Esch Pass,Charlotte,Massachusetts,Sunshine Valley Hospital,100 CORPORATE DR CMO,East,4/4/2025,acupuncture,Merwyn Banister,Monthly,295-559-3453,eggs,83
783,Bancroft,Dunley,bdunleylq@csmonitor.com,294-492-9768,103,62,Male,Miss,Widow,38 Stoughton Trail,New York City,Georgia,Westside Community Hospital,2727 MCCLELLAND BLVD,East,5/23/2025,medication,Bancroft Dunley,Never,453-880-7380,eggs,51
784,Madel,Carp,mcarplr@dropbox.com,720-163-6895,114,41,Female,Mr,Single,50 Oak Valley Drive,Charlotte,New Jersey,Westside Community Hospital,1 MEDICAL PARK DR,East,7/23/2025,medication,Madel Carp,Often,373-826-4929,grass,32
785,Horton,Melladew,hmelladewls@redcross.org,968-343-0532,67,150,Male,Miss,Widow,9599 Columbus Circle,Miami,Massachusetts,Pacific Coast Hospital,PO BOX 13008,East,5/2/2025,medication,Horton Melladew,Seldom,473-371-7883,pollen,148
786,Corinna,Blackadder,cblackadderlt@noaa.gov,331-897-0192,55,115,Female,Miss,Single,3662 4th Point,Pittsburgh,New York,Coastal Breeze Hospital,1901 SW HK DODGEN LOOP,East,6/19/2025,massage therapy,Corinna Blackadder,Often,981-369-6435,penicillin,120
787,Tammi,Crippin,tcrippinlu@bizjournals.com,478-963-9263,96,39,Female,Miss,Widow,7190 Monument Road,Charlotte,Rhode Island,Mountain View Medical Center,"7901 E LOWRY BLVD F402, 3RD FLOOR",East,1/23/2025,surgery,Tammi Crippin,Monthly,268-314-4190,cats,27
788,Ashla,Couzens,acouzenslv@blogs.com,311-652-5665,142,65,Female,Mrs,Widow,528 Blackbird Crossing,Philadelphia,Maine,Coastal Breeze Hospital,1801 HICKMAN ROAD,East,1/29/2025,physical therapy,Ashla Couzens,Never,699-972-0944,shellfish,11
789,Maressa,Aveling,mavelinglw@weibo.com,898-804-3376,143,14,Female,Miss,Single,4 Arizona Street,Washington D.C.,Delaware,Sunshine Valley Hospital,3520 LAKIN SUITE 102,East,12/9/2024,homeopathy,Maressa Aveling,Daily,749-598-6859,mold,71
790,Jennette,Zuppa,jzuppalx@virginia.edu,873-750-7770,4,78,Female,Miss,Married,88497 American Park,Raleigh,North Carolina,Golden Gate Medical Center,1951 NW FEDERAL HWY,East,5/12/2025,acupuncture,Jennette Zuppa,Often,178-518-7427,pollen,144
791,Basilius,MacNeilage,bmacneilagely@github.com,538-194-1805,28,4,Male,Mrs,Widow,3 Burrows Avenue,Washington D.C.,Delaware,Sunset Valley Medical Center,1780 HUGHES LANDING BLVD STE 500,East,2/26/2025,surgery,Basilius MacNeilage,Weekly,858-781-3581,cats,127
792,Antoinette,Sheircliffe,asheircliffelz@edublogs.org,819-869-7932,102,63,Female,Mr,Single,4362 Morrow Center,Boston,North Carolina,Golden Hills Medical Center,1225 WARM SPRINGS AVE,East,1/27/2025,herbal remedies,Antoinette Sheircliffe,Weekly,427-692-7379,shellfish,10
793,Glad,Huitson,ghuitsonm0@harvard.edu,745-403-9739,88,72,Female,Ms,Widow,3 Sunfield Point,Washington D.C.,Vermont,Sierra Vista Regional Hospital,2630 SAN GABRIEL BLVD STE 200,East,4/6/2025,aromatherapy,Glad Huitson,Monthly,238-530-9548,penicillin,6
794,Cal,Dybald,cdybaldm1@1und1.de,366-771-1445,59,73,Genderqueer,Miss,Married,84 Sommers Court,Boston,New York,Coastal Breeze Hospital,701 S OAK ST,East,1/20/2025,hypnotherapy,Cal Dybald,Yearly,568-386-3503,latex,140
795,Mitzi,Bedburrow,mbedburrowm2@t-online.de,249-652-2040,15,76,Female,Miss,Married,6168 Washington Parkway,Charlotte,New Jersey,Oceanview General Hospital,P.O. BOX 552307,East,1/17/2025,acupuncture,Mitzi Bedburrow,Daily,744-790-0296,cats,68
796,Elsinore,Sherwen,esherwenm3@furl.net,954-894-8317,27,15,Genderqueer,Mrs,Widow,976 New Castle Plaza,Raleigh,Virginia,Pacific Coast Hospital,601 ELMWOOD AVE BOX MED,East,3/26/2025,chiropractic care,Elsinore Sherwen,Monthly,125-261-0212,pollen,20
797,Hatty,Joret,hjoretm4@cornell.edu,561-265-1008,120,38,Female,Mrs,Married,1 Lindbergh Park,Pittsburgh,Massachusetts,Golden Gate Medical Center,PO BOX 508,East,12/13/2024,aromatherapy,Hatty Joret,Weekly,811-257-9865,shellfish,24
798,Kurt,MacMenamie,kmacmenamiem5@histats.com,512-855-5744,41,84,Male,Miss,Single,84714 Ramsey Park,Washington D.C.,Georgia,Sunshine Valley Hospital,7200 NW 7TH ST 206,East,4/4/2025,chiropractic care,Kurt MacMenamie,Monthly,751-818-4035,pollen,148
799,Klara,Margery,kmargerym6@samsung.com,333-820-1310,86,17,Female,Miss,Single,74 Briar Crest Park,Washington D.C.,South Carolina,Sunshine Valley Hospital,PO BOX 473396,East,1/23/2025,physical therapy,Klara Margery,Never,681-275-5749,eggs,133
800,Andres,MacCafferky,amaccafferkym7@amazon.de,852-466-6502,45,88,Male,Miss,Single,058 Golf View Plaza,New York City,Georgia,Golden Gate Medical Center,PO BOX 851537,East,9/7/2025,medication,Andres MacCafferky,Weekly,935-194-6776,grass,132
801,Beilul,Gladwin,bgladwinm8@nih.gov,374-357-9940,146,41,Female,Mr,Single,5 Ramsey Park,Atlanta,Virginia,Sierra Vista Regional Hospital,9500 EUCLID AVE JJ10,East,8/3/2025,chiropractic care,Beilul Gladwin,Seldom,266-766-7310,mold,100
802,Megen,Lockey,mlockeym9@google.es,207-370-9280,91,91,Female,Mr,Widow,867 Briar Crest Trail,Raleigh,Florida,Coastal Breeze Hospital,43 QUAKER PATH,East,11/1/2024,chiropractic care,Megen Lockey,Yearly,866-923-2124,grass,43
803,Vanny,Manders,vmandersma@webeden.co.uk,836-865-7281,76,25,Female,Ms,Single,09953 Maywood Avenue,Baltimore,South Carolina,Oceanview General Hospital,610 N OHIO ST,East,1/9/2025,surgery,Vanny Manders,Once,413-288-1770,dust,54
804,Karena,Yeabsley,kyeabsleymb@theglobeandmail.com,325-517-5602,108,94,Female,Mrs,Widow,3 Tennyson Place,Atlanta,Vermont,Sierra Vista Regional Hospital,10100 KANIS ROAD,East,9/3/2025,aromatherapy,Karena Yeabsley,Once,584-454-8587,eggs,125
805,Eziechiele,Jakubovics,ejakubovicsmc@wisc.edu,796-407-5309,29,88,Non-binary,Mr,Married,03 Colorado Road,Baltimore,New Hampshire,Westside Community Hospital,4535 DRESSLER RD NW,East,6/5/2025,medication,Eziechiele Jakubovics,Daily,418-370-4525,dust,106
806,Nalani,Eitter,neittermd@macromedia.com,816-294-5285,112,81,Female,Mrs,Single,73 Bonner Street,Baltimore,Pennsylvania,Sunshine Valley Hospital,1717 SHAFFER STREET SUITE 002,East,11/22/2024,homeopathy,Nalani Eitter,Often,702-854-5180,peanuts,128
807,Leoline,Gatrill,lgatrillme@etsy.com,931-853-6086,122,44,Female,Miss,Single,93 Canary Point,Miami,Virginia,Pacific Coast Hospital,1900 HOSPITAL BLVD,East,10/3/2025,aromatherapy,Leoline Gatrill,Often,500-748-6333,peanuts,68
808,Mireielle,Orr,morrmf@bloomberg.com,715-794-6472,46,92,Female,Ms,Single,1 Golf View Hill,Baltimore,Vermont,Oceanview General Hospital,PO BOX 627341,East,8/15/2025,acupuncture,Mireielle Orr,Daily,626-294-4893,pollen,90
809,Victoria,Bartrum,vbartrummg@accuweather.com,440-725-4194,110,123,Female,Mr,Widow,50 Talmadge Alley,Baltimore,South Carolina,Coastal Breeze Hospital,353 S MAIN ST,East,10/14/2025,aromatherapy,Victoria Bartrum,Once,615-517-6849,eggs,68
810,Timotheus,MacNelly,tmacnellymh@weather.com,488-954-3481,73,41,Male,Ms,Married,51 Goodland Way,Baltimore,New Hampshire,Coastal Breeze Hospital,4502 MEDICAL DR,East,6/28/2025,medication,Timotheus MacNelly,Seldom,413-803-9034,penicillin,72
811,Janina,Vink,jvinkmi@ezinearticles.com,263-819-5279,87,42,Female,Ms,Married,26 Tennessee Alley,Baltimore,New York,Sierra Vista Regional Hospital,206 MILL RD,East,2/28/2025,physical therapy,Janina Vink,Weekly,208-845-8578,cats,148
812,Antonio,Dodworth,adodworthmj@joomla.org,198-266-9355,98,124,Male,Miss,Widow,10804 Grim Circle,New York City,Pennsylvania,Oceanview General Hospital,300 S PARK RD SUITE 400,East,12/18/2024,aromatherapy,Antonio Dodworth,Once,186-398-2500,shellfish,108
813,Lacy,Tupper,ltuppermk@spiegel.de,700-668-3548,24,95,Female,Mrs,Single,59 Milwaukee Street,Washington D.C.,Maine,Sunset Valley Medical Center,PO BOX 676868,East,10/4/2025,medication,Lacy Tupper,Often,524-619-8493,eggs,98
814,Kristel,Jest,kjestml@craigslist.org,645-814-1819,130,11,Female,Mrs,Married,4 Hollow Ridge Court,Raleigh,Massachusetts,Golden Gate Medical Center,2900 CORPORATE WAY DOOR D,East,2/11/2025,surgery,Kristel Jest,Yearly,978-246-6746,mold,16
815,Nicola,Penchen,npenchenmm@tiny.cc,722-924-5909,132,43,Male,Mrs,Single,31301 Northridge Way,Baltimore,Vermont,Golden Hills Medical Center,1525 W 5TH ST PO BOX 309,East,9/23/2025,herbal remedies,Nicola Penchen,Never,355-739-3715,grass,67
816,Nettle,McCollum,nmccollummn@sogou.com,767-733-8397,133,136,Female,Mrs,Married,77 Oak Park,New York City,Delaware,Golden Hills Medical Center,130 MEDICAL CIR,East,7/21/2025,homeopathy,Nettle McCollum,Seldom,541-277-3238,mold,113
817,Gabie,Stanex,gstanexmo@marketwatch.com,718-162-5905,52,92,Male,Miss,Married,092 Charing Cross Junction,Philadelphia,Virginia,Mountain View Medical Center,PO BOX 788,East,6/22/2025,chiropractic care,Gabie Stanex,Once,171-778-8167,grass,147
818,Gunar,Amiranda,gamirandamp@deviantart.com,864-268-1310,56,142,Male,Ms,Single,10 Bobwhite Avenue,Boston,South Carolina,Golden Hills Medical Center,1000 STATE ST,East,8/12/2025,surgery,Gunar Amiranda,Seldom,688-177-9157,eggs,102
819,Wenona,Doogood,wdoogoodmq@wired.com,293-221-2373,15,141,Female,Miss,Widow,7 Graedel Street,Philadelphia,Virginia,Golden Gate Medical Center,300 W 27TH ST,East,9/23/2025,herbal remedies,Wenona Doogood,Daily,674-456-9276,shellfish,123
820,Carlina,Juara,cjuaramr@alexa.com,830-506-3781,62,87,Female,Ms,Widow,7 Morrow Terrace,Baltimore,Vermont,Mountain View Medical Center,1800 E VAN BUREN ST ATTN: BILLING,East,1/14/2025,homeopathy,Carlina Juara,Often,588-213-0142,grass,106
821,Mychal,Quadrio,mquadrioms@cpanel.net,891-827-5912,38,130,Male,Miss,Married,06191 Mayfield Avenue,Boston,Maine,Mountain View Medical Center,1603 SOUTH NORBURY AVENUE,East,12/27/2024,hypnotherapy,Mychal Quadrio,Often,291-122-0428,peanuts,10
822,Christy,Larrosa,clarrosamt@mashable.com,305-626-6749,30,60,Female,Ms,Widow,59 Brentwood Park,Philadelphia,North Carolina,Mountain View Medical Center,71 W 156TH ST,East,4/24/2025,herbal remedies,Christy Larrosa,Yearly,167-919-2914,mold,145
823,Gaylord,Bramsen,gbramsenmu@bloglines.com,373-437-3916,57,72,Male,Miss,Single,5 Mallory Point,Charlotte,New York,Sunshine Valley Hospital,1970 S PROSPECT AVE STE 3,East,1/21/2025,massage therapy,Gaylord Bramsen,Once,147-413-9767,grass,47
824,Inigo,Brave,ibravemv@bbb.org,696-725-7387,82,78,Male,Miss,Married,05306 Almo Park,Atlanta,Massachusetts,Oceanview General Hospital,13123 E. 16TH AVENUE BOX 030,East,12/9/2024,hypnotherapy,Inigo Brave,Never,496-729-3677,cats,41
825,Barbi,MacCorkell,bmaccorkellmw@facebook.com,449-875-9680,42,44,Female,Mrs,Married,033 Gerald Terrace,Pittsburgh,Maryland,Oceanview General Hospital,1100 MERCER AVE,East,2/24/2025,physical therapy,Barbi MacCorkell,Daily,511-292-5378,dust,63
826,Julian,Alps,jalpsmx@elpais.com,566-561-5861,138,51,Male,Ms,Married,3904 Mitchell Junction,Washington D.C.,Vermont,Westside Community Hospital,PO BOX 1447,East,8/24/2025,physical therapy,Julian Alps,Daily,317-171-0529,shellfish,105
827,Perl,MacMaster,pmacmastermy@youtu.be,869-454-4932,124,96,Female,Mrs,Widow,2449 Sauthoff Terrace,Atlanta,New Jersey,Sunshine Valley Hospital,13695 US HIGHWAY 1,East,8/28/2025,herbal remedies,Perl MacMaster,Never,429-127-9403,grass,113
828,Rhianon,Harder,rhardermz@nydailynews.com,727-635-2006,66,109,Female,Ms,Widow,074 Upham Lane,Raleigh,Florida,Sierra Vista Regional Hospital,310 SUNNYVIEW LN OB DEPT,East,12/10/2024,acupuncture,Rhianon Harder,Once,881-525-9088,shellfish,62
829,Valaree,Fauguel,vfaugueln0@weebly.com,355-623-2203,76,134,Female,Ms,Single,38 Lyons Park,New York City,Massachusetts,Mountain View Medical Center,1256 MILITARY ST S,East,10/2/2025,acupuncture,Valaree Fauguel,Yearly,524-478-9941,peanuts,110
830,Lucine,Sigmund,lsigmundn1@altervista.org,207-159-2042,69,31,Female,Miss,Married,3109 Monterey Road,Raleigh,Pennsylvania,Sunset Valley Medical Center,1301 15TH AVE W,East,5/30/2025,homeopathy,Lucine Sigmund,Yearly,560-905-5699,pollen,67
831,Basile,Tripett,btripettn2@wired.com,118-183-3773,148,132,Male,Ms,Single,29090 Hoepker Alley,Atlanta,Pennsylvania,Coastal Breeze Hospital,2703 MILLER ST,East,5/17/2025,physical therapy,Basile Tripett,Monthly,561-108-9533,dust,105
832,Eddie,Lintin,elintinn3@sogou.com,692-691-2483,32,11,Agender,Ms,Married,34 Goodland Circle,Raleigh,New York,Westside Community Hospital,2025 FAIRVIEW AVE,East,4/15/2025,surgery,Eddie Lintin,Once,673-576-7956,eggs,110
833,Yelena,Mc Gaughey,ymcn4@wsj.com,859-929-2533,20,53,Female,Miss,Single,6 Logan Crossing,Philadelphia,New York,Oceanview General Hospital,101 W SYCAMORE ST,East,5/13/2025,surgery,Yelena Mc Gaughey,Never,547-194-3138,grass,32
834,Ferrel,Parke,fparken5@dyndns.org,424-700-4467,20,24,Male,Mr,Widow,5272 Atwood Hill,Miami,Maine,Pacific Coast Hospital,100 HOSPITAL AVE,East,2/2/2025,aromatherapy,Ferrel Parke,Seldom,266-115-4535,shellfish,141
835,Shirlee,Rispine,srispinen6@cornell.edu,601-842-9344,48,97,Female,Ms,Married,0 Straubel Hill,Boston,Pennsylvania,Sunset Valley Medical Center,122 CALISTOGA RD 305,East,5/24/2025,chiropractic care,Shirlee Rispine,Once,805-652-7751,latex,55
836,Timoteo,Bidder,tbiddern7@icio.us,901-211-5031,89,32,Male,Ms,Married,1 Washington Trail,New York City,New Hampshire,Sunshine Valley Hospital,4 ORCHARD VIEW DR,East,3/11/2025,homeopathy,Timoteo Bidder,Yearly,101-367-0496,latex,65
837,Pegeen,Castella,pcastellan8@arizona.edu,397-207-7531,26,117,Female,Ms,Married,988 West Pass,Boston,Maryland,Sierra Vista Regional Hospital,310 S PECOS ST,East,1/8/2025,medication,Pegeen Castella,Yearly,127-579-8313,grass,110
838,Clarabelle,Walenta,cwalentan9@scientificamerican.com,887-655-2860,94,13,Female,Mr,Single,91675 Fuller Hill,Miami,Maryland,Coastal Breeze Hospital,201 LYONS AVE L5 PEDIATRIC CLINIC,East,12/31/2024,hypnotherapy,Clarabelle Walenta,Daily,196-162-3226,penicillin,11
839,Monika,Venediktov,mvenediktovna@g.co,286-996-8851,91,48,Female,Mr,Married,96482 Raven Alley,Raleigh,Maine,Sierra Vista Regional Hospital,PO BOX 1003,East,5/2/2025,herbal remedies,Monika Venediktov,Never,738-841-4607,penicillin,145
840,Normie,Borleace,nborleacenb@moonfruit.com,956-585-3223,33,139,Male,Ms,Single,67496 Nancy Street,Baltimore,North Carolina,Oceanview General Hospital,4315 DIPLOMACY DR,East,4/23/2025,medication,Normie Borleace,Often,446-174-1322,mold,80
841,Correna,Bruce,cbrucenc@51.la,604-835-5636,19,60,Female,Mrs,Single,58 Farwell Junction,Charlotte,North Carolina,Mountain View Medical Center,512-1 W US HIGHWAY 60,East,7/24/2025,hypnotherapy,Correna Bruce,Yearly,733-979-2763,dust,117
842,Martyn,Danielczyk,mdanielczyknd@dell.com,802-703-7679,98,48,Male,Mrs,Married,8475 Forest Run Center,Baltimore,New Hampshire,Pacific Coast Hospital,189 PROUTY DR,East,9/18/2025,hypnotherapy,Martyn Danielczyk,Once,723-377-8678,grass,56
843,Melantha,Melley,mmelleyne@blogtalkradio.com,320-124-1016,14,140,Female,Ms,Married,05307 Menomonie Street,Pittsburgh,Rhode Island,Pacific Coast Hospital,22 S ATHOL AVE,East,12/19/2024,surgery,Melantha Melley,Monthly,283-797-9334,eggs,69
844,Toby,Gateley,tgateleynf@123-reg.co.uk,786-640-0871,38,98,Male,Mr,Single,64706 Scofield Center,Washington D.C.,New Hampshire,Sunset Valley Medical Center,1000 MCKINLEY PARK DR ENRICHMENT CENTER,East,4/24/2025,physical therapy,Toby Gateley,Once,202-239-6983,cats,115
845,Saw,Haddow,shaddowng@nasa.gov,704-531-0503,51,5,Male,Miss,Married,3 Duke Hill,Washington D.C.,New Jersey,Sunshine Valley Hospital,400 CARRIAGE DR,East,11/30/2024,chiropractic care,Saw Haddow,Weekly,634-706-7387,eggs,126
846,Harwell,Lyness,hlynessnh@flickr.com,284-834-2710,75,7,Male,Mrs,Married,87360 Forest Hill,Baltimore,Delaware,Sierra Vista Regional Hospital,950 GEMINI ST STE 3,East,3/22/2025,herbal remedies,Harwell Lyness,Seldom,502-755-6261,shellfish,97
847,Carmon,Ferreres,cferreresni@tamu.edu,970-389-2616,135,71,Female,Miss,Married,2 Stuart Point,Washington D.C.,Maine,Coastal Breeze Hospital,300 W MAY ST P.O. BOX 228,East,6/17/2025,aromatherapy,Carmon Ferreres,Monthly,415-352-7007,pollen,36
848,Ferdinanda,Schneidar,fschneidarnj@addthis.com,326-262-6139,4,17,Female,Mrs,Single,686 Clove Hill,Washington D.C.,Delaware,Golden Hills Medical Center,330 SEVEN SPRINGS WAY,East,5/30/2025,herbal remedies,Ferdinanda Schneidar,Monthly,200-601-7976,grass,100
849,Andreana,Bownass,abownassnk@phpbb.com,856-364-3162,11,95,Female,Ms,Widow,675 International Street,Washington D.C.,New Jersey,Oceanview General Hospital,86-260 FARRINGTON HWY,East,4/17/2025,medication,Andreana Bownass,Monthly,783-269-5319,eggs,93
850,Anita,Colvie,acolvienl@deviantart.com,417-481-3253,114,1,Female,Miss,Single,42503 Nova Avenue,Washington D.C.,New Hampshire,Golden Gate Medical Center,1796 GRANT AVE,East,11/3/2024,acupuncture,Anita Colvie,Often,714-776-3394,latex,26
851,Jone,Keggin,jkegginnm@mapquest.com,541-428-4242,3,94,Male,Miss,Widow,64578 Village Green Drive,Miami,Maryland,Golden Gate Medical Center,1120 N MELVIN ST,East,3/14/2025,aromatherapy,Jone Keggin,Once,326-678-5818,grass,107
852,Renault,Hamley,rhamleynn@fotki.com,667-535-0114,70,77,Male,Miss,Single,55601 Kim Crossing,Miami,Connecticut,Sunshine Valley Hospital,PO BOX 1209,East,12/10/2024,hypnotherapy,Renault Hamley,Often,518-582-2263,shellfish,8
853,Isidoro,Dennes,idennesno@alexa.com,938-671-8298,32,125,Male,Mrs,Widow,76653 Riverside Street,Atlanta,Rhode Island,Sunset Valley Medical Center,121 DEKALB AVE,East,12/23/2024,physical therapy,Isidoro Dennes,Often,878-151-9925,eggs,105
854,Wenda,Boxill,wboxillnp@google.co.jp,853-696-3965,122,54,Female,Mrs,Single,57269 Clyde Gallagher Street,Pittsburgh,New York,Sunset Valley Medical Center,108 W OAK AVE,East,8/3/2025,physical therapy,Wenda Boxill,Once,698-507-3192,mold,113
855,Guthrey,Spridgen,gspridgennq@yandex.ru,165-205-6037,89,69,Male,Mrs,Widow,12 Talisman Alley,Philadelphia,South Carolina,Sierra Vista Regional Hospital,PO BOX 5020,East,6/8/2025,homeopathy,Guthrey Spridgen,Never,851-589-4845,eggs,140
856,Sollie,MacFarlane,smacfarlanenr@gov.uk,979-475-1671,50,31,Male,Mrs,Widow,223 Warner Terrace,New York City,Georgia,Sunshine Valley Hospital,100 N ACADEMY AVE,East,2/15/2025,aromatherapy,Sollie MacFarlane,Weekly,727-344-3292,peanuts,96
857,Debora,Hyndes,dhyndesns@woothemes.com,248-680-3648,14,87,Female,Ms,Married,5465 Dryden Circle,Raleigh,Maryland,Coastal Breeze Hospital,203 4TH ST. N.W.,East,8/2/2025,physical therapy,Debora Hyndes,Seldom,214-886-3698,peanuts,57
858,Karina,Swinburn,kswinburnnt@cyberchimps.com,431-122-5446,38,17,Female,Mrs,Married,8 Chinook Street,Boston,Connecticut,Coastal Breeze Hospital,2872 TURNPIKE ST,East,6/26/2025,herbal remedies,Karina Swinburn,Once,235-727-5082,cats,26
859,Laurena,Rymill,lrymillnu@php.net,469-349-5615,81,14,Female,Mrs,Single,728 Huxley Alley,Charlotte,New Jersey,Coastal Breeze Hospital,8536 PALMETTO COMMERCE PKWY STE 207A,East,9/19/2025,massage therapy,Laurena Rymill,Once,224-818-7028,pollen,116
860,Natka,Collington,ncollingtonnv@pagesperso-orange.fr,736-518-1636,149,81,Female,Mrs,Widow,8889 Johnson Trail,Washington D.C.,New Hampshire,Sierra Vista Regional Hospital,PO BOX 578,East,5/22/2025,medication,Natka Collington,Monthly,141-267-3209,eggs,122
861,Jerrie,Donson,jdonsonnw@baidu.com,625-943-7022,106,24,Male,Miss,Single,98 Green Ridge Road,Charlotte,New York,Mountain View Medical Center,100 N ACADEMY AVE,East,2/20/2025,physical therapy,Jerrie Donson,Never,920-494-8759,grass,17
862,Costanza,Chiommienti,cchiommientinx@biblegateway.com,506-888-4293,117,105,Female,Ms,Widow,9 Mandrake Way,Miami,Florida,Sierra Vista Regional Hospital,1313 SAINT ANTHONY PL,East,3/28/2025,hypnotherapy,Costanza Chiommienti,Often,707-677-9480,grass,53
863,Lila,Wakefield,lwakefieldny@furl.net,192-447-8785,70,61,Female,Ms,Widow,774 Butterfield Pass,Boston,Maryland,Westside Community Hospital,2901 N CENTRAL AVE STE 160,East,2/21/2025,homeopathy,Lila Wakefield,Yearly,418-641-2770,grass,107
864,Granny,McQueen,gmcqueennz@wikimedia.org,494-811-7113,12,52,Male,Mr,Widow,4 Ramsey Road,New York City,Vermont,Sunshine Valley Hospital,PO BOX 865095,East,6/24/2025,homeopathy,Granny McQueen,Never,971-305-4614,peanuts,108
865,Terri,Parsisson,tparsissono0@storify.com,543-443-2609,6,8,Female,Ms,Widow,4709 Eastlawn Alley,Atlanta,New York,Pacific Coast Hospital,9660 WICKER AVE,East,7/3/2025,acupuncture,Terri Parsisson,Daily,186-247-9291,mold,66
866,Conchita,Sokale,csokaleo1@ca.gov,718-756-0678,96,34,Female,Ms,Single,635 Transport Parkway,Boston,New York,Mountain View Medical Center,9811 KATY FWY STE 1060,East,3/10/2025,physical therapy,Conchita Sokale,Yearly,795-872-2196,shellfish,129
867,Ysabel,Milburn,ymilburno2@discuz.net,704-956-8903,115,52,Female,Mrs,Married,111 Hansons Junction,Baltimore,Vermont,Westside Community Hospital,PO BOX 743070,East,4/18/2025,herbal remedies,Ysabel Milburn,Weekly,250-983-5635,latex,32
868,Ardine,Aleksandrev,aaleksandrevo3@google.fr,394-359-7435,111,108,Female,Miss,Widow,9 West Pass,Charlotte,Delaware,Sunset Valley Medical Center,395 WESTFIELD RD,East,2/18/2025,herbal remedies,Ardine Aleksandrev,Never,841-570-6682,penicillin,39
869,Freddie,Selkirk,fselkirko4@latimes.com,344-450-3462,32,3,Female,Ms,Married,4 Thompson Junction,Atlanta,Virginia,Sunshine Valley Hospital,4000 WELLNESS DR,East,1/7/2025,chiropractic care,Freddie Selkirk,Yearly,415-362-3428,peanuts,41
870,Arlette,Janikowski,ajanikowskio5@booking.com,768-107-9964,12,91,Female,Ms,Widow,6 Prairie Rose Point,Miami,New Hampshire,Oceanview General Hospital,CMR 467 BOX 5916,East,7/12/2025,surgery,Arlette Janikowski,Yearly,563-484-2361,pollen,6
871,Ulick,Pinock,upinocko6@msn.com,298-322-9568,94,81,Male,Mr,Single,82706 Del Mar Court,Boston,North Carolina,Sunshine Valley Hospital,5176 HILL RD E,East,8/15/2025,acupuncture,Ulick Pinock,Daily,776-679-8581,peanuts,88
872,Cathrin,Burdas,cburdaso7@sitemeter.com,318-471-3526,134,145,Female,Mrs,Married,1190 Washington Alley,Miami,Vermont,Golden Hills Medical Center,1527 MADISON ST,East,6/6/2025,hypnotherapy,Cathrin Burdas,Daily,571-726-7604,cats,10
873,Toni,Blackeby,tblackebyo8@about.me,549-331-9490,61,54,Female,Mr,Widow,74591 Bartelt Circle,Raleigh,Rhode Island,Golden Gate Medical Center,PO BOX 959,East,3/29/2025,herbal remedies,Toni Blackeby,Often,659-264-4275,peanuts,83
874,Foss,Endecott,fendecotto9@so-net.ne.jp,930-166-5813,56,37,Male,Mr,Widow,573 Forest Court,Atlanta,Massachusetts,Coastal Breeze Hospital,1 JARRETT WHITE RD ATTN PAD MCHK-PAT-T,East,2/9/2025,homeopathy,Foss Endecott,Never,766-893-9165,latex,89
875,Darlleen,Webbe,dwebbeoa@walmart.com,187-782-4035,89,55,Female,Miss,Single,64212 Holy Cross Pass,Washington D.C.,Vermont,Mountain View Medical Center,PO BOX 72,East,1/31/2025,herbal remedies,Darlleen Webbe,Often,969-376-7106,mold,58
876,Rance,Bidgod,rbidgodob@livejournal.com,250-866-5579,79,44,Male,Mr,Widow,484 Pawling Park,Raleigh,Maine,Sunset Valley Medical Center,21132 MERIDIAN PL W,East,9/20/2025,medication,Rance Bidgod,Seldom,258-251-1609,pollen,120
877,Rudolph,Shipcott,rshipcottoc@studiopress.com,879-398-9656,27,142,Male,Miss,Widow,01531 Spaight Avenue,Washington D.C.,Georgia,Mountain View Medical Center,PO BOX 8007,East,3/3/2025,homeopathy,Rudolph Shipcott,Never,753-377-4549,penicillin,142
878,Kippie,Tomasoni,ktomasoniod@youku.com,228-218-5267,147,58,Male,Ms,Single,796 Haas Parkway,Boston,Maine,Mountain View Medical Center,1600 E EVERGREEN ST,East,12/25/2024,homeopathy,Kippie Tomasoni,Yearly,481-947-9893,grass,78
879,Rina,Nacci,rnaccioe@360.cn,810-521-1172,142,95,Female,Ms,Married,1310 Dixon Center,Atlanta,Maryland,Coastal Breeze Hospital,3421 W 9TH ST,East,4/2/2025,massage therapy,Rina Nacci,Never,650-656-8712,grass,70
880,Florrie,Sherwill,fsherwillof@google.pl,212-414-6937,69,98,Female,Miss,Married,706 Oak Valley Court,Atlanta,Delaware,Coastal Breeze Hospital,4750 HEMPSTEAD STATION DR,East,2/19/2025,massage therapy,Florrie Sherwill,Seldom,140-837-6847,penicillin,147
881,Analiese,Sommerville,asommervilleog@pinterest.com,718-574-6035,30,29,Female,Miss,Single,84613 Thierer Terrace,Charlotte,New Jersey,Sierra Vista Regional Hospital,9000 SW 137TH AVE STE 220,East,2/28/2025,homeopathy,Analiese Sommerville,Never,203-993-9433,cats,122
882,Markus,Ratnage,mratnageoh@cnbc.com,217-874-8935,29,100,Male,Mr,Married,6 Golf Course Place,Philadelphia,Georgia,Sierra Vista Regional Hospital,14201 DALLAS PKWY,East,10/26/2024,aromatherapy,Markus Ratnage,Daily,890-173-9308,latex,50
883,Georg,Nortcliffe,gnortcliffeoi@usda.gov,790-216-6790,90,59,Male,Mrs,Married,3 Fisk Circle,Philadelphia,New Jersey,Sunset Valley Medical Center,330 SEVEN SPRINGS WAY,East,7/30/2025,chiropractic care,Georg Nortcliffe,Often,861-816-4929,dust,135
884,Lacie,Agge,laggeoj@cbslocal.com,391-683-7482,90,99,Female,Mrs,Single,25743 Bunting Road,Pittsburgh,Georgia,Westside Community Hospital,1441 N 12TH ST,East,3/4/2025,chiropractic care,Lacie Agge,Monthly,394-965-4859,dust,62
885,Lorry,Beales,lbealesok@issuu.com,309-151-4307,21,33,Female,Mrs,Married,811 Melody Road,Miami,North Carolina,Westside Community Hospital,7772 WATER ST,East,5/18/2025,aromatherapy,Lorry Beales,Seldom,368-698-7245,dust,119
886,Findlay,McCaughey,fmccaugheyol@chronoengine.com,317-892-2227,35,115,Male,Mr,Married,83755 Farmco Terrace,Raleigh,Georgia,Westside Community Hospital,1200 1ST AVE E,East,10/18/2025,chiropractic care,Findlay McCaughey,Yearly,547-598-1905,cats,110
887,Noelle,Loisi,nloisiom@php.net,261-845-9426,107,25,Female,Miss,Single,192 Cordelia Parkway,Washington D.C.,New Hampshire,Golden Hills Medical Center,1000 S MAIN ST,East,5/15/2025,homeopathy,Noelle Loisi,Monthly,853-216-2295,pollen,32
888,Chuck,Brito,cbritoon@kickstarter.com,277-407-7599,109,81,Male,Miss,Single,8829 Bunker Hill Alley,Boston,Delaware,Golden Gate Medical Center,13300 HARGRAVE RD STE 360,East,8/26/2025,chiropractic care,Chuck Brito,Often,765-589-4833,latex,123
889,Joycelin,Allward,jallwardoo@amazon.co.uk,733-114-8609,136,43,Agender,Miss,Single,3 Pawling Park,Washington D.C.,New Jersey,Pacific Coast Hospital,PO BOX 1325,East,7/25/2025,physical therapy,Joycelin Allward,Monthly,925-200-9002,cats,36
890,Karlik,Ciabatteri,kciabatteriop@rambler.ru,774-735-2051,150,122,Genderqueer,Mrs,Widow,68444 Mandrake Pass,Philadelphia,Vermont,Golden Hills Medical Center,451 CLARKSON AVE,East,1/16/2025,acupuncture,Karlik Ciabatteri,Daily,260-536-3404,eggs,129
891,Marena,Adolfson,madolfsonoq@nsw.gov.au,177-508-9168,15,99,Female,Mrs,Widow,19715 Transport Drive,New York City,Massachusetts,Sunshine Valley Hospital,289 IRELAND AVE ATTN: TREASURERS OFFICE,East,3/21/2025,acupuncture,Marena Adolfson,Daily,754-192-4351,cats,137
892,Hildegarde,Pulsford,hpulsfordor@yolasite.com,506-297-2666,82,145,Female,Mrs,Married,8 Waxwing Pass,Philadelphia,Georgia,Golden Gate Medical Center,5400 N INDEPENDENCE AVE 100,East,1/29/2025,chiropractic care,Hildegarde Pulsford,Yearly,493-355-4633,latex,136
893,Lacie,Piletic,lpileticos@msn.com,276-736-3798,72,12,Female,Mr,Widow,2 Old Gate Parkway,Raleigh,Maryland,Pacific Coast Hospital,3807 E BROAD ST STE 101,East,7/10/2025,medication,Lacie Piletic,Weekly,462-462-6343,cats,139
894,Clemente,Marcinkus,cmarcinkusot@csmonitor.com,422-361-0473,113,53,Male,Ms,Widow,142 Sullivan Point,Atlanta,Virginia,Sunshine Valley Hospital,6309 S DIXIE HWY,East,12/20/2024,homeopathy,Clemente Marcinkus,Weekly,195-696-5756,mold,38
895,Milissent,Hungerford,mhungerfordou@dion.ne.jp,707-314-0766,82,18,Non-binary,Ms,Married,181 Shelley Court,Miami,Pennsylvania,Mountain View Medical Center,2146 JACKSBORO PIKE SUITE C,East,12/11/2024,massage therapy,Milissent Hungerford,Often,140-278-6499,mold,136
896,Gordon,Codrington,gcodringtonov@va.gov,629-415-1463,124,37,Polygender,Mr,Widow,26 Southridge Alley,Raleigh,North Carolina,Westside Community Hospital,PO BOX 884577,East,11/10/2024,chiropractic care,Gordon Codrington,Yearly,777-469-8079,eggs,17
897,Dewie,Perham,dperhamow@youtu.be,591-792-8347,131,96,Male,Mrs,Married,9893 Waywood Way,Miami,Florida,Mountain View Medical Center,319 E 50TH ST APARTMENT 9E,East,12/1/2024,hypnotherapy,Dewie Perham,Once,445-901-0312,eggs,88
898,Terry,Pasmore,tpasmoreox@jugem.jp,404-544-3684,77,54,Female,Miss,Widow,5687 Sachtjen Pass,Miami,Connecticut,Sunset Valley Medical Center,2527 GLEBE AVE,East,10/29/2024,physical therapy,Terry Pasmore,Weekly,423-604-4874,eggs,55
899,Marcy,Phipp,mphippoy@sun.com,623-816-1871,91,133,Female,Ms,Married,80 Heffernan Drive,Baltimore,Pennsylvania,Mountain View Medical Center,1445 EVARTS ST NE,East,12/12/2024,surgery,Marcy Phipp,Daily,613-750-6569,shellfish,87
900,Tilly,McCard,tmccardoz@weibo.com,174-319-6005,117,121,Female,Mr,Single,1 Milwaukee Point,Miami,Pennsylvania,Sunset Valley Medical Center,5353 SW 8TH ST,East,9/30/2025,massage therapy,Tilly McCard,Seldom,638-627-4824,pollen,126
901,Nicol,Macauley,nmacauleyp0@last.fm,179-301-0945,72,43,Bigender,Miss,Married,82 Linden Junction,New York City,Pennsylvania,Mountain View Medical Center,7305 N MILITARY TRL,East,12/5/2024,physical therapy,Nicol Macauley,Often,741-855-2037,cats,132
902,Carlen,Bessett,cbessettp1@360.cn,498-997-8713,51,59,Female,Miss,Married,1091 Basil Street,Raleigh,Georgia,Westside Community Hospital,610 GALLATIN AVE,East,1/21/2025,acupuncture,Carlen Bessett,Monthly,233-289-9609,grass,2
903,Bernelle,Seacombe,bseacombep2@ebay.com,424-173-1315,79,89,Female,Miss,Widow,1 Sullivan Way,Atlanta,Virginia,Oceanview General Hospital,412 SW CENTER ST,East,6/13/2025,acupuncture,Bernelle Seacombe,Daily,627-425-3187,grass,131
904,Natale,Grisbrook,ngrisbrookp3@chicagotribune.com,941-748-2443,50,20,Male,Miss,Single,4650 Riverside Street,Washington D.C.,Florida,Westside Community Hospital,PO BOX 660599,East,7/16/2025,massage therapy,Natale Grisbrook,Never,808-588-3697,peanuts,124
905,Hi,Bierman,hbiermanp4@shop-pro.jp,209-694-7108,12,90,Male,Miss,Widow,21 Corscot Street,Raleigh,New Hampshire,Sunshine Valley Hospital,PO BOX 858 MCA410,East,9/17/2025,physical therapy,Hi Bierman,Often,487-338-2283,shellfish,127
906,Kahlil,Ashburne,kashburnep5@arstechnica.com,920-709-2889,38,87,Male,Miss,Single,7762 4th Point,New York City,Florida,Sunset Valley Medical Center,8198 RELIABLE PKWY,East,12/23/2024,hypnotherapy,Kahlil Ashburne,Often,760-946-0170,eggs,47
907,Sara,Bauchop,sbauchopp6@columbia.edu,418-385-2904,71,66,Female,Miss,Widow,537 Pearson Lane,New York City,Connecticut,Golden Hills Medical Center,110 IRVING ST NW 2A38,East,11/20/2024,chiropractic care,Sara Bauchop,Never,170-642-8261,latex,137
908,Lawry,Tatershall,ltatershallp7@shareasale.com,452-273-1801,55,26,Male,Miss,Married,43420 Katie Drive,Pittsburgh,Rhode Island,Oceanview General Hospital,PO BOX 4068,East,8/3/2025,hypnotherapy,Lawry Tatershall,Yearly,193-154-9233,penicillin,91
909,Berti,Wallbrook,bwallbrookp8@irs.gov,547-952-7639,110,83,Male,Ms,Married,3 Bay Park,Baltimore,Georgia,Sierra Vista Regional Hospital,1200 S COURT HOUSE RD 508,East,2/13/2025,medication,Berti Wallbrook,Weekly,694-437-6024,eggs,125
910,Deena,Tate,dtatep9@ucoz.com,743-864-5055,10,11,Female,Ms,Single,4 Lindbergh Point,Charlotte,New York,Golden Hills Medical Center,3550 MOWRY AVE SUITE 101,East,5/4/2025,surgery,Deena Tate,Yearly,619-502-7471,eggs,139
911,Ricardo,Chelsom,rchelsompa@java.com,718-489-0973,139,52,Male,Miss,Single,482 Talisman Plaza,Baltimore,Vermont,Coastal Breeze Hospital,PO BOX 505673,East,5/27/2025,acupuncture,Ricardo Chelsom,Monthly,568-162-9110,mold,38
912,Dill,Dawley,ddawleypb@mashable.com,368-877-3541,110,55,Male,Mrs,Single,90 Vermont Court,Raleigh,Vermont,Golden Hills Medical Center,475 SEAVIEW AVE,East,11/15/2024,herbal remedies,Dill Dawley,Yearly,209-332-4542,mold,102
913,Thomas,Sinnie,tsinniepc@hao123.com,703-842-0763,105,72,Genderqueer,Mrs,Single,536 Vidon Parkway,Atlanta,Rhode Island,Golden Hills Medical Center,PO BOX 90,East,12/9/2024,hypnotherapy,Thomas Sinnie,Seldom,753-957-1842,peanuts,33
914,Duke,Asals,dasalspd@google.com.hk,744-480-3200,71,83,Male,Mrs,Married,9007 Eagle Crest Pass,Atlanta,New Hampshire,Sunset Valley Medical Center,1200 E COLUMBIA AVE,East,8/2/2025,hypnotherapy,Duke Asals,Never,390-258-3977,grass,74
915,Elysee,Jephcott,ejephcottpe@hexun.com,494-885-4424,67,89,Female,Mr,Single,991 Schmedeman Circle,Philadelphia,Maine,Oceanview General Hospital,5975 W SUNRISE BLVD SUITE 106,East,2/8/2025,acupuncture,Elysee Jephcott,Monthly,357-902-3300,latex,29
916,Mack,McIntee,mmcinteepf@networksolutions.com,383-587-6530,128,87,Male,Ms,Widow,75734 Luster Terrace,Charlotte,North Carolina,Golden Gate Medical Center,575 S STATE ST,East,8/19/2025,acupuncture,Mack McIntee,Seldom,357-185-3433,latex,63
917,Malcolm,Silverlock,msilverlockpg@google.co.jp,308-758-8249,28,19,Male,Ms,Married,4575 Cody Point,Charlotte,Delaware,Golden Gate Medical Center,1256 MILITARY ST S,East,10/25/2024,homeopathy,Malcolm Silverlock,Seldom,769-852-5249,peanuts,122
918,Patrica,Cocker,pcockerph@icio.us,981-138-0767,103,77,Female,Mrs,Married,72 Carpenter Crossing,Raleigh,South Carolina,Westside Community Hospital,1360 E IRVING PARK RD,East,7/17/2025,massage therapy,Patrica Cocker,Once,491-613-9025,penicillin,34
919,Frederica,Willshee,fwillsheepi@oakley.com,284-454-3969,131,74,Female,Miss,Widow,76 East Avenue,Raleigh,Vermont,Golden Hills Medical Center,3100 SHORE DRIVE,East,11/28/2024,hypnotherapy,Frederica Willshee,Monthly,799-623-3125,dust,109
920,Gun,Poxon,gpoxonpj@shareasale.com,575-368-9178,28,39,Male,Ms,Single,7 Bultman Parkway,Philadelphia,Maine,Coastal Breeze Hospital,PO BOX 637764,East,3/16/2025,acupuncture,Gun Poxon,Often,446-153-3388,grass,99
921,Bernita,Damp,bdamppk@msu.edu,827-661-0926,4,126,Female,Mrs,Widow,7277 Crest Line Avenue,Miami,Georgia,Coastal Breeze Hospital,240 S MAIN ST,East,12/14/2024,medication,Bernita Damp,Monthly,445-755-0465,mold,90
922,Hussein,Twentyman,htwentymanpl@a8.net,260-691-3155,36,138,Male,Mrs,Single,22 Hovde Crossing,Raleigh,New Jersey,Golden Hills Medical Center,300 SIOUX VALLEY DR,East,9/7/2025,physical therapy,Hussein Twentyman,Yearly,831-465-4316,pollen,71
923,Chrotoem,Dallaway,cdallawaypm@cpanel.net,707-697-8093,142,139,Male,Miss,Single,234 Clemons Park,Charlotte,Massachusetts,Sunset Valley Medical Center,433 W HIGH STREET,East,4/15/2025,homeopathy,Chrotoem Dallaway,Once,381-533-1127,cats,19
924,Eddy,Ciciura,eciciurapn@sphinn.com,272-910-1228,60,121,Genderqueer,Ms,Widow,111 Golf Circle,Boston,Pennsylvania,Pacific Coast Hospital,602 MICHIGAN AVE,East,10/23/2025,herbal remedies,Eddy Ciciura,Weekly,292-450-7790,eggs,37
925,Cleo,Heams,cheamspo@themeforest.net,592-767-8935,92,111,Genderfluid,Mr,Married,0778 Myrtle Point,Raleigh,Pennsylvania,Golden Hills Medical Center,300 S PARK RD SUITE 400,East,5/20/2025,homeopathy,Cleo Heams,Daily,270-547-6020,shellfish,147
926,Antonino,Frisch,afrischpp@hexun.com,978-745-9380,31,19,Male,Ms,Single,75015 Sycamore Plaza,Philadelphia,Massachusetts,Pacific Coast Hospital,8254 ATLEE RD,East,5/25/2025,homeopathy,Antonino Frisch,Often,591-837-4572,cats,95
927,Cristian,Bodicam,cbodicampq@intel.com,176-117-2414,17,98,Male,Ms,Married,41 Golden Leaf Hill,Atlanta,Rhode Island,Pacific Coast Hospital,511 NE 10TH ST,East,6/2/2025,physical therapy,Cristian Bodicam,Daily,554-799-5765,peanuts,122
928,Monro,Landeg,mlandegpr@dot.gov,562-215-5807,101,31,Male,Mrs,Single,6232 Dryden Street,Baltimore,Florida,Coastal Breeze Hospital,216 SUNSET PL,East,12/29/2024,aromatherapy,Monro Landeg,Yearly,297-895-7381,pollen,82
929,Reta,Eagar,reagarps@vkontakte.ru,388-955-7108,38,28,Female,Miss,Widow,31 Hanover Junction,Baltimore,New Jersey,Sunset Valley Medical Center,6101 BLUE LAGOON DR STE 200,East,10/21/2025,surgery,Reta Eagar,Yearly,799-236-7974,mold,90
930,Dora,Gossart,dgossartpt@technorati.com,235-871-6534,22,101,Female,Mrs,Married,6 Dixon Terrace,Boston,Maryland,Golden Gate Medical Center,PO BOX 34876,East,9/7/2025,chiropractic care,Dora Gossart,Often,890-285-2301,eggs,115
931,Leo,Dreamer,ldreamerpu@cpanel.net,494-308-1167,124,33,Male,Miss,Married,97 Mcguire Drive,Washington D.C.,Georgia,Mountain View Medical Center,PO BOX 1127,East,5/3/2025,herbal remedies,Leo Dreamer,Daily,725-555-7935,grass,32
932,Sheri,MacTrusty,smactrustypv@tuttocitta.it,831-546-3149,12,52,Female,Mr,Married,1826 Meadow Vale Pass,Philadelphia,New Jersey,Golden Gate Medical Center,310 SUNNYVIEW LN OB DEPT,East,10/22/2025,surgery,Sheri MacTrusty,Daily,639-398-9171,cats,111
933,Cobb,Perks,cperkspw@goo.gl,613-167-6630,132,40,Male,Miss,Married,65 North Road,Philadelphia,Maine,Mountain View Medical Center,2274 E 14TH ST 1ST FLOOR,East,9/17/2025,physical therapy,Cobb Perks,Seldom,115-578-6728,grass,27
934,Roz,Springett,rspringettpx@cdbaby.com,178-536-7783,64,38,Female,Miss,Single,8 Twin Pines Street,Miami,Delaware,Pacific Coast Hospital,2749 E COVENANTER DR,East,11/24/2024,medication,Roz Springett,Never,746-150-6985,peanuts,114
935,Yul,Dowda,ydowdapy@sbwire.com,339-481-4911,79,59,Male,Mrs,Single,7097 Melby Street,New York City,Rhode Island,Westside Community Hospital,10406 N 62ND ST,East,10/29/2024,medication,Yul Dowda,Once,480-198-2902,eggs,92
936,Ashleigh,Bellinger,abellingerpz@livejournal.com,838-963-1969,68,9,Female,Miss,Married,1 Helena Place,New York City,Vermont,Coastal Breeze Hospital,2160 S FIRST AVE,East,4/20/2025,medication,Ashleigh Bellinger,Seldom,770-483-1410,penicillin,139
937,Merell,Cheale,mchealeq0@zdnet.com,926-508-2033,36,13,Genderqueer,Mrs,Single,270 Columbus Pass,Washington D.C.,New Hampshire,Sunset Valley Medical Center,5811 PELICAN BAY BLVD SUITE 500,East,2/11/2025,chiropractic care,Merell Cheale,Weekly,127-179-3026,cats,143
938,Malynda,Fishenden,mfishendenq1@ftc.gov,290-954-4155,131,60,Female,Mrs,Married,42893 Barby Plaza,New York City,Florida,Sunset Valley Medical Center,PO BOX 159,East,12/5/2024,medication,Malynda Fishenden,Seldom,297-647-1598,shellfish,145
939,Fidelia,Tetlow,ftetlowq2@mapquest.com,334-447-2811,98,73,Female,Ms,Widow,988 Nobel Lane,Boston,Vermont,Sunshine Valley Hospital,8580 MAGELLAN PKWY,East,1/3/2025,acupuncture,Fidelia Tetlow,Yearly,515-193-0790,latex,33
940,Iorgo,Brocks,ibrocksq3@stumbleupon.com,951-789-6341,38,37,Male,Mr,Single,187 Shoshone Point,Miami,Delaware,Pacific Coast Hospital,224 ALEXANDER ST SUITE # 200,East,1/25/2025,chiropractic care,Iorgo Brocks,Daily,506-433-4962,pollen,137
941,Chance,Manser,cmanserq4@mediafire.com,853-449-9311,72,34,Male,Mrs,Single,01 Sutteridge Place,Philadelphia,Massachusetts,Mountain View Medical Center,207 NORTH ST,East,9/3/2025,hypnotherapy,Chance Manser,Often,469-789-2067,penicillin,50
942,Ara,Anders,aandersq5@bizjournals.com,787-342-0386,49,55,Male,Mrs,Single,4006 Oriole Park,Philadelphia,Connecticut,Oceanview General Hospital,1410 ROYAL PALM BEACH BLVD STE. A,East,2/23/2025,homeopathy,Ara Anders,Weekly,166-923-8261,grass,91
943,Ode,Burchell,oburchellq6@weebly.com,239-102-1549,131,95,Male,Ms,Single,5363 Loeprich Road,Charlotte,Rhode Island,Pacific Coast Hospital,8580 MAGELLAN PKWY,East,8/20/2025,acupuncture,Ode Burchell,Once,358-325-9931,dust,146
944,Torr,Putton,tputtonq7@wordpress.org,192-995-9497,108,44,Male,Ms,Widow,63 Sundown Crossing,Baltimore,New York,Westside Community Hospital,507 BLACKMAN BLVD W,East,8/18/2025,homeopathy,Torr Putton,Seldom,197-382-9491,cats,138
945,Sergei,Koppe,skoppeq8@tmall.com,233-115-9224,105,1,Male,Mr,Single,6030 Mcbride Drive,Pittsburgh,Massachusetts,Westside Community Hospital,300 PERSHING AVE,East,11/5/2024,herbal remedies,Sergei Koppe,Monthly,876-283-2799,shellfish,23
946,Ramonda,Wellbank,rwellbankq9@unesco.org,666-827-4749,140,78,Female,Ms,Married,6615 Annamark Lane,Boston,North Carolina,Sierra Vista Regional Hospital,325 MAINE ST STE 250,East,7/11/2025,surgery,Ramonda Wellbank,Once,409-500-2705,penicillin,56
947,Godfree,Bartels,gbartelsqa@xinhuanet.com,326-559-9294,41,106,Male,Mr,Single,3343 Westport Terrace,Boston,Vermont,Sunshine Valley Hospital,2500 FAIRWAY ST,East,6/19/2025,medication,Godfree Bartels,Weekly,747-674-6598,shellfish,94
948,Tuck,Jessup,tjessupqb@multiply.com,167-428-7772,4,17,Male,Mr,Widow,7 Stang Terrace,Philadelphia,Pennsylvania,Golden Gate Medical Center,249 BEVERLY RD,East,6/10/2025,herbal remedies,Tuck Jessup,Weekly,741-755-5423,latex,68
949,Nicki,Pulfer,npulferqc@w3.org,349-988-3470,55,67,Female,Miss,Single,4 Del Mar Street,Atlanta,South Carolina,Oceanview General Hospital,5340 LEGACY DR SUITE150,East,11/30/2024,hypnotherapy,Nicki Pulfer,Monthly,960-136-5494,shellfish,105
950,Albina,Elfleet,aelfleetqd@friendfeed.com,206-663-8944,133,36,Female,Miss,Widow,8 Dennis Place,Raleigh,Florida,Oceanview General Hospital,1970 SPRUCE HILLS DR,East,12/23/2024,herbal remedies,Albina Elfleet,Often,956-181-4921,peanuts,111
951,Annecorinne,Waring,awaringqe@blogtalkradio.com,570-325-5637,117,9,Female,Ms,Widow,5645 Maple Wood Terrace,Washington D.C.,Delaware,Coastal Breeze Hospital,2995 DREW ST FL 2,East,4/18/2025,acupuncture,Annecorinne Waring,Weekly,678-288-9400,peanuts,135
952,Lev,Dutnell,ldutnellqf@scientificamerican.com,567-218-7994,1,60,Male,Mr,Single,337 Artisan Place,Philadelphia,Georgia,Sierra Vista Regional Hospital,501 MORRIS ST,East,4/16/2025,hypnotherapy,Lev Dutnell,Once,138-271-1496,peanuts,15
953,Horacio,Messier,hmessierqg@hostgator.com,509-633-9367,68,62,Male,Mr,Married,66589 Merrick Pass,Atlanta,New Jersey,Golden Hills Medical Center,23500 US HIGHWAY 160,East,11/2/2024,homeopathy,Horacio Messier,Often,882-431-6853,latex,96
954,Aldwin,Wyant,awyantqh@ed.gov,181-541-6921,131,19,Male,Mr,Widow,8 Farragut Road,Boston,Virginia,Mountain View Medical Center,17304 PRESTON RD SUITE 1400,East,2/1/2025,aromatherapy,Aldwin Wyant,Often,994-512-6894,peanuts,41
955,Hermon,Dyerson,hdyersonqi@ucoz.ru,563-281-6851,85,32,Male,Mr,Widow,52443 John Wall Court,New York City,Florida,Oceanview General Hospital,105 RESERVE ST,East,3/25/2025,medication,Hermon Dyerson,Daily,275-552-1935,mold,65
956,Dulcine,Valance,dvalanceqj@zimbio.com,392-451-0341,127,68,Female,Mr,Widow,75 Burning Wood Road,Charlotte,Virginia,Sunset Valley Medical Center,301 BECKER AVE SW,East,3/29/2025,acupuncture,Dulcine Valance,Never,219-110-2558,shellfish,123
957,Thebault,Oughton,toughtonqk@google.fr,252-722-5037,108,57,Male,Mr,Single,1 Moland Pass,Atlanta,South Carolina,Sunset Valley Medical Center,901 MONTGOMERY ST,East,4/18/2025,massage therapy,Thebault Oughton,Seldom,425-218-6743,dust,86
958,Victoria,McColm,vmccolmql@scribd.com,888-590-2133,125,51,Female,Ms,Single,03690 Westend Lane,Boston,Rhode Island,Mountain View Medical Center,46 EAST DR,East,12/29/2024,surgery,Victoria McColm,Never,602-580-1719,latex,104
959,Ertha,Scoterbosh,escoterboshqm@so-net.ne.jp,259-322-8521,45,57,Female,Mrs,Single,9 Wayridge Pass,Pittsburgh,Delaware,Oceanview General Hospital,MALCOLM GROW MEDICAL CLINIC 779 MDG MDSS SGSR 1060 W. PERIMETER RD FB14 C/O RMO OFFICE,East,12/30/2024,medication,Ertha Scoterbosh,Often,997-665-5668,grass,11
960,Wilt,Bethel,wbethelqn@shinystat.com,209-675-1907,63,46,Male,Mr,Single,4 Artisan Pass,Boston,Virginia,Westside Community Hospital,2900 CORPORATE WAY DOOR D,East,6/17/2025,medication,Wilt Bethel,Once,417-721-1978,pollen,90
961,Coretta,Ludl,cludlqo@wisc.edu,680-539-3421,47,45,Agender,Mr,Widow,53 Sheridan Center,Miami,Pennsylvania,Oceanview General Hospital,PO BOX 430,East,11/15/2024,acupuncture,Coretta Ludl,Often,626-510-1297,shellfish,66
962,Zonda,Upjohn,zupjohnqp@blog.com,131-231-2278,26,2,Female,Mr,Widow,284 Shasta Alley,New York City,Connecticut,Pacific Coast Hospital,3800 S NATIONAL AVE STE 540,East,4/20/2025,physical therapy,Zonda Upjohn,Once,884-633-7398,penicillin,139
963,Berkley,Patifield,bpatifieldqq@ihg.com,485-530-8238,42,43,Male,Ms,Single,58382 Talisman Pass,Miami,Maryland,Golden Hills Medical Center,11221 ROE AVE SUITE 320,East,11/3/2024,aromatherapy,Berkley Patifield,Weekly,493-495-1285,penicillin,39
964,Alexandrina,Kraft,akraftqr@free.fr,164-769-7814,26,98,Female,Mrs,Widow,9047 Lakeland Way,Boston,Delaware,Oceanview General Hospital,4000 MERIDIAN BLVD,East,8/20/2025,hypnotherapy,Alexandrina Kraft,Weekly,172-931-6161,grass,45
965,Boy,Beck,bbeckqs@marketwatch.com,927-434-7903,34,150,Male,Mr,Married,112 Meadow Vale Plaza,Washington D.C.,Virginia,Coastal Breeze Hospital,PO BOX 684088,East,11/29/2024,massage therapy,Boy Beck,Often,741-943-2158,penicillin,122
966,Randy,Churchward,rchurchwardqt@artisteer.com,313-995-2478,5,123,Male,Miss,Married,78543 Northridge Way,Charlotte,New Hampshire,Sunset Valley Medical Center,100 E CARROLL ST PATIENT ACCOUNTS,East,5/6/2025,hypnotherapy,Randy Churchward,Daily,938-811-4739,latex,88
967,Aimil,Hardstaff,ahardstaffqu@bizjournals.com,265-429-9329,75,58,Female,Miss,Single,31940 Ramsey Lane,Miami,North Carolina,Golden Hills Medical Center,235 STETSON ST #402,East,7/20/2025,aromatherapy,Aimil Hardstaff,Seldom,246-669-0030,shellfish,134
968,Mervin,Huggill,mhuggillqv@w3.org,628-824-2897,19,5,Male,Ms,Widow,18 Fordem Place,Charlotte,Maine,Sierra Vista Regional Hospital,5615 OLD NATIONAL HWY,East,9/19/2025,homeopathy,Mervin Huggill,Monthly,361-565-2054,dust,102
969,Bernardina,Quiney,bquineyqw@cam.ac.uk,230-229-7011,102,79,Female,Mr,Single,6 Kennedy Crossing,New York City,Maine,Golden Hills Medical Center,PO BOX 849870,East,1/7/2025,massage therapy,Bernardina Quiney,Seldom,936-691-5147,cats,20
970,Junette,Danielli,jdanielliqx@irs.gov,772-146-8181,94,66,Genderqueer,Mr,Married,17796 Mitchell Center,Raleigh,Vermont,Pacific Coast Hospital,6637 SUMMER KNOLL CIR SUITE 101,East,6/13/2025,hypnotherapy,Junette Danielli,Never,197-213-5396,peanuts,115
971,Dorelia,Annies,danniesqy@topsy.com,576-391-1242,122,65,Female,Miss,Single,8280 Northport Drive,Raleigh,New York,Golden Gate Medical Center,1500 PENNSYLVANIA AVE,East,7/21/2025,surgery,Dorelia Annies,Seldom,578-813-1838,mold,134
972,Lilias,Elener,lelenerqz@youtube.com,613-269-3151,72,52,Female,Miss,Single,1555 Linden Place,Boston,Delaware,Coastal Breeze Hospital,2525 GLENN HENDREN DR,East,3/1/2025,herbal remedies,Lilias Elener,Often,722-763-2923,shellfish,50
973,Minna,Bein,mbeinr0@1688.com,951-584-4481,139,92,Female,Miss,Single,74 Hintze Crossing,New York City,Rhode Island,Sunset Valley Medical Center,520 MEDICAL DR,East,4/12/2025,acupuncture,Minna Bein,Yearly,991-838-0119,dust,99
974,Jacqui,Redemile,jredemiler1@utexas.edu,421-610-1800,34,84,Female,Mr,Married,1 Raven Junction,Charlotte,Virginia,Westside Community Hospital,BLDG 5136 EAGLE DR STE 102,East,3/25/2025,physical therapy,Jacqui Redemile,Seldom,390-418-7472,latex,44
975,Alane,O'Lenechan,aolenechanr2@comsenz.com,360-397-8167,56,76,Female,Mr,Married,3705 Amoth Road,Raleigh,Virginia,Golden Hills Medical Center,208 VANDERBILT DR,East,6/16/2025,chiropractic care,Alane O'Lenechan,Daily,733-346-9710,grass,88
976,Betty,Ubsdell,bubsdellr3@hostgator.com,182-805-2832,99,71,Female,Ms,Widow,8 Swallow Court,Pittsburgh,Maine,Sunset Valley Medical Center,1406 6TH AVE N,East,10/5/2025,medication,Betty Ubsdell,Daily,517-776-6132,latex,133
977,Lisbeth,Harefoot,lharefootr4@usa.gov,356-434-1743,27,26,Female,Mr,Widow,180 Fordem Plaza,Raleigh,Maine,Pacific Coast Hospital,730 WELCH RD,East,7/26/2025,aromatherapy,Lisbeth Harefoot,Daily,856-433-5931,grass,74
978,Simone,Stot,sstotr5@live.com,787-746-5989,50,51,Bigender,Miss,Married,23 Briar Crest Way,Charlotte,South Carolina,Westside Community Hospital,920 RIDGEBROOK RD,East,5/11/2025,chiropractic care,Simone Stot,Daily,110-394-5015,eggs,8
979,Honor,Binnes,hbinnesr6@yale.edu,787-291-7825,33,25,Female,Mr,Single,73 Burrows Place,Raleigh,New York,Pacific Coast Hospital,1601 COLUMBIA ST,East,5/12/2025,aromatherapy,Honor Binnes,Often,318-785-0113,grass,84
980,Caldwell,Forkan,cforkanr7@wordpress.org,685-131-2297,116,31,Male,Mr,Single,0524 American Ash Pass,Pittsburgh,Connecticut,Pacific Coast Hospital,2301 HOLMES ST,East,10/5/2025,aromatherapy,Caldwell Forkan,Yearly,614-679-3700,pollen,69
981,Kenneth,Dakin,kdakinr8@time.com,357-275-0526,78,50,Male,Mrs,Widow,560 Laurel Place,Miami,Rhode Island,Golden Hills Medical Center,800 W 9TH ST,East,7/21/2025,physical therapy,Kenneth Dakin,Daily,342-552-8942,penicillin,3
982,Demetria,Studart,dstudartr9@intel.com,788-889-0522,2,136,Female,Mrs,Married,41 Express Alley,Charlotte,New Jersey,Westside Community Hospital,PO BOX 849992,East,4/26/2025,aromatherapy,Demetria Studart,Never,219-652-7683,latex,43
983,Binnie,Belfitt,bbelfittra@instagram.com,343-756-3425,72,23,Female,Miss,Single,5 Hintze Place,Baltimore,Virginia,Westside Community Hospital,1670 UPHAM DR,East,10/28/2024,aromatherapy,Binnie Belfitt,Often,257-560-4877,penicillin,31
984,Murial,Larking,mlarkingrb@fotki.com,797-388-8899,8,138,Non-binary,Mrs,Single,627 Waubesa Hill,Baltimore,Maine,Golden Hills Medical Center,PO BOX 879,East,7/10/2025,herbal remedies,Murial Larking,Monthly,762-635-7570,grass,49
985,Barrie,Maund,bmaundrc@ed.gov,977-491-8609,53,95,Male,Mr,Single,603 Glacier Hill Drive,Boston,South Carolina,Oceanview General Hospital,2299 CHAMPAGNOLLE RD,East,7/3/2025,homeopathy,Barrie Maund,Once,552-925-9975,shellfish,47
986,Collen,McGarvey,cmcgarveyrd@shinystat.com,419-620-0307,117,6,Female,Ms,Single,6 Schlimgen Court,Pittsburgh,Georgia,Sierra Vista Regional Hospital,60 2ND ST FL 4,East,6/27/2025,acupuncture,Collen McGarvey,Seldom,821-989-2781,pollen,5
987,Kevin,Ambrogioli,kambrogiolire@flickr.com,921-728-4662,76,16,Male,Miss,Married,8841 Pleasure Terrace,Pittsburgh,New Hampshire,Oceanview General Hospital,2524 GLENN AVE,East,1/17/2025,massage therapy,Kevin Ambrogioli,Once,800-409-9851,shellfish,33
988,Carlyle,Laviste,clavisterf@salon.com,522-980-4380,4,85,Polygender,Ms,Married,0 Marquette Circle,Washington D.C.,Virginia,Golden Gate Medical Center,1906 BLAKE AVE,East,6/28/2025,homeopathy,Carlyle Laviste,Seldom,518-979-2467,grass,11
989,Hernando,Lyttle,hlyttlerg@wikispaces.com,646-670-7660,70,59,Male,Miss,Married,63044 Myrtle Junction,Washington D.C.,South Carolina,Mountain View Medical Center,7600 FANNIN ST,East,8/20/2025,medication,Hernando Lyttle,Seldom,575-789-9181,shellfish,10
990,Pierre,Cranstoun,pcranstounrh@exblog.jp,930-115-5483,104,81,Male,Ms,Married,16 Weeping Birch Park,Raleigh,Rhode Island,Mountain View Medical Center,1503 N CEDAR CREST BLVD,East,12/18/2024,massage therapy,Pierre Cranstoun,Weekly,842-217-2967,grass,65
991,Solly,Challenger,schallengerri@photobucket.com,345-748-6191,39,64,Male,Mr,Married,140 Bunting Crossing,Washington D.C.,South Carolina,Pacific Coast Hospital,176 MEDICAL CENTER DR,East,3/17/2025,medication,Solly Challenger,Once,624-171-3993,penicillin,139
992,Euell,Corton,ecortonrj@eventbrite.com,689-338-7272,131,145,Bigender,Ms,Widow,0397 Leroy Way,Philadelphia,New Jersey,Sierra Vista Regional Hospital,206 HALEY RD,East,10/30/2024,homeopathy,Euell Corton,Yearly,265-662-3816,pollen,6
993,Codi,Domek,cdomekrk@eventbrite.com,809-493-2039,37,68,Male,Mr,Single,588 Hollow Ridge Alley,Raleigh,Florida,Coastal Breeze Hospital,1911 CAMPBELLSVILLE RD,East,4/6/2025,acupuncture,Codi Domek,Daily,310-220-9693,peanuts,18
994,Dottie,Mantione,dmantionerl@census.gov,785-920-0297,57,74,Female,Mr,Widow,59392 Northfield Street,Charlotte,North Carolina,Oceanview General Hospital,PO BOX 2917,East,11/8/2024,medication,Dottie Mantione,Seldom,459-241-6538,shellfish,45
995,Halli,Heyworth,hheyworthrm@examiner.com,285-182-5612,22,84,Female,Mrs,Married,46252 Artisan Park,Boston,Delaware,Golden Gate Medical Center,1501 N US HIGHWAY 441 SUITE 1830,East,8/1/2025,massage therapy,Halli Heyworth,Once,634-650-2904,pollen,10
996,Cherianne,Tosdevin,ctosdevinrn@ifeng.com,834-290-1544,46,33,Female,Mr,Widow,9 Scott Way,Miami,Pennsylvania,Oceanview General Hospital,7007 GROVE RD,East,9/1/2025,surgery,Cherianne Tosdevin,Monthly,805-323-0569,cats,63
997,Genia,Tremontana,gtremontanaro@reference.com,370-911-1988,5,25,Female,Ms,Married,823 Michigan Pass,Atlanta,Massachusetts,Westside Community Hospital,4150 INTERNATIONAL PLAZA SUITE 600,East,3/5/2025,herbal remedies,Genia Tremontana,Weekly,937-505-5652,latex,145
998,Mallory,Duffer,mdufferrp@tumblr.com,532-518-0998,76,150,Male,Ms,Married,48 Vera Pass,Baltimore,Delaware,Sunset Valley Medical Center,206 E BROWN ST,East,4/18/2025,aromatherapy,Mallory Duffer,Seldom,970-692-9032,mold,39
999,Veronike,Bottleson,vbottlesonrq@odnoklassniki.ru,858-626-1348,71,36,Female,Mrs,Married,11118 Kipling Pass,Raleigh,Florida,Mountain View Medical Center,6101 BLUE LAGOON DR STE 200,East,4/29/2025,medication,Veronike Bottleson,Weekly,968-591-2927,penicillin,43
1000,Toiboid,Lamplugh,tlamplughrr@sun.com,327-553-2167,97,113,Male,Mr,Married,8308 Sloan Plaza,Atlanta,Delaware,Westside Community Hospital,PO BOX 29 1296 AGVIK STREET,East,1/4/2025,surgery,Toiboid Lamplugh,Daily,890-893-0151,peanuts,107