id,first_name,last_name,email,Phone number,weight,age,gender,Prefix,Martial Status,Address,City,State,Hospital Name,Hostipal Address,Region,Visit Date,Treatement,Doctor Appointed,Number of Doctors Appointed,Doctor's Contact,Allergies,Height
1,Cinda,Klimowicz,cklimowicz0@ameblo.jp,427-676-7930,121,86,Female,Miss,Single,07 Marcy Point,Portland,California,Mountain View Medical Center,26285 BERG RD APT 276,West,5/5/2025,herbal remedies,Cinda Klimowicz,1,175-244-2423,peanuts,8
2,Cori,Zukierman,czukierman1@networksolutions.com,937-794-9433,113,37,Female,Ms,Widow,490 Luster Circle,Los Angeles,Oregon,Sierra Vista Regional Hospital,PO BOX 636068,West,8/11/2025,physical therapy,Cori Zukierman,0,911-412-7775,mold,91
3,Katti,Hundy,khundy2@economist.com,359-873-3597,49,109,Female,Miss,Married,03349 Service Circle,Denver,Washington,Sierra Vista Regional Hospital,4201 SAINT ANTOINE ST SUITE 3R,West,6/9/2025,acupuncture,Katti Hundy,1,502-224-4856,latex,50
4,Tucky,McKerrow,tmckerrow3@edublogs.org,333-858-9014,98,38,Male,Mrs,Widow,8128 Hoffman Way,San Francisco,Arizona,Sierra Vista Regional Hospital,221 S 12TH ST APT 614 SOUTH,West,1/3/2025,surgery,Tucky McKerrow,1,606-989-3285,cats,25
5,Joey,Jaggi,jjaggi4@mit.edu,126-721-0108,38,87,Female,Mr,Married,2496 Mayfield Court,Los Angeles,New Mexico,Golden Hills Medical Center,4714 GETTYSBURG ROAD LEGAL DEPARTMENT,West,3/30/2025,homeopathy,Joey Jaggi,12,794-244-3525,latex,35
6,Roxi,Bourthouloume,rbourthouloume5@mapquest.com,137-876-7607,88,7,Female,Ms,Single,75567 Mcguire Lane,Phoenix,Colorado,Sunshine Valley Hospital,4801 BISSONNET ST,West,5/24/2025,aromatherapy,Roxi Bourthouloume,0,794-147-0430,grass,130
7,Erik,McEwen,emcewen6@theatlantic.com,938-792-3054,40,93,Male,Miss,Single,1127 Hayes Circle,Albuquerque,Wyoming,Sunset Valley Medical Center,PSC 557 BOX 104,West,12/27/2024,surgery,Erik McEwen,12,979-171-8281,mold,138
8,Hendrick,Vasiliu,hvasiliu7@phpbb.com,803-758-6946,134,140,Male,Mr,Single,01 Messerschmidt Way,Portland,Wyoming,Sunshine Valley Hospital,1000 15TH ST N,West,12/11/2024,homeopathy,Hendrick Vasiliu,54,676-963-5347,grass,80
9,Marwin,Erley,merley8@desdev.cn,453-769-1636,52,142,Male,Miss,Single,52 Dennis Terrace,Las Vegas,New Mexico,Sunset Valley Medical Center,4545 CONNECTICUT AVE NW APT 414,West,10/5/2025,medication,Marwin Erley,0,684-572-1870,mold,49
10,Burk,Cotsford,bcotsford9@webs.com,279-784-1021,17,59,Male,Miss,Married,3 Bartillon Road,Seattle,Hawaii,Oceanview General Hospital,2110 LEITER RD,West,7/15/2025,chiropractic care,Burk Cotsford,365,790-568-2959,grass,81
11,Sax,Redholes,sredholesa@free.fr,187-812-4221,119,34,Male,Ms,Widow,906 Darwin Plaza,Phoenix,New Mexico,Sunshine Valley Hospital,290 PROGRESS DRIVE SUITE A,West,6/14/2025,physical therapy,Sax Redholes,1,790-185-0094,grass,137
12,Linzy,Stothard,lstothardb@sohu.com,679-215-4574,39,50,Female,Mrs,Married,28 Laurel Way,Denver,Idaho,Mountain View Medical Center,960 RESERVOIR AVE STE 11,West,10/28/2024,surgery,Linzy Stothard,1000,463-849-8735,peanuts,26
13,Theodosia,Simioli,tsimiolic@baidu.com,873-347-9635,141,133,Female,Miss,Married,734 Cottonwood Parkway,Denver,Idaho,Coastal Breeze Hospital,1350 E WOODROW WILSON AVE,West,10/23/2025,herbal remedies,Theodosia Simioli,0,414-592-3647,pollen,35
14,Stu,Hanaford,shanafordd@facebook.com,853-842-1538,120,112,Male,Miss,Widow,29 Old Shore Plaza,Seattle,Colorado,Golden Hills Medical Center,263 FARMINGTON AVE,West,3/31/2025,chiropractic care,Stu Hanaford,1,477-848-0667,eggs,119
15,Langsdon,Abramovic,labramovice@google.co.jp,234-659-2403,2,51,Male,Miss,Widow,6377 Forest Road,Las Vegas,Arizona,Golden Hills Medical Center,PO BOX 489,West,1/27/2025,physical therapy,Langsdon Abramovic,1,778-886-1572,mold,5
16,Jyoti,Extence,jextencef@nationalgeographic.com,910-786-7046,51,138,Female,Ms,Married,99494 Judy Avenue,Denver,Idaho,Oceanview General Hospital,8175 RELIABLE PKWY,West,3/1/2025,chiropractic care,Jyoti Extence,365,722-885-6408,grass,6
17,Rutledge,Ullyatt,rullyattg@g.co,581-676-8740,63,113,Male,Mrs,Single,83870 Sugar Drive,San Diego,Montana,Sunshine Valley Hospital,3100 THORNTON AVE STE 105,West,2/7/2025,homeopathy,Rutledge Ullyatt,0,430-392-1736,eggs,62
18,Cecilla,Robinet,crobineth@cisco.com,635-217-9003,123,62,Female,Ms,Widow,195 Cardinal Court,Los Angeles,Idaho,Coastal Breeze Hospital,545 S ALVARADO ST SUITE D,West,1/18/2025,medication,Cecilla Robinet,1000,701-547-1040,eggs,127
19,Linnie,Clemett,lclemetti@go.com,272-655-0222,147,32,Female,Miss,Married,48904 Homewood Terrace,Salt Lake City,Arizona,Coastal Breeze Hospital,PO BOX 1028,West,4/1/2025,herbal remedies,Linnie Clemett,365,235-213-0802,shellfish,2
20,Ignacius,Berns,ibernsj@4shared.com,269-861-7050,55,79,Male,Mr,Married,071 Quincy Lane,San Francisco,Washington,Sierra Vista Regional Hospital,770 N 114TH ST,West,10/9/2025,surgery,Ignacius Berns,1,577-419-4692,pollen,106
21,Dredi,Vincent,dvincentk@blogs.com,279-129-8461,36,146,Female,Ms,Single,82787 Dovetail Alley,Portland,Utah,Mountain View Medical Center,860 NW 42ND AVE 5TH FLOOR,West,11/28/2024,surgery,Dredi Vincent,-1,571-919-9582,dust,96
22,Harlene,Medlen,hmedlenl@walmart.com,113-269-2510,7,71,Female,Mr,Single,28 Bay Park,Albuquerque,California,Oceanview General Hospital,709 N LINCOLN,West,12/21/2024,aromatherapy,Harlene Medlen,12,376-982-8508,peanuts,114
23,Menard,Beetham,mbeethamm@csmonitor.com,197-815-7235,110,124,Male,Mr,Widow,16 Montana Avenue,Seattle,Hawaii,Westside Community Hospital,180 MALLORY AVE,West,12/16/2024,medication,Menard Beetham,54,905-851-0731,cats,36
24,Palm,Peetermann,ppeetermannn@sina.com.cn,650-578-0432,38,62,Male,Mrs,Widow,376 Sheridan Pass,Albuquerque,Hawaii,Golden Gate Medical Center,2518 LEBANON PIKE,West,1/5/2025,chiropractic care,Palm Peetermann,0,854-946-2546,latex,56
25,Johann,Farlow,jfarlowo@joomla.org,606-812-4079,120,134,Male,Mr,Married,46908 Mesta Terrace,Portland,Washington,Sunset Valley Medical Center,100 COUNTY ROAD B,West,5/27/2025,massage therapy,Johann Farlow,12,117-729-8136,peanuts,113
26,Karalee,Wall,kwallp@nsw.gov.au,452-801-8852,70,90,Female,Miss,Married,7036 Village Hill,Phoenix,Utah,Sunshine Valley Hospital,1907 W SYCAMORE ST,West,11/5/2024,chiropractic care,Karalee Wall,1000,267-395-6305,eggs,1
27,Calypso,Mathivon,cmathivonq@apple.com,123-929-5018,86,90,Female,Miss,Single,228 Utah Avenue,Denver,California,Westside Community Hospital,3515 W CENTRAL AVE,West,8/8/2025,massage therapy,Calypso Mathivon,12,543-643-1026,latex,99
28,Griff,Gounod,ggounodr@sourceforge.net,820-579-8264,56,89,Non-binary,Mrs,Married,833 Burning Wood Point,Seattle,California,Golden Hills Medical Center,701 E 28TH ST STE 100,West,4/13/2025,herbal remedies,Griff Gounod,54,853-961-1875,eggs,65
29,Alick,Rockwill,arockwills@storify.com,231-820-2885,62,12,Male,Miss,Married,1 Kim Plaza,Seattle,Colorado,Golden Hills Medical Center,PO BOX 80846,West,10/3/2025,surgery,Alick Rockwill,1000,561-711-6174,cats,140
30,Auroora,Ashforth,aashfortht@mayoclinic.com,636-765-5314,73,61,Female,Miss,Widow,421 Schiller Pass,San Francisco,Utah,Mountain View Medical Center,179 N BROAD ST,West,3/25/2025,aromatherapy,Auroora Ashforth,54,346-224-1065,grass,38
31,Hieronymus,Delap,hdelapu@hud.gov,726-404-5505,102,85,Male,Miss,Single,6426 Sugar Parkway,San Diego,Oregon,Golden Hills Medical Center,PO BOX 13579,West,2/28/2025,chiropractic care,Hieronymus Delap,12,543-384-1534,eggs,126
32,Bron,Mathys,bmathysv@columbia.edu,446-489-8140,41,90,Male,Miss,Single,41 Mifflin Way,Salt Lake City,Nevada,Pacific Coast Hospital,1022 PRESIDENTIAL CORRIDOR EAST,West,3/25/2025,homeopathy,Bron Mathys,1000,613-753-3119,cats,8
33,Rosita,Kinch,rkinchw@ibm.com,829-531-9218,144,54,Female,Mrs,Single,5 Stuart Drive,Seattle,Colorado,Golden Hills Medical Center,12039 SW 132ND CT UNIT 5,West,11/16/2024,surgery,Rosita Kinch,1,148-173-1873,pollen,56
34,Anastassia,Goodman,agoodmanx@cocolog-nifty.com,996-151-1205,117,66,Female,Miss,Single,578 Meadow Ridge Place,Portland,Arizona,Sierra Vista Regional Hospital,4220 W 3RD ST STE 201,West,12/14/2024,aromatherapy,Anastassia Goodman,-1,369-183-0161,penicillin,60
35,Emmit,Chaffin,echaffiny@washingtonpost.com,656-553-5502,150,149,Male,Miss,Single,33771 Meadow Valley Lane,Portland,Arizona,Sierra Vista Regional Hospital,43 WEST MAIN STREET,West,4/1/2025,hypnotherapy,Emmit Chaffin,1000,546-779-9052,shellfish,144
36,Frederica,Bakey,fbakeyz@nbcnews.com,713-963-2233,117,68,Female,Mrs,Widow,625 Division Court,Seattle,Montana,Sunshine Valley Hospital,639 W MAIN ST,West,10/9/2025,medication,Frederica Bakey,12,998-974-3828,pollen,128
37,Imojean,O'Longain,iolongain10@networkadvertising.org,275-392-9065,41,60,Female,Mrs,Married,9 Dwight Point,Portland,Montana,Oceanview General Hospital,403 E 34TH ST 3RD FL,West,4/17/2025,homeopathy,Imojean O'Longain,4,927-349-4490,latex,87
38,Remus,Stanyer,rstanyer11@house.gov,661-398-0801,4,113,Male,Mrs,Single,46991 Kim Parkway,Portland,Colorado,Golden Gate Medical Center,1111 CONRAD SAUER DR STE D,West,1/4/2025,homeopathy,Remus Stanyer,1,825-653-9427,shellfish,40
39,Elke,Norvill,enorvill12@theguardian.com,486-421-3663,15,107,Female,Ms,Married,42 Elgar Center,San Diego,Colorado,Oceanview General Hospital,655 W 8TH ST,West,11/26/2024,massage therapy,Elke Norvill,1,779-438-9913,peanuts,62
40,Orson,Casburn,ocasburn13@google.com.br,788-999-1871,59,138,Male,Ms,Single,03034 Tony Park,Los Angeles,Wyoming,Sunset Valley Medical Center,20 MAPLE AVE,West,7/17/2025,chiropractic care,Orson Casburn,54,788-732-3937,mold,38
41,Johannah,Larkings,jlarkings14@goodreads.com,148-790-2079,21,74,Female,Ms,Married,48853 7th Place,San Francisco,Montana,Sunset Valley Medical Center,2900 CORPORATE WAY DOOR D,West,2/11/2025,acupuncture,Johannah Larkings,1000,899-968-3256,peanuts,128
42,Leshia,Grebbin,lgrebbin15@bigcartel.com,887-551-4901,39,91,Female,Mr,Married,99855 Raven Center,Albuquerque,Wyoming,Golden Hills Medical Center,13527 HAWTHORNE BLVD,West,8/27/2025,medication,Leshia Grebbin,12,263-119-4735,shellfish,43
43,Tristan,Keyworth,tkeyworth16@deliciousdays.com,917-776-7503,49,73,Male,Miss,Married,007 Gerald Terrace,Seattle,Hawaii,Coastal Breeze Hospital,8816 FOOTHILL BLVD SUITE 103-BOX 139,West,2/9/2025,homeopathy,Tristan Keyworth,-1,699-636-3158,penicillin,48
44,Bobbie,Pescod,bpescod17@artisteer.com,736-955-0265,68,34,Male,Mr,Widow,9245 American Street,Salt Lake City,Hawaii,Westside Community Hospital,PO BOX 826594,West,7/8/2025,chiropractic care,Bobbie Pescod,54,538-105-8986,grass,143
45,Kile,Dulton,kdulton18@tumblr.com,855-183-2877,27,78,Non-binary,Mr,Married,133 Dawn Court,Los Angeles,Oregon,Mountain View Medical Center,301 FISHER ST,West,9/11/2025,homeopathy,Kile Dulton,12,997-264-0366,pollen,23
46,Ardene,Sphinxe,asphinxe19@behance.net,135-739-5979,109,145,Female,Mrs,Widow,212 Rockefeller Terrace,Las Vegas,Colorado,Golden Gate Medical Center,14741 BISCAYNE BLVD,West,10/31/2024,hypnotherapy,Ardene Sphinxe,0,812-121-6776,cats,93
47,Hoyt,Rivlin,hrivlin1a@barnesandnoble.com,477-634-5175,96,10,Male,Mr,Single,46 High Crossing Street,Salt Lake City,New Mexico,Pacific Coast Hospital,PO BOX 1147,West,10/8/2025,homeopathy,Hoyt Rivlin,1000,764-471-1838,pollen,40
48,Dudley,Suttill,dsuttill1b@opensource.org,350-147-8804,54,124,Male,Mrs,Single,2489 Everett Circle,Los Angeles,New Mexico,Sunset Valley Medical Center,PO BOX 19305,West,9/24/2025,massage therapy,Dudley Suttill,1000,873-891-3091,cats,83
49,Roley,Roman,rroman1c@independent.co.uk,735-829-8935,89,44,Male,Ms,Single,01455 Wayridge Point,San Francisco,Utah,Sierra Vista Regional Hospital,5410 MARYLAND WAY STE 300,West,9/22/2025,herbal remedies,Roley Roman,-1,325-573-0817,mold,60
50,Caria,Lerner,clerner1d@rediff.com,246-840-8524,133,116,Female,Ms,Single,7569 Clyde Gallagher Court,San Diego,Washington,Coastal Breeze Hospital,12254 BELLFLOWER BLVD FL 2 PHARMACY OPERATIONS DEPARTMENT,West,3/29/2025,homeopathy,Caria Lerner,54,671-967-2366,grass,57
51,Pancho,Pilpovic,ppilpovic1e@tripod.com,747-197-4857,51,61,Polygender,Miss,Married,418 Ohio Lane,Salt Lake City,Washington,Sunset Valley Medical Center,PO BOX 7349,West,7/7/2025,medication,Pancho Pilpovic,365,926-188-3714,mold,74
52,Courtnay,Carlin,ccarlin1f@usatoday.com,600-422-8059,109,145,Female,Ms,Single,4055 Troy Lane,Denver,New Mexico,Sunshine Valley Hospital,PO BOX 151 1100 MERCER AVENUE,West,2/24/2025,physical therapy,Courtnay Carlin,4,567-490-2786,dust,65
53,Darbee,Atack,datack1g@nih.gov,656-462-8037,127,73,Male,Mrs,Widow,4 Forest Run Point,Los Angeles,Colorado,Golden Hills Medical Center,3401 N BROAD ST,West,9/21/2025,aromatherapy,Darbee Atack,4,900-555-0519,latex,124
54,Giselle,Boughey,gboughey1h@eepurl.com,801-362-2727,45,13,Female,Mrs,Widow,0371 Sauthoff Terrace,Salt Lake City,Alaska,Golden Hills Medical Center,PO BOX 250,West,1/27/2025,hypnotherapy,Giselle Boughey,12,927-346-1652,grass,91
55,Lem,Cluney,lcluney1i@timesonline.co.uk,576-335-2286,92,11,Bigender,Ms,Married,2 Merrick Hill,Seattle,Idaho,Mountain View Medical Center,1920 COUNTRY PLACE PKWY SUITE 342,West,2/20/2025,hypnotherapy,Lem Cluney,1,416-373-6783,shellfish,14
56,Iago,Speechley,ispeechley1j@reddit.com,863-663-5667,59,136,Male,Ms,Single,7921 Grim Lane,San Diego,Washington,Pacific Coast Hospital,1795 HIGHWAY 64 E,West,5/20/2025,homeopathy,Iago Speechley,1000,759-896-5888,dust,24
57,Vassili,Le feaver,vle1k@youtu.be,308-437-9063,51,50,Male,Miss,Widow,45 Talisman Lane,Phoenix,Arizona,Golden Gate Medical Center,PO BOX 512717,West,9/6/2025,chiropractic care,Vassili Le feaver,0,537-126-5494,peanuts,142
58,Shayne,Phlippi,sphlippi1l@soundcloud.com,495-367-8872,133,21,Female,Mr,Widow,44105 Graceland Road,Seattle,Idaho,Westside Community Hospital,718 N MACOMB ST,West,4/1/2025,homeopathy,Shayne Phlippi,1,801-289-9324,eggs,41
59,Che,Gribbins,cgribbins1m@va.gov,803-906-7176,53,117,Male,Mr,Married,3 Daystar Park,Portland,Colorado,Oceanview General Hospital,1114 N UNIVERSITY DR,West,1/22/2025,hypnotherapy,Che Gribbins,0,527-757-8324,pollen,55
60,Maurizia,Breed,mbreed1n@oaic.gov.au,534-482-2497,80,15,Female,Miss,Single,907 Emmet Court,Phoenix,Idaho,Sunset Valley Medical Center,2000 W BALTIMORE ST,West,10/18/2025,medication,Maurizia Breed,1000,615-728-0667,cats,73
61,Shauna,Clilverd,sclilverd1o@networkadvertising.org,528-107-0491,6,48,Female,Ms,Single,11685 Mayer Pass,Seattle,Arizona,Golden Hills Medical Center,1007 LINCOLNWAY,West,2/3/2025,chiropractic care,Shauna Clilverd,0,713-266-4450,latex,89
62,Freddie,Riche,friche1p@wp.com,246-335-6030,92,109,Male,Mr,Widow,39155 Crescent Oaks Alley,Portland,Wyoming,Golden Hills Medical Center,664 E 25TH ST STE 101,West,1/9/2025,herbal remedies,Freddie Riche,365,875-707-4791,grass,81
63,Carr,Grange,cgrange1q@go.com,567-358-9436,110,108,Male,Mrs,Widow,380 Summerview Plaza,Las Vegas,New Mexico,Sierra Vista Regional Hospital,50 WATER ST FL 3,West,12/21/2024,chiropractic care,Carr Grange,54,502-438-4467,shellfish,92
64,Leland,Garnall,lgarnall1r@state.gov,713-344-8229,85,103,Male,Mr,Married,40 Darwin Junction,Portland,Nevada,Sunset Valley Medical Center,PO BOX 432,West,8/13/2025,acupuncture,Leland Garnall,0,149-410-7639,dust,48
65,Cass,Walby,cwalby1s@google.pl,218-132-6208,43,105,Male,Mr,Single,395 Algoma Plaza,Portland,Wyoming,Westside Community Hospital,30 LOCUST STREET P.O. BOX 5001,West,9/24/2025,physical therapy,Cass Walby,4,646-433-0364,dust,11
66,Trish,Woolen,twoolen1t@php.net,542-977-4014,140,7,Female,Mrs,Married,483 Surrey Point,Denver,Oregon,Coastal Breeze Hospital,PO BOX 887,West,2/24/2025,homeopathy,Trish Woolen,0,299-801-4658,latex,29
67,Hillie,Tink,htink1u@umn.edu,531-895-2123,92,34,Male,Mrs,Widow,16616 Hoffman Circle,Los Angeles,Wyoming,Pacific Coast Hospital,PO BOX 159,West,6/16/2025,hypnotherapy,Hillie Tink,-1,998-392-7371,dust,73
68,Brit,Pudner,bpudner1v@china.com.cn,789-429-5053,128,105,Male,Ms,Single,0484 Debs Pass,Portland,Oregon,Golden Hills Medical Center,120 STATE LOOP 92,West,12/4/2024,surgery,Brit Pudner,365,378-737-9725,penicillin,94
69,Vassily,Nolan,vnolan1w@canalblog.com,342-636-7373,67,24,Male,Mr,Widow,4 Kings Court,Los Angeles,Oregon,Mountain View Medical Center,1360 BAILEY ST,West,1/26/2025,massage therapy,Vassily Nolan,365,222-613-7799,mold,88
70,April,Goodey,agoodey1x@cdbaby.com,470-558-5086,71,34,Female,Miss,Single,2 Briar Crest Road,Seattle,Washington,Mountain View Medical Center,80 HUMPHREYS CTR #200,West,6/12/2025,hypnotherapy,April Goodey,-1,126-363-5919,grass,102
71,Edd,Patrie,epatrie1y@house.gov,757-539-3399,71,103,Male,Ms,Married,5224 Division Center,Salt Lake City,Wyoming,Sunset Valley Medical Center,PO BOX 1127,West,2/22/2025,medication,Edd Patrie,4,812-224-5765,cats,24
72,Bryn,Fallow,bfallow1z@ebay.co.uk,843-944-3355,20,50,Male,Miss,Widow,41341 Prentice Park,Portland,Colorado,Pacific Coast Hospital,44 S MAIN ST,West,5/6/2025,massage therapy,Bryn Fallow,54,846-348-9192,shellfish,43
73,Georgena,Bettaney,gbettaney20@newsvine.com,698-769-0317,12,20,Female,Mrs,Single,834 Killdeer Circle,Seattle,Idaho,Golden Gate Medical Center,100 HOSPITAL AVE,West,6/25/2025,massage therapy,Georgena Bettaney,54,943-964-2714,grass,63
74,Holt,Ivanyukov,hivanyukov21@yellowpages.com,137-956-8020,91,10,Male,Ms,Single,1206 Kinsman Pass,Seattle,New Mexico,Sunshine Valley Hospital,461 WEST HURON STREET,West,3/6/2025,homeopathy,Holt Ivanyukov,1,302-675-2098,peanuts,46
75,Jud,Simmgen,jsimmgen22@army.mil,850-405-7610,144,100,Agender,Ms,Married,13 Tomscot Hill,Seattle,Alaska,Oceanview General Hospital,100 MICHIGAN ST NE MC 845,West,4/26/2025,aromatherapy,Jud Simmgen,12,864-141-1129,peanuts,23
76,Carrissa,McNirlan,cmcnirlan23@bbc.co.uk,638-576-3473,52,122,Female,Mrs,Married,57021 Manufacturers Circle,San Francisco,Arizona,Pacific Coast Hospital,1225 WARM SPRINGS AVE,West,1/21/2025,herbal remedies,Carrissa McNirlan,1,825-584-1642,penicillin,114
77,Odette,Rishman,orishman24@usda.gov,973-931-4801,75,2,Female,Mrs,Single,3 Spaight Avenue,Portland,Colorado,Coastal Breeze Hospital,720 N LINCOLN ST,West,1/1/2025,herbal remedies,Odette Rishman,0,232-836-0226,eggs,105
78,Arther,Kinsella,akinsella25@businessweek.com,296-494-3834,135,37,Male,Mrs,Widow,66912 Larry Lane,Albuquerque,New Mexico,Mountain View Medical Center,100 E LEHIGH AVE SUITE 305B,West,7/23/2025,acupuncture,Arther Kinsella,12,540-502-6042,latex,115
79,Payton,Garnsworthy,pgarnsworthy26@lulu.com,796-697-4135,36,88,Male,Miss,Widow,134 Independence Avenue,Seattle,Nevada,Sierra Vista Regional Hospital,24511 W JAYNE AVE,West,7/21/2025,chiropractic care,Payton Garnsworthy,54,954-548-3018,dust,54
80,Kendall,Dener,kdener27@nytimes.com,263-168-3515,131,31,Male,Mrs,Single,2255 Cottonwood Plaza,San Francisco,Nevada,Golden Hills Medical Center,PO BOX 645996,West,6/25/2025,hypnotherapy,Kendall Dener,1000,128-108-8117,penicillin,96
81,Tracy,Kinzel,tkinzel28@365mail.co.uk,873-447-8928,78,77,Male,Mr,Single,98 Arizona Plaza,Denver,Utah,Pacific Coast Hospital,173 MIDDLE ST,West,5/29/2025,herbal remedies,Tracy Kinzel,0,965-266-6840,mold,107
82,Lewes,Berrey,lberrey29@cafepress.com,708-863-7262,143,43,Male,Miss,Married,3905 Beilfuss Hill,Las Vegas,Oregon,Pacific Coast Hospital,5300 W SAM HOUSTON PKWY N SUITE 100,West,12/24/2024,hypnotherapy,Lewes Berrey,12,885-594-1096,eggs,103
83,Hattie,Tuminelli,htuminelli2a@gnu.org,791-367-4908,110,145,Female,Mrs,Widow,45 Charing Cross Avenue,Las Vegas,Oregon,Sierra Vista Regional Hospital,1201 BROAD ROCK BLVD,West,6/24/2025,herbal remedies,Hattie Tuminelli,12,309-554-5186,peanuts,8
84,Tommi,Cherryman,tcherryman2b@joomla.org,569-458-2050,59,55,Female,Miss,Widow,6 Muir Point,Phoenix,Arizona,Golden Gate Medical Center,509 DELAWARE STREET,West,3/22/2025,herbal remedies,Tommi Cherryman,1,768-351-8689,penicillin,143
85,Hillery,Bristow,hbristow2c@walmart.com,256-895-3569,85,30,Male,Ms,Single,529 Golf Point,San Diego,Alaska,Mountain View Medical Center,1 W SAMPLE RD SUITE 104,West,10/1/2025,herbal remedies,Hillery Bristow,4,176-508-1929,eggs,138
86,Wolfie,Brussels,wbrussels2d@illinois.edu,522-717-2727,139,93,Male,Mr,Married,6 Bunker Hill Alley,Phoenix,Montana,Golden Hills Medical Center,PO BOX 2505,West,1/18/2025,herbal remedies,Wolfie Brussels,1000,726-476-7700,eggs,107
87,Sancho,Ibarra,sibarra2e@ca.gov,408-673-6406,143,85,Male,Ms,Single,55167 Reinke Street,Denver,Alaska,Golden Gate Medical Center,1401 ST JOSEPH PKWY ATTN: BILLING,West,6/15/2025,acupuncture,Sancho Ibarra,365,811-615-0024,eggs,145
88,Constancia,Richford,crichford2f@tuttocitta.it,545-368-5192,128,133,Female,Mr,Married,80 Oakridge Circle,Denver,Utah,Pacific Coast Hospital,2600 SIXTH ST SW,West,2/1/2025,homeopathy,Constancia Richford,1000,975-538-1247,peanuts,72
89,Wit,Emons,wemons2g@kickstarter.com,910-884-0351,134,40,Male,Ms,Single,75 Butternut Drive,Phoenix,Utah,Sunshine Valley Hospital,PO BOX 844658,West,1/28/2025,massage therapy,Wit Emons,1,603-147-0630,eggs,115
90,Elisha,Morrid,emorrid2h@blinklist.com,637-351-8383,118,74,Male,Ms,Widow,043 Fairfield Center,Salt Lake City,Montana,Sunshine Valley Hospital,1212 WEBER RD,West,4/4/2025,physical therapy,Elisha Morrid,12,772-750-5218,shellfish,30
91,Alvis,McGahern,amcgahern2i@foxnews.com,387-455-6492,22,83,Male,Miss,Single,44 Sunnyside Crossing,Los Angeles,Hawaii,Sierra Vista Regional Hospital,PO BOX 9594,West,4/20/2025,acupuncture,Alvis McGahern,1,258-757-2329,shellfish,137
92,Cordy,Deedes,cdeedes2j@bandcamp.com,248-235-6706,109,22,Male,Ms,Single,58458 Cardinal Place,Denver,Arizona,Pacific Coast Hospital,1465 S GRAND BLVD,West,6/24/2025,herbal remedies,Cordy Deedes,-1,818-501-4531,cats,116
93,Barb,Goad,bgoad2k@scribd.com,967-472-0417,119,61,Female,Ms,Widow,13 Bultman Way,Seattle,Washington,Pacific Coast Hospital,4420 LAKE BOONE TRL,West,10/7/2025,massage therapy,Barb Goad,0,598-523-1863,pollen,79
94,Abbot,Baison,abaison2l@usda.gov,388-896-8453,108,22,Male,Ms,Married,57463 2nd Drive,Portland,Hawaii,Golden Gate Medical Center,PO BOX 162,West,8/8/2025,surgery,Abbot Baison,-1,813-761-2351,latex,12
95,Mabel,O' Markey,mo2m@wordpress.org,775-170-6301,80,81,Female,Ms,Married,856 Granby Place,Albuquerque,California,Coastal Breeze Hospital,52 QUAKER FARMS RD,West,10/13/2025,chiropractic care,Mabel O' Markey,1000,354-553-7564,pollen,76
96,Jaclyn,Mitchel,jmitchel2n@tripod.com,916-402-3259,92,110,Female,Mr,Married,3 Butterfield Crossing,San Francisco,Wyoming,Pacific Coast Hospital,508 GREENE ST,West,9/19/2025,homeopathy,Jaclyn Mitchel,54,702-958-6545,penicillin,38
97,Rosabelle,Harmeston,rharmeston2o@uiuc.edu,957-625-4806,5,70,Female,Mr,Married,22 Amoth Street,Seattle,Wyoming,Sunshine Valley Hospital,2000 MOWRY AVE,West,7/1/2025,herbal remedies,Rosabelle Harmeston,0,517-823-8126,cats,116
98,Nerta,Sellers,nsellers2p@loc.gov,897-819-1075,139,130,Female,Ms,Widow,65 Crowley Lane,Albuquerque,Washington,Sunset Valley Medical Center,690 STATE STREET,West,9/25/2025,massage therapy,Nerta Sellers,12,624-769-4773,shellfish,47
99,Manolo,Bollands,mbollands2q@apple.com,252-388-7038,102,71,Agender,Miss,Single,52403 Express Circle,Denver,Alaska,Sunshine Valley Hospital,PO BOX 678,West,3/28/2025,hypnotherapy,Manolo Bollands,0,607-659-7256,grass,145
100,Gisella,Oppery,goppery2r@live.com,104-908-7546,118,38,Female,Ms,Widow,400 Summer Ridge Hill,San Francisco,Colorado,Mountain View Medical Center,1621 COIT RD,West,12/19/2024,herbal remedies,Gisella Oppery,-1,912-104-6792,eggs,144
101,Kimberlee,Tow,ktow2s@jigsy.com,898-387-0974,63,138,Female,Ms,Single,923 Cody Point,Portland,Alaska,Sunshine Valley Hospital,UNIVERSITY OF CALIFORNIA SAN FRANCISCO DEPT OF OPHTHALMOLOGY; 10 KORET WAY RM 301,West,3/28/2025,physical therapy,Kimberlee Tow,-1,884-766-4308,pollen,147
102,Claybourne,Kerry,ckerry2t@redcross.org,754-258-1562,111,85,Male,Ms,Widow,234 Annamark Way,San Francisco,Wyoming,Sunset Valley Medical Center,PO BOX 847790,West,10/29/2024,chiropractic care,Claybourne Kerry,-1,703-137-2599,shellfish,55
103,Sylvester,Pym,spym2u@eventbrite.com,759-237-5888,77,34,Male,Mrs,Single,65 Spohn Pass,Salt Lake City,Arizona,Oceanview General Hospital,931 E WINTHROPE AVE,West,2/6/2025,hypnotherapy,Sylvester Pym,54,989-961-5547,eggs,17
104,Donny,Sugg,dsugg2v@cyberchimps.com,163-556-8820,21,34,Female,Ms,Single,6 Chive Trail,Los Angeles,Montana,Mountain View Medical Center,2400 GOLF RD,West,2/17/2025,acupuncture,Donny Sugg,4,663-653-7514,grass,40
105,Marion,Brickham,mbrickham2w@ning.com,229-319-2277,2,64,Female,Mrs,Married,871 Katie Alley,San Diego,Washington,Sunshine Valley Hospital,450 E PRESIDENT AVE,West,8/13/2025,homeopathy,Marion Brickham,-1,109-966-4993,eggs,124
106,Valentine,Harm,vharm2x@chicagotribune.com,488-611-1187,23,21,Male,Miss,Widow,8 Hanson Junction,Salt Lake City,Nevada,Westside Community Hospital,360 S LOLA LN,West,7/29/2025,hypnotherapy,Valentine Harm,4,292-845-7893,mold,102
107,Pete,Leachman,pleachman2y@ovh.net,312-963-4299,46,1,Male,Mr,Widow,00 Dorton Center,Salt Lake City,Wyoming,Coastal Breeze Hospital,1346 SW 3RD CT,West,5/6/2025,aromatherapy,Pete Leachman,-1,884-381-5705,peanuts,149
108,Gaylord,Tremayne,gtremayne2z@cocolog-nifty.com,502-439-5397,50,128,Male,Mrs,Single,93572 Onsgard Lane,Albuquerque,New Mexico,Pacific Coast Hospital,94 PAUL ST,West,10/30/2024,medication,Gaylord Tremayne,4,713-894-3499,shellfish,77
109,Sigismond,Giroldi,sgiroldi30@yale.edu,168-883-3018,149,124,Male,Miss,Married,975 Stone Corner Alley,San Francisco,Utah,Sierra Vista Regional Hospital,4800 FOURNACE PL STE 600W,West,12/23/2024,physical therapy,Sigismond Giroldi,4,954-348-9694,pollen,100
110,Lucho,Zuanelli,lzuanelli31@vkontakte.ru,447-806-3426,48,111,Male,Mrs,Widow,408 Hanover Hill,Salt Lake City,Oregon,Golden Hills Medical Center,DODDS-K SAHS UNIT 15549 BOX 59,West,4/22/2025,chiropractic care,Lucho Zuanelli,54,470-604-4066,shellfish,47
111,Rafferty,Crosscombe,rcrosscombe32@4shared.com,973-350-9498,64,23,Male,Miss,Single,89313 David Junction,San Francisco,Alaska,Sunset Valley Medical Center,1117 E DEVONSHIRE AVE,West,10/28/2024,chiropractic care,Rafferty Crosscombe,0,649-490-8284,latex,127
112,Dasya,Sancias,dsancias33@pbs.org,388-946-7678,56,132,Female,Miss,Married,4776 North Hill,San Francisco,Alaska,Mountain View Medical Center,1780 HUGHES LANDING BLVD STE 500,West,11/24/2024,hypnotherapy,Dasya Sancias,4,555-649-5452,peanuts,5
113,Mateo,Pleavin,mpleavin34@squidoo.com,137-733-6722,11,45,Male,Ms,Single,61 Grim Circle,Albuquerque,Utah,Coastal Breeze Hospital,102 WOODMONT BLVD SUITE 800,West,3/21/2025,physical therapy,Mateo Pleavin,0,442-797-4644,dust,130
114,Hartley,Blanchette,hblanchette35@senate.gov,560-550-5674,55,83,Male,Miss,Single,72 Kinsman Crossing,San Francisco,New Mexico,Golden Gate Medical Center,PO BOX 8088 SLOT 664,West,4/17/2025,hypnotherapy,Hartley Blanchette,1,884-133-9215,pollen,15
115,Celie,MacDearmont,cmacdearmont36@vimeo.com,871-638-0677,111,89,Agender,Miss,Widow,7597 Eliot Alley,Phoenix,Utah,Westside Community Hospital,8580 MAGELLAN PKWY,West,10/16/2025,homeopathy,Celie MacDearmont,-1,883-693-2241,dust,3
116,Harman,Godon,hgodon37@multiply.com,559-574-0319,41,40,Male,Mr,Married,69342 Clyde Gallagher Terrace,Las Vegas,Nevada,Westside Community Hospital,PO BOX 890041,West,1/10/2025,chiropractic care,Harman Godon,12,531-316-5070,dust,58
117,Fernando,Jedrych,fjedrych38@bloglovin.com,537-745-0318,133,33,Male,Mrs,Married,8 Straubel Road,San Diego,Washington,Mountain View Medical Center,500 W BERKELEY ST,West,1/25/2025,hypnotherapy,Fernando Jedrych,1,705-216-6199,latex,60
118,Tynan,Clerk,tclerk39@opera.com,931-864-9934,49,126,Male,Ms,Widow,7434 Loeprich Pass,San Francisco,Arizona,Westside Community Hospital,130 JEFFERSON ST,West,9/14/2025,aromatherapy,Tynan Clerk,365,846-881-9117,grass,24
119,Shermie,Cornehl,scornehl3a@amazon.de,349-618-5376,12,41,Bigender,Miss,Single,6 Hallows Park,Albuquerque,Colorado,Sunset Valley Medical Center,PO BOX 1150,West,3/22/2025,medication,Shermie Cornehl,0,948-580-9966,penicillin,116
120,Christel,Moxstead,cmoxstead3b@phoca.cz,723-657-3468,50,143,Female,Mrs,Married,21 Hanover Avenue,San Diego,Washington,Sunshine Valley Hospital,PO BOX 37215,West,2/19/2025,physical therapy,Christel Moxstead,4,781-733-2164,latex,127
121,Felic,Breeze,fbreeze3c@patch.com,355-134-0995,90,19,Male,Mrs,Widow,04930 Carioca Crossing,San Diego,California,Pacific Coast Hospital,PO BOX 797,West,1/19/2025,surgery,Felic Breeze,54,942-346-1558,penicillin,50
122,Alexia,Ingerson,aingerson3d@theatlantic.com,645-222-6338,16,114,Female,Ms,Single,8573 Di Loreto Drive,Los Angeles,Colorado,Sunshine Valley Hospital,PO BOX 3603,West,7/2/2025,hypnotherapy,Alexia Ingerson,1000,912-189-2993,pollen,8
123,Trula,Egdal,tegdal3e@desdev.cn,481-148-0851,141,125,Female,Mrs,Widow,8113 Huxley Hill,Albuquerque,California,Golden Gate Medical Center,1406 6TH AVE N,West,6/12/2025,surgery,Trula Egdal,365,525-215-7612,mold,59
124,Edin,Portal,eportal3f@intel.com,911-701-8264,104,91,Female,Mr,Widow,0583 Jay Trail,Los Angeles,Hawaii,Mountain View Medical Center,101 N MAIN ST,West,3/3/2025,physical therapy,Edin Portal,365,736-395-5787,latex,59
125,Raynell,Dowdeswell,rdowdeswell3g@shutterfly.com,670-895-0566,8,8,Female,Mrs,Married,6 Armistice Way,Portland,Alaska,Golden Gate Medical Center,886 HIGHWAY 411 N,West,12/4/2024,herbal remedies,Raynell Dowdeswell,1000,606-953-8818,grass,65
126,Annette,Launder,alaunder3h@aboutads.info,445-340-0862,79,110,Female,Mr,Single,523 Beilfuss Crossing,Albuquerque,Hawaii,Golden Gate Medical Center,300 PROSPECT AVE,West,1/20/2025,chiropractic care,Annette Launder,0,802-175-9734,eggs,21
127,Whitaker,Bute,wbute3i@ovh.net,331-131-0433,5,90,Male,Mr,Widow,31 Fairview Circle,San Francisco,Washington,Golden Hills Medical Center,915 N GRAND BLVD,West,12/20/2024,aromatherapy,Whitaker Bute,-1,153-569-3249,penicillin,13
128,Denys,Wychard,dwychard3j@g.co,944-908-7238,58,138,Male,Miss,Single,9 Tennessee Circle,San Francisco,New Mexico,Coastal Breeze Hospital,1421 S CATON AVE SUITE 203,West,5/28/2025,acupuncture,Denys Wychard,1,698-511-3995,shellfish,4
129,Cristine,Tranfield,ctranfield3k@umich.edu,854-603-1083,40,2,Female,Mrs,Widow,2407 Knutson Crossing,Portland,Colorado,Golden Hills Medical Center,PO BOX 31001-1447,West,2/4/2025,herbal remedies,Cristine Tranfield,54,257-313-3702,pollen,52
130,Maureene,Flatley,mflatley3l@scribd.com,231-108-4299,94,54,Bigender,Mrs,Widow,0 Troy Plaza,Denver,Nevada,Golden Hills Medical Center,PO BOX 5750,West,6/23/2025,chiropractic care,Maureene Flatley,1,106-589-4271,pollen,93
131,May,Tindle,mtindle3m@google.co.jp,110-715-3799,22,61,Female,Mr,Married,50 Gulseth Plaza,Albuquerque,Oregon,Golden Hills Medical Center,3636 HIGH ST,West,5/1/2025,hypnotherapy,May Tindle,4,497-277-0929,shellfish,139
132,Jackqueline,Philbrook,jphilbrook3n@wikipedia.org,294-434-5181,82,76,Female,Miss,Married,82 Alpine Hill,Los Angeles,Wyoming,Sierra Vista Regional Hospital,1301 MEDICAL CENTER DR TVC SUITE 1501,West,6/25/2025,medication,Jackqueline Philbrook,-1,184-138-2181,mold,88
133,Simonne,Egginton,segginton3o@bluehost.com,202-324-7908,49,89,Female,Mr,Widow,58451 Scofield Court,San Diego,New Mexico,Westside Community Hospital,PO BOX 602373,West,12/21/2024,acupuncture,Simonne Egginton,12,671-584-9896,grass,14
134,Amelita,Pettyfer,apettyfer3p@issuu.com,522-136-2965,74,43,Bigender,Mrs,Single,46 Sutteridge Circle,San Diego,California,Oceanview General Hospital,5005 N PIEDRAS ST,West,10/14/2025,medication,Amelita Pettyfer,0,621-169-5026,eggs,47
135,Bibbye,Porker,bporker3q@zdnet.com,221-980-8009,97,149,Female,Ms,Widow,2124 Steensland Circle,San Diego,Idaho,Westside Community Hospital,4905 COURTNEY DR,West,7/15/2025,acupuncture,Bibbye Porker,12,256-495-9668,grass,62
136,Reese,Sottell,rsottell3r@deviantart.com,328-814-1965,31,130,Male,Miss,Married,9451 Daystar Plaza,San Diego,Arizona,Sunshine Valley Hospital,562 WYOMING AVE,West,5/23/2025,massage therapy,Reese Sottell,365,627-422-1730,peanuts,12
137,King,Honsch,khonsch3s@apache.org,194-418-3792,70,68,Bigender,Mr,Single,0521 Manitowish Way,Phoenix,Wyoming,Sierra Vista Regional Hospital,PO BOX 4755,West,4/8/2025,chiropractic care,King Honsch,-1,108-931-5718,pollen,19
138,Renate,Smyley,rsmyley3t@princeton.edu,514-924-7940,117,68,Female,Mr,Widow,2 Lyons Hill,Phoenix,Idaho,Pacific Coast Hospital,121 E BAKER ST,West,7/6/2025,chiropractic care,Renate Smyley,1,852-365-7750,penicillin,50
139,Thadeus,Taffie,ttaffie3u@bluehost.com,136-719-1143,131,109,Male,Mr,Widow,3 Laurel Circle,Las Vegas,Colorado,Pacific Coast Hospital,19600 E 39TH ST S,West,10/29/2024,medication,Thadeus Taffie,365,261-949-7461,cats,20
140,Giorgi,Samwyse,gsamwyse3v@pen.io,152-243-1336,73,111,Male,Ms,Widow,36951 Namekagon Point,Portland,Colorado,Golden Hills Medical Center,1086 FRANKLIN ST,West,5/13/2025,homeopathy,Giorgi Samwyse,12,205-174-5842,penicillin,26
141,Hynda,Rysdale,hrysdale3w@fotki.com,169-398-2690,119,7,Female,Mr,Married,595 Nova Circle,Denver,Montana,Sunset Valley Medical Center,3513 WESTFALL DR,West,6/14/2025,surgery,Hynda Rysdale,1,368-144-7259,eggs,27
142,Kliment,Broodes,kbroodes3x@friendfeed.com,701-808-4621,104,87,Male,Mrs,Single,8 Eagan Drive,Denver,Montana,Oceanview General Hospital,1 MEDICAL VILLAGE DR.,West,8/14/2025,herbal remedies,Kliment Broodes,-1,250-591-4614,grass,11
143,Marisa,Casali,mcasali3y@ustream.tv,797-248-8128,66,80,Female,Miss,Married,003 Lotheville Point,Phoenix,Hawaii,Sunshine Valley Hospital,PO BOX 841005,West,3/18/2025,physical therapy,Marisa Casali,0,111-185-9082,mold,89
144,Ashlin,O'Neal,aoneal3z@nsw.gov.au,333-273-6542,107,149,Genderfluid,Mrs,Widow,2 Magdeline Terrace,Salt Lake City,Colorado,Golden Gate Medical Center,5455 SW 8TH ST STE 215,West,1/14/2025,aromatherapy,Ashlin O'Neal,1,515-829-9086,pollen,14
145,Becka,Aspden,baspden40@addtoany.com,449-646-2225,85,95,Female,Ms,Single,5324 Roth Circle,Portland,Wyoming,Coastal Breeze Hospital,2600 NAVARRE AVE,West,2/16/2025,physical therapy,Becka Aspden,4,391-775-6140,eggs,37
146,Aluino,Kelk,akelk41@com.com,919-280-9686,34,96,Male,Ms,Widow,44 Esker Street,Albuquerque,Nevada,Pacific Coast Hospital,3701 E MAIN ST,West,9/6/2025,medication,Aluino Kelk,54,806-757-3163,peanuts,130
147,Thain,Twomey,ttwomey42@sohu.com,194-615-3732,41,66,Male,Miss,Widow,39307 La Follette Avenue,Seattle,Alaska,Mountain View Medical Center,76 4TH ST N PO BOX 771,West,12/2/2024,surgery,Thain Twomey,4,611-120-4342,shellfish,150
148,Dino,Rowbottom,drowbottom43@skyrock.com,182-732-2524,25,105,Male,Mr,Single,79878 Hanover Road,Seattle,California,Golden Gate Medical Center,117 SEABOARD LN BLDG E ATTN: IASIS CORPORATE LEGAL DEPARTMENT,West,12/21/2024,massage therapy,Dino Rowbottom,1000,275-352-1827,penicillin,81
149,Derry,Rissom,drissom44@acquirethisname.com,320-673-3356,40,144,Male,Mr,Single,106 Debra Alley,Denver,Idaho,Sunset Valley Medical Center,1323 W 6TH AVE,West,1/22/2025,aromatherapy,Derry Rissom,4,512-897-1884,penicillin,59
150,Karl,Mugford,kmugford45@instagram.com,691-571-4871,126,30,Male,Mr,Single,10028 Basil Alley,Salt Lake City,Hawaii,Sunset Valley Medical Center,777 LOWNDES HILL RD BLDG 1,West,11/7/2024,physical therapy,Karl Mugford,1,622-288-7745,grass,60
151,Cordell,Box,cbox46@t-online.de,203-820-4955,9,51,Male,Mr,Married,815 Old Gate Park,San Francisco,Utah,Sunset Valley Medical Center,6179 VIA VENETIA S,West,1/30/2025,chiropractic care,Cordell Box,0,879-939-6545,peanuts,123
152,Amabelle,Dun,adun47@surveymonkey.com,894-448-5825,127,117,Female,Mr,Married,03 Stoughton Crossing,San Francisco,Alaska,Sierra Vista Regional Hospital,PO BOX 1670,West,8/7/2025,medication,Amabelle Dun,4,436-334-6429,grass,71
153,Octavia,McComish,omccomish48@princeton.edu,928-848-5314,2,139,Female,Miss,Widow,432 Hoard Place,Albuquerque,Wyoming,Westside Community Hospital,61 W 85TH ST APARTMENT 2B,West,12/30/2024,chiropractic care,Octavia McComish,1000,765-735-7527,eggs,136
154,Mozelle,Chelsom,mchelsom49@japanpost.jp,890-641-3317,51,46,Female,Mrs,Widow,6681 Reinke Junction,San Diego,New Mexico,Westside Community Hospital,4535 DRESSLER RD NW,West,1/12/2025,homeopathy,Mozelle Chelsom,1000,530-705-4843,latex,46
155,Dreddy,Truggian,dtruggian4a@upenn.edu,697-102-1676,143,77,Female,Ms,Married,11771 Green Ridge Crossing,San Francisco,Idaho,Golden Gate Medical Center,102 IRVING ST NW ATTN: MHPT PAYOR ENROLLMENT,West,10/29/2024,acupuncture,Dreddy Truggian,4,705-544-6031,penicillin,84
156,North,Naerup,nnaerup4b@feedburner.com,444-887-7954,147,133,Male,Ms,Married,7342 Prairieview Alley,Seattle,Arizona,Sunset Valley Medical Center,1100 MERCER AVENUE; PO BOX 151,West,6/11/2025,homeopathy,North Naerup,1,864-196-8671,latex,145
157,Cordie,Glanister,cglanister4c@dagondesign.com,401-437-2152,39,70,Male,Ms,Single,170 Nova Park,Salt Lake City,Washington,Sierra Vista Regional Hospital,86-260 FARRINGTON HWY,West,3/8/2025,chiropractic care,Cordie Glanister,-1,215-110-1615,pollen,133
158,Teodora,Jiricka,tjiricka4d@harvard.edu,170-605-6801,144,65,Female,Mrs,Married,635 Wayridge Way,San Diego,California,Oceanview General Hospital,1611 S UTICA AVE # 414,West,10/26/2024,acupuncture,Teodora Jiricka,12,983-385-9882,mold,51
159,Ermanno,Spillane,espillane4e@miibeian.gov.cn,923-269-1452,84,62,Male,Miss,Single,744 Buell Pass,Phoenix,Arizona,Coastal Breeze Hospital,1200 W MOHAVE RD,West,2/8/2025,herbal remedies,Ermanno Spillane,4,413-478-7517,mold,39
160,Anders,Wrixon,awrixon4f@addtoany.com,756-900-0763,90,93,Male,Ms,Married,5 Norway Maple Circle,Albuquerque,Montana,Westside Community Hospital,75 FRANCIS ST,West,6/30/2025,physical therapy,Anders Wrixon,1000,399-231-6100,pollen,8
161,Kiley,Rillstone,krillstone4g@merriam-webster.com,870-919-9972,119,66,Male,Mrs,Single,56145 South Hill,San Diego,Oregon,Sunshine Valley Hospital,1613 N HIATUS RD,West,4/25/2025,chiropractic care,Kiley Rillstone,1000,332-759-9062,penicillin,1
162,Gavra,Scibsey,gscibsey4h@techcrunch.com,582-491-8297,109,36,Female,Mr,Widow,83508 Parkside Avenue,Portland,Washington,Golden Hills Medical Center,211 HIGHLAND AVE,West,9/3/2025,hypnotherapy,Gavra Scibsey,365,128-365-4435,cats,56
163,Jamesy,Cottis,jcottis4i@aboutads.info,671-418-0111,89,106,Genderqueer,Miss,Single,30046 Weeping Birch Plaza,San Francisco,Wyoming,Golden Gate Medical Center,PO BOX 160100,West,8/13/2025,acupuncture,Jamesy Cottis,12,799-879-5091,pollen,50
164,Harry,Coils,hcoils4j@home.pl,563-931-4853,12,25,Male,Mr,Married,6 Petterle Street,San Francisco,Arizona,Sierra Vista Regional Hospital,2700 SE STRATUS AVE,West,1/21/2025,acupuncture,Harry Coils,12,553-965-2336,peanuts,4
165,Brooks,Moores,bmoores4k@barnesandnoble.com,186-287-0844,68,105,Male,Ms,Single,978 Lindbergh Parkway,Portland,New Mexico,Golden Hills Medical Center,2002 VINTON ST,West,10/23/2025,herbal remedies,Brooks Moores,365,927-949-2497,cats,123
166,Kalila,Stickins,kstickins4l@diigo.com,357-592-0204,56,18,Female,Miss,Widow,2 Dunning Alley,Phoenix,Wyoming,Sierra Vista Regional Hospital,3215 EXECUTIVE PARK DR,West,6/6/2025,physical therapy,Kalila Stickins,1,133-830-9480,latex,113
167,Isac,Juliano,ijuliano4m@state.tx.us,278-364-8050,113,21,Male,Mr,Single,8 Surrey Terrace,San Francisco,Alaska,Pacific Coast Hospital,5340 LEGACY DR SUITE 150,West,5/12/2025,acupuncture,Isac Juliano,1000,738-570-4564,peanuts,72
168,Skylar,Ollet,sollet4n@slideshare.net,741-296-0079,119,34,Male,Ms,Single,40 Johnson Alley,San Francisco,Oregon,Pacific Coast Hospital,333 MADISON ST,West,8/16/2025,physical therapy,Skylar Ollet,-1,324-927-6907,dust,133
169,Vergil,Kayser,vkayser4o@cocolog-nifty.com,160-593-3417,136,58,Male,Mrs,Married,4360 Warbler Point,Los Angeles,California,Sunset Valley Medical Center,609 W MAPLE AVE,West,5/24/2025,chiropractic care,Vergil Kayser,1,361-338-9856,eggs,103
170,Immanuel,Carabet,icarabet4p@ucoz.com,868-404-3875,148,97,Male,Ms,Widow,56081 Meadow Vale Drive,Denver,Utah,Sunshine Valley Hospital,PO BOX 2408,West,1/3/2025,medication,Immanuel Carabet,-1,584-639-8725,dust,132
171,Lane,Yerrell,lyerrell4q@usa.gov,876-789-3056,34,148,Male,Miss,Widow,54 Bonner Street,San Diego,California,Golden Gate Medical Center,2475 E BROADWAY ST,West,7/5/2025,chiropractic care,Lane Yerrell,12,492-849-6224,peanuts,82
172,Valentina,Greenshields,vgreenshields4r@fc2.com,764-713-2046,123,30,Female,Miss,Single,00002 Kropf Center,Los Angeles,Washington,Westside Community Hospital,527 MEDICAL PARK DR SUITE 500,West,7/6/2025,medication,Valentina Greenshields,1000,147-325-3087,cats,135
173,Luisa,Wardall,lwardall4s@ca.gov,607-352-0031,60,150,Female,Miss,Single,83231 Coolidge Road,Phoenix,Wyoming,Pacific Coast Hospital,1314 E WALNUT ST,West,3/16/2025,aromatherapy,Luisa Wardall,4,326-259-8907,penicillin,119
174,Eddy,Burtwistle,eburtwistle4t@surveymonkey.com,249-907-6144,125,54,Male,Mrs,Single,3 Scoville Crossing,Los Angeles,Idaho,Sunset Valley Medical Center,4714 GETTYSBURG RD LEGAL DEPT,West,4/23/2025,medication,Eddy Burtwistle,54,477-702-5911,eggs,71
175,Boris,Cheale,bcheale4u@nsw.gov.au,672-406-9299,56,20,Male,Mr,Married,77 Roxbury Plaza,Denver,Utah,Pacific Coast Hospital,9480 PRIORITY WAY WEST DR,West,11/16/2024,acupuncture,Boris Cheale,4,493-190-7132,grass,100
176,Randie,Riediger,rriediger4v@imageshack.us,926-707-7988,111,97,Male,Miss,Married,033 Dakota Circle,Las Vegas,Washington,Oceanview General Hospital,4301 CAROLINE CT,West,12/14/2024,chiropractic care,Randie Riediger,1,425-432-9138,latex,50
177,Ricki,Maltster,rmaltster4w@fc2.com,370-889-8570,108,16,Female,Ms,Widow,656 Clarendon Road,Albuquerque,New Mexico,Oceanview General Hospital,503 MCMILLAN ROAD ATTN: BILLING,West,5/11/2025,medication,Ricki Maltster,12,522-618-9944,dust,35
178,Lin,Cribbott,lcribbott4x@nature.com,594-352-1581,147,10,Male,Miss,Single,23531 Park Meadow Junction,Los Angeles,California,Golden Gate Medical Center,611 W MAIN ST PO BOX 431,West,3/28/2025,medication,Lin Cribbott,0,853-971-3312,grass,116
179,Marcie,Leete,mleete4y@mapy.cz,955-253-5306,119,147,Female,Ms,Widow,1 Ronald Regan Center,Portland,Utah,Mountain View Medical Center,1000 LINCOLN CIR SE,West,10/26/2024,homeopathy,Marcie Leete,12,422-505-1865,pollen,32
180,Pattie,Kemer,pkemer4z@macromedia.com,699-653-7264,119,115,Female,Miss,Widow,23906 Bluejay Alley,San Diego,Arizona,Golden Gate Medical Center,56 MARIE LANGDON DR,West,10/13/2025,hypnotherapy,Pattie Kemer,54,562-296-4968,penicillin,90
181,Ian,Ruberti,iruberti50@issuu.com,928-737-9775,99,18,Genderqueer,Ms,Widow,7 Warner Way,Phoenix,Utah,Coastal Breeze Hospital,PO BOX 201367,West,6/7/2025,hypnotherapy,Ian Ruberti,-1,768-734-0836,penicillin,31
182,Samantha,MacKereth,smackereth51@domainmarket.com,580-744-4383,93,139,Female,Ms,Widow,668 Village Green Place,San Diego,Oregon,Golden Hills Medical Center,2204 WILBORN AVE,West,7/23/2025,massage therapy,Samantha MacKereth,-1,866-846-8845,grass,31
183,Lynda,Stranks,lstranks52@fema.gov,666-307-9713,43,141,Bigender,Miss,Married,2770 Tomscot Junction,Denver,Hawaii,Sunshine Valley Hospital,1643 NW 136TH AVE STE 100,West,11/6/2024,acupuncture,Lynda Stranks,-1,820-531-6488,latex,45
184,Maje,Teulier,mteulier53@hatena.ne.jp,906-761-6772,86,89,Male,Ms,Single,65807 Weeping Birch Terrace,Seattle,Oregon,Coastal Breeze Hospital,2804 REMINGTON GREEN CIR STE 2,West,4/3/2025,physical therapy,Maje Teulier,-1,926-621-0606,dust,87
185,Culley,Silverlock,csilverlock54@clickbank.net,726-161-1092,38,4,Male,Ms,Single,305 Arrowood Center,Salt Lake City,Hawaii,Mountain View Medical Center,3101 GARRETT DR,West,5/17/2025,medication,Culley Silverlock,4,120-698-3583,latex,69
186,Braden,Lahrs,blahrs55@accuweather.com,138-123-7906,21,3,Male,Mr,Widow,340 Old Gate Way,San Diego,Idaho,Coastal Breeze Hospital,PO BOX 4399,West,6/8/2025,massage therapy,Braden Lahrs,365,556-127-3552,latex,113
187,Abbye,Vaillant,availlant56@cloudflare.com,419-438-8282,80,67,Female,Ms,Married,54 Ridgeview Crossing,Albuquerque,Oregon,Mountain View Medical Center,15040 FAIRFIELD VILLAGE SQUARE DR STE 150,West,6/18/2025,herbal remedies,Abbye Vaillant,1,959-930-2044,mold,95
188,Kerry,Evill,kevill57@umich.edu,426-823-3495,87,2,Female,Miss,Widow,5 Sullivan Hill,Salt Lake City,Alaska,Sunshine Valley Hospital,501 MORRIS ST,West,8/11/2025,medication,Kerry Evill,0,579-499-0422,mold,117
189,Nanny,Geeve,ngeeve58@tiny.cc,516-442-5267,94,93,Female,Mr,Widow,90 Algoma Junction,San Diego,Nevada,Sunshine Valley Hospital,PO BOX 221648,West,5/12/2025,medication,Nanny Geeve,12,517-312-8615,peanuts,149
190,Lil,Wadforth,lwadforth59@nih.gov,889-188-4196,51,3,Female,Miss,Widow,3 Lakeland Parkway,San Diego,California,Sunset Valley Medical Center,95 BRADHURST AVE,West,1/8/2025,acupuncture,Lil Wadforth,0,367-358-8372,dust,131
191,Tony,Jacobsz,tjacobsz5a@aol.com,328-700-1065,15,79,Male,Mr,Widow,0494 Anderson Pass,San Francisco,Montana,Mountain View Medical Center,6071 W OUTER DR,West,1/20/2025,herbal remedies,Tony Jacobsz,4,253-416-0373,shellfish,82
192,Leodora,Chauvey,lchauvey5b@networksolutions.com,876-157-7231,23,27,Female,Ms,Widow,33285 Old Gate Hill,Las Vegas,Nevada,Coastal Breeze Hospital,150 BERGEN ST,West,8/5/2025,chiropractic care,Leodora Chauvey,12,902-654-3027,mold,44
193,Rutherford,Janatka,rjanatka5c@huffingtonpost.com,255-553-1168,27,56,Male,Ms,Married,664 Elgar Drive,Phoenix,Arizona,Westside Community Hospital,3 CENTURY AVE SE,West,12/15/2024,chiropractic care,Rutherford Janatka,0,260-772-9269,latex,108
194,Nanon,Glasman,nglasman5d@tripadvisor.com,220-533-9626,64,83,Female,Mrs,Widow,4425 Trailsway Avenue,Las Vegas,Montana,Sunshine Valley Hospital,1738 ROUTE 31 NORTH,West,9/16/2025,chiropractic care,Nanon Glasman,12,997-503-1004,shellfish,25
195,Henderson,Clinnick,hclinnick5e@1688.com,849-493-7446,2,149,Male,Miss,Married,6536 Southridge Lane,Phoenix,Colorado,Westside Community Hospital,1215 E COLLEGE ST,West,1/25/2025,physical therapy,Henderson Clinnick,1000,586-624-1130,pollen,139
196,Malorie,Conachie,mconachie5f@slate.com,880-364-5049,81,66,Female,Mr,Widow,60166 Lunder Crossing,Denver,Alaska,Sierra Vista Regional Hospital,PO BOX 429,West,12/19/2024,acupuncture,Malorie Conachie,0,344-803-5306,shellfish,131
197,Hans,Trengrove,htrengrove5g@kickstarter.com,458-553-1363,141,121,Male,Mrs,Widow,391 Northwestern Alley,Albuquerque,Hawaii,Coastal Breeze Hospital,PO BOX 748373,West,4/29/2025,acupuncture,Hans Trengrove,1,969-441-9842,pollen,147
198,Mindy,Dishman,mdishman5h@com.com,459-196-0259,61,56,Female,Mr,Married,7462 Kennedy Circle,San Diego,New Mexico,Westside Community Hospital,9001 PATRICIA ST,West,1/7/2025,herbal remedies,Mindy Dishman,4,754-820-6289,peanuts,58
199,Scottie,O' Cloney,so5i@springer.com,406-799-1454,4,58,Male,Ms,Widow,8 Forest Street,Los Angeles,Nevada,Sierra Vista Regional Hospital,500 UNIVERSITY DRIVE MC CA410,West,7/2/2025,surgery,Scottie O' Cloney,0,488-753-8122,peanuts,27
200,Anni,Littlemore,alittlemore5j@nature.com,245-223-7644,73,28,Female,Ms,Widow,7 West Terrace,Los Angeles,Washington,Golden Gate Medical Center,3843 MOUNTAINVIEW DR,West,3/13/2025,massage therapy,Anni Littlemore,0,753-530-8478,pollen,142
201,Quillan,Ingliby,qingliby5k@parallels.com,863-370-9109,128,38,Male,Ms,Widow,5 Coleman Center,Phoenix,Wyoming,Golden Gate Medical Center,734 W COMMERCE ST,West,8/13/2025,acupuncture,Quillan Ingliby,-1,985-372-6032,dust,129
202,Morry,Cadany,mcadany5l@state.gov,920-116-6324,74,53,Male,Miss,Married,33 Red Cloud Road,San Diego,Nevada,Coastal Breeze Hospital,1165 SANDERS RD,West,9/30/2025,herbal remedies,Morry Cadany,0,829-612-1446,grass,81
203,Kennedy,Skevington,kskevington5m@nsw.gov.au,942-640-6350,16,146,Genderqueer,Miss,Married,955 Dahle Circle,Las Vegas,Idaho,Pacific Coast Hospital,520 N 4TH AVE,West,10/21/2025,hypnotherapy,Kennedy Skevington,-1,646-821-3514,eggs,53
204,Toddie,O'Tuohy,totuohy5n@va.gov,708-309-5508,144,2,Male,Miss,Widow,545 Carioca Way,Denver,Colorado,Golden Hills Medical Center,150 E HARMON AVE,West,7/5/2025,hypnotherapy,Toddie O'Tuohy,365,531-819-8598,peanuts,106
205,Janette,Jobern,jjobern5o@discovery.com,340-831-5522,10,116,Female,Miss,Married,09 Division Terrace,Phoenix,Nevada,Sierra Vista Regional Hospital,"80 JESSE HILL JR DR, SE BOX 26159",West,7/20/2025,aromatherapy,Janette Jobern,0,242-355-2281,pollen,22
206,Michaelina,Feavearyear,mfeavearyear5p@diigo.com,142-857-2977,24,17,Female,Ms,Married,419 Mcbride Alley,San Diego,Idaho,Coastal Breeze Hospital,4021 AVENUE B,West,6/26/2025,massage therapy,Michaelina Feavearyear,12,707-861-7527,latex,74
207,Donni,Butcher,dbutcher5q@wikimedia.org,667-944-8128,103,17,Female,Miss,Widow,222 Cordelia Avenue,Portland,New Mexico,Sunset Valley Medical Center,6200 N LA CHOLLA BLVD,West,10/1/2025,massage therapy,Donni Butcher,54,373-433-9344,grass,18
208,Sybille,O'Corrane,socorrane5r@ny365news.com,458-318-2921,137,26,Female,Ms,Widow,45574 Delladonna Pass,Albuquerque,Montana,Mountain View Medical Center,1297 BURNS WAY SUITE 4,West,6/6/2025,surgery,Sybille O'Corrane,365,452-868-9546,mold,91
209,Blair,MacIntyre,bmacintyre5s@pen.io,556-230-4670,95,5,Male,Mr,Widow,58 Welch Circle,San Diego,Arizona,Pacific Coast Hospital,PO BOX 2548,West,7/23/2025,surgery,Blair MacIntyre,1,151-196-1285,shellfish,137
210,Mignonne,Grigoriev,mgrigoriev5t@skyrock.com,809-186-0805,8,70,Female,Ms,Widow,471 Melvin Junction,Las Vegas,Arizona,Golden Gate Medical Center,111 CENTRAL AVENUE,West,7/15/2025,massage therapy,Mignonne Grigoriev,12,997-692-3744,mold,73
211,Adina,Bunton,abunton5u@slashdot.org,451-118-1005,28,138,Female,Mrs,Widow,34608 Grim Way,Las Vegas,Alaska,Sunset Valley Medical Center,3401 CIVIC CENTER BLVD,West,9/18/2025,surgery,Adina Bunton,12,677-874-5320,peanuts,58
212,Che,McMickan,cmcmickan5v@indiatimes.com,921-772-8604,106,69,Male,Mr,Married,75825 Beilfuss Crossing,Albuquerque,Washington,Sunset Valley Medical Center,4802 10TH AVE,West,1/9/2025,chiropractic care,Che McMickan,-1,477-427-1337,mold,98
213,Graeme,Elcum,gelcum5w@alexa.com,693-374-3974,104,59,Male,Mrs,Married,7 Stuart Terrace,Albuquerque,Wyoming,Sunset Valley Medical Center,91 HOSPITAL DR,West,11/30/2024,aromatherapy,Graeme Elcum,-1,315-234-9664,grass,96
214,Nola,Litt,nlitt5x@weebly.com,608-909-2572,97,109,Female,Ms,Widow,2 Brown Junction,Albuquerque,California,Coastal Breeze Hospital,2975 HIGHWAY 2 E,West,8/19/2025,chiropractic care,Nola Litt,12,873-643-7453,eggs,33
215,Nerita,Mayte,nmayte5y@storify.com,441-202-0419,76,32,Female,Ms,Single,58 Emmet Court,San Francisco,Colorado,Mountain View Medical Center,2300 N CHILDRENS PLZ # 51,West,8/24/2025,hypnotherapy,Nerita Mayte,1000,157-158-5693,penicillin,36
216,Sabrina,Ackrill,sackrill5z@odnoklassniki.ru,906-555-2940,142,32,Female,Ms,Single,62962 Montana Alley,Seattle,Oregon,Sierra Vista Regional Hospital,PO BOX 160,West,3/19/2025,massage therapy,Sabrina Ackrill,1,615-842-7326,dust,40
217,Daisi,Johnys,djohnys60@ustream.tv,457-417-2929,109,74,Female,Mrs,Married,9 Summit Street,Los Angeles,Montana,Sunshine Valley Hospital,350 BONAR AVE,West,9/19/2025,physical therapy,Daisi Johnys,-1,117-302-1315,shellfish,4
218,Mort,Arkil,markil61@bbc.co.uk,459-271-0686,132,142,Male,Mrs,Widow,51560 Bobwhite Junction,San Diego,New Mexico,Sunset Valley Medical Center,PO BOX 488 712 S 5TH,West,8/8/2025,aromatherapy,Mort Arkil,54,758-465-1748,shellfish,85
219,Aurel,Indge,aindge62@google.ru,709-544-7435,142,141,Female,Miss,Married,39766 Schlimgen Plaza,Portland,Arizona,Sunshine Valley Hospital,1320 W MAIN ST,West,4/8/2025,hypnotherapy,Aurel Indge,1000,628-188-9398,penicillin,130
220,Mathilda,Lovelady,mlovelady63@acquirethisname.com,848-931-0863,15,115,Non-binary,Mr,Married,37604 Forster Center,Phoenix,Oregon,Coastal Breeze Hospital,PO BOX 5074,West,5/23/2025,acupuncture,Mathilda Lovelady,0,975-330-1323,latex,66
221,Colleen,Riddler,criddler64@hp.com,404-247-3177,112,139,Female,Mrs,Married,57 Crowley Pass,Albuquerque,Utah,Sunset Valley Medical Center,1102 N PINE RD,West,3/10/2025,surgery,Colleen Riddler,1,170-331-8361,dust,54
222,Lottie,Rundle,lrundle65@indiegogo.com,356-136-5880,55,141,Female,Mr,Married,181 Armistice Lane,Las Vegas,Idaho,Sierra Vista Regional Hospital,102 IRVING ST NW ATTN: MHPT PAYOR ENROLLMENT,West,6/28/2025,homeopathy,Lottie Rundle,54,264-223-0324,mold,32
223,Pippo,Burlingame,pburlingame66@google.pl,547-869-5429,114,65,Male,Mrs,Single,3 Jackson Hill,San Francisco,Nevada,Sierra Vista Regional Hospital,100 MICHIGAN ST NE MC 845,West,1/20/2025,herbal remedies,Pippo Burlingame,1000,990-266-7418,latex,24
224,Dag,Penswick,dpenswick67@biblegateway.com,793-509-2315,39,89,Male,Mrs,Married,033 Brentwood Parkway,Salt Lake City,Oregon,Golden Hills Medical Center,1100 CARSON AVE,West,11/19/2024,homeopathy,Dag Penswick,1,130-826-4223,peanuts,139
225,Huntington,Dello,hdello68@privacy.gov.au,796-673-6098,60,69,Male,Mr,Single,6 Thackeray Terrace,Albuquerque,California,Sunshine Valley Hospital,PO BOX 5629,West,6/4/2025,massage therapy,Huntington Dello,-1,278-360-4626,grass,127
226,Antin,Aleksandrikin,aaleksandrikin69@craigslist.org,498-885-7870,116,84,Male,Mr,Widow,49 Aberg Center,San Francisco,Idaho,Coastal Breeze Hospital,400 ROUTE 10 W SUITE 1 AND 2,West,7/3/2025,herbal remedies,Antin Aleksandrikin,365,316-764-1243,cats,103
227,Fee,Lutman,flutman6a@flickr.com,790-452-8167,126,10,Male,Ms,Widow,6 1st Crossing,Los Angeles,Colorado,Westside Community Hospital,PO BOX 31001-1363,West,11/16/2024,chiropractic care,Fee Lutman,365,106-841-7924,eggs,149
228,Wells,Keep,wkeep6b@e-recht24.de,679-583-9186,4,101,Male,Mr,Widow,7010 Farmco Junction,Denver,Washington,Sierra Vista Regional Hospital,1325 LOCUST AVE,West,10/7/2025,physical therapy,Wells Keep,12,319-468-4226,dust,32
229,Averyl,Forth,aforth6c@mail.ru,944-421-7204,39,7,Female,Miss,Widow,2830 Pine View Trail,Denver,Idaho,Oceanview General Hospital,1414 NW 107TH AVE STE 203,West,7/25/2025,physical therapy,Averyl Forth,12,602-377-6022,latex,90
230,Garwood,Abatelli,gabatelli6d@buzzfeed.com,535-819-0165,144,49,Male,Mr,Widow,96890 Eastwood Circle,Seattle,Oregon,Westside Community Hospital,11234 ANDERSON ST RM 1150,West,10/25/2024,medication,Garwood Abatelli,365,380-244-6749,cats,119
231,Ingaberg,McPherson,imcpherson6e@odnoklassniki.ru,490-122-2418,26,95,Female,Ms,Married,49 Chive Parkway,San Francisco,Montana,Sunset Valley Medical Center,5000 VAN NUYS BLVD STE 201,West,2/28/2025,physical therapy,Ingaberg McPherson,0,411-719-4168,peanuts,115
232,Damiano,Norsworthy,dnorsworthy6f@adobe.com,948-480-5326,15,97,Bigender,Miss,Widow,6 Mosinee Way,Seattle,Montana,Pacific Coast Hospital,3460 S PIONEER PKWY ATTN: BILLING,West,3/27/2025,medication,Damiano Norsworthy,54,690-503-2774,cats,129
233,Guillema,Vineall,gvineall6g@weather.com,451-964-5035,111,78,Female,Miss,Married,0969 Charing Cross Drive,San Francisco,Montana,Golden Gate Medical Center,317 BREWSTER ST E,West,7/30/2025,herbal remedies,Guillema Vineall,54,207-789-3325,penicillin,24
234,Neddie,McGlaughn,nmcglaughn6h@zimbio.com,207-748-6916,76,85,Male,Mrs,Married,42 Donald Street,Denver,Wyoming,Pacific Coast Hospital,PO BOX 60447,West,11/18/2024,massage therapy,Neddie McGlaughn,-1,663-252-5670,cats,142
235,Demetrius,Rosenhaus,drosenhaus6i@xrea.com,817-971-8674,67,134,Male,Miss,Single,93 Darwin Point,Portland,Hawaii,Mountain View Medical Center,34505 W 12 MILE RD STE 200,West,10/27/2024,medication,Demetrius Rosenhaus,1,424-765-5330,peanuts,5
236,Courtney,Castledine,ccastledine6j@seattletimes.com,747-190-7657,88,86,Male,Mr,Married,4541 Monica Parkway,Albuquerque,Colorado,Coastal Breeze Hospital,2222 E HIGHLAND AVE SUITE 318,West,9/8/2025,aromatherapy,Courtney Castledine,4,517-893-3413,mold,96
237,Michaeline,Prium,mprium6k@wikia.com,243-550-0594,55,147,Female,Mrs,Single,468 Susan Circle,Albuquerque,Idaho,Sierra Vista Regional Hospital,3100 N 14TH ST STE 201,West,1/24/2025,acupuncture,Michaeline Prium,1,559-417-1960,penicillin,58
238,Brennen,Schachter,bschachter6l@apache.org,124-805-8647,2,91,Male,Mrs,Married,35753 Cascade Avenue,Los Angeles,Hawaii,Oceanview General Hospital,PO BOX 392,West,2/2/2025,medication,Brennen Schachter,0,894-278-1386,penicillin,115
239,Derry,Sawdon,dsawdon6m@arstechnica.com,507-140-6369,105,11,Male,Mrs,Married,67192 Scoville Alley,Phoenix,Oregon,Sierra Vista Regional Hospital,PO BOX 8424,West,1/21/2025,herbal remedies,Derry Sawdon,12,590-111-4716,dust,135
240,Howard,Dolder,hdolder6n@365motion.com,408-469-9438,99,122,Male,Mr,Single,8 Crowley Circle,San Diego,Montana,Pacific Coast Hospital,2080 CHILD ST,West,10/18/2025,medication,Howard Dolder,12,543-994-8755,penicillin,109
241,Tracey,Champneys,tchampneys6o@unicef.org,741-831-1636,118,112,Female,Mrs,Single,5 Meadow Ridge Point,Phoenix,Alaska,Sunshine Valley Hospital,P.O. BOX 4128 WEST STATION,West,12/9/2024,homeopathy,Tracey Champneys,12,903-364-2771,grass,74
242,Stearne,Hinksen,shinksen6p@blogger.com,322-606-7073,102,91,Male,Ms,Widow,94064 Stoughton Terrace,Denver,Wyoming,Westside Community Hospital,34505 W 12 MILE RD STE 200,West,11/16/2024,acupuncture,Stearne Hinksen,365,105-879-8189,mold,81
243,Vincenty,Kennefick,vkennefick6q@pagesperso-orange.fr,359-154-6565,137,58,Male,Mrs,Widow,44 Briar Crest Circle,Albuquerque,Arizona,Pacific Coast Hospital,1020 S 4TH ST,West,1/11/2025,physical therapy,Vincenty Kennefick,1000,501-324-4788,dust,145
244,Franklyn,Beushaw,fbeushaw6r@independent.co.uk,101-809-5710,21,6,Male,Mr,Widow,33703 Dwight Trail,Phoenix,Nevada,Sierra Vista Regional Hospital,920 CAIRO RD,West,2/14/2025,aromatherapy,Franklyn Beushaw,0,308-967-1119,peanuts,43
245,Maurise,Holsey,mholsey6s@wordpress.org,903-479-6025,19,107,Female,Miss,Single,93 Dexter Alley,Denver,Wyoming,Sunshine Valley Hospital,2800 W 95TH ST,West,8/20/2025,acupuncture,Maurise Holsey,54,471-121-0207,mold,71
246,Orelee,Tooher,otooher6t@tuttocitta.it,933-861-3083,17,71,Female,Mrs,Married,8 Lakewood Junction,Phoenix,Washington,Mountain View Medical Center,886 HIGHWAY 411 N,West,12/26/2024,aromatherapy,Orelee Tooher,0,257-735-6496,cats,8
247,Doro,Southward,dsouthward6u@va.gov,732-646-2568,61,121,Female,Mr,Single,988 Lindbergh Pass,Portland,Colorado,Pacific Coast Hospital,1000 N GILMOR ST,West,4/30/2025,acupuncture,Doro Southward,4,697-248-7789,penicillin,27
248,Serge,Rockingham,srockingham6v@mysql.com,199-972-1188,44,41,Male,Mr,Single,774 Sherman Hill,San Diego,Oregon,Golden Hills Medical Center,PO BOX 2270,West,8/15/2025,massage therapy,Serge Rockingham,365,400-724-8093,cats,108
249,Aldrich,Fieldgate,afieldgate6w@usgs.gov,384-330-9785,109,49,Male,Mrs,Married,64423 Ohio Crossing,Portland,Washington,Mountain View Medical Center,206 N 2100 W,West,3/1/2025,massage therapy,Aldrich Fieldgate,-1,579-485-8184,shellfish,4
250,Ulick,Mandell,umandell6x@ca.gov,142-792-0132,44,44,Male,Miss,Single,80280 Transport Parkway,Denver,Washington,Oceanview General Hospital,7503 SURRATTS ROAD,West,12/1/2024,herbal remedies,Ulick Mandell,1000,520-908-6478,penicillin,41
251,Matthus,Mobley,mmobley6y@bloglovin.com,142-268-1751,88,76,Male,Mr,Widow,7 Norway Maple Place,Albuquerque,California,Westside Community Hospital,PO BOX 1879,West,9/30/2025,chiropractic care,Matthus Mobley,365,532-102-6641,cats,150
252,Gerhardt,Le Bosse,gle6z@instagram.com,128-575-1659,117,104,Male,Miss,Single,1690 Hintze Road,San Diego,Idaho,Golden Gate Medical Center,PO BOX 1022,West,6/23/2025,physical therapy,Gerhardt Le Bosse,0,146-293-4013,grass,108
253,Selby,Rickerd,srickerd70@example.com,625-465-1338,69,133,Male,Mr,Single,27 Holmberg Crossing,Seattle,Alaska,Mountain View Medical Center,4701 BRYANT IRVIN RD N # LL215,West,8/3/2025,medication,Selby Rickerd,12,337-945-9967,grass,80
254,Hazel,Criple,hcriple71@nymag.com,252-733-0018,6,109,Male,Mrs,Married,32 8th Court,San Francisco,Washington,Golden Gate Medical Center,1 MEDICAL DR,West,10/5/2025,physical therapy,Hazel Criple,365,124-707-7281,latex,132
255,Marcille,Geerling,mgeerling72@discuz.net,310-754-5011,125,139,Female,Mrs,Widow,720 Stang Court,Portland,California,Sunshine Valley Hospital,101 DATES DR,West,7/18/2025,medication,Marcille Geerling,4,418-985-8925,penicillin,48
256,Zak,Sreenan,zsreenan73@slideshare.net,480-256-5789,144,46,Male,Miss,Married,78267 Jenifer Terrace,Denver,Idaho,Coastal Breeze Hospital,W180N8085 TOWN HALL RD,West,6/9/2025,massage therapy,Zak Sreenan,4,616-475-4692,cats,47
257,Bobette,Hollidge,bhollidge74@reference.com,830-650-7864,16,51,Genderfluid,Miss,Married,52434 Eagle Crest Junction,Salt Lake City,Montana,Mountain View Medical Center,12254 BELLFLOWER BLVD FL 2 PHARMACY OPERATIONS,West,1/29/2025,massage therapy,Bobette Hollidge,54,785-430-1122,eggs,9
258,Charlean,Pennington,cpennington75@craigslist.org,277-901-9182,140,81,Female,Ms,Widow,78 Tony Road,San Francisco,Hawaii,Mountain View Medical Center,580 COURT ST,West,6/5/2025,hypnotherapy,Charlean Pennington,4,541-412-0596,mold,14
259,Cosme,Minors,cminors76@w3.org,114-878-3824,45,134,Male,Miss,Single,01336 Riverside Alley,Seattle,Montana,Pacific Coast Hospital,7500 SW 8 STREET SUITE 303,West,1/12/2025,physical therapy,Cosme Minors,4,770-920-8868,peanuts,93
260,Jacki,Bullant,jbullant77@odnoklassniki.ru,811-773-9289,150,51,Female,Mrs,Single,7749 Northport Avenue,Salt Lake City,Colorado,Oceanview General Hospital,PO BOX 1107,West,6/30/2025,homeopathy,Jacki Bullant,365,562-747-4255,cats,15
261,Keith,Willan,kwillan78@icio.us,291-353-8209,121,11,Male,Ms,Widow,07 Michigan Crossing,Portland,Arizona,Golden Gate Medical Center,1418 COLLEGE DR,West,7/8/2025,herbal remedies,Keith Willan,54,975-801-3830,mold,28
262,Stephi,Shearn,sshearn79@tripod.com,234-414-5595,5,75,Agender,Miss,Widow,41 South Court,Las Vegas,Montana,Golden Hills Medical Center,5910 LANDERBROOK DR SUITE 250,West,7/7/2025,herbal remedies,Stephi Shearn,365,398-224-0133,mold,65
263,Wesley,Pasfield,wpasfield7a@canalblog.com,522-322-4999,68,6,Male,Ms,Single,70 Old Shore Trail,Phoenix,Washington,Golden Hills Medical Center,1575 TREMONT ST APT 612,West,4/5/2025,physical therapy,Wesley Pasfield,365,153-100-5415,eggs,14
264,Albie,Roeby,aroeby7b@rakuten.co.jp,351-671-8024,59,55,Male,Mr,Widow,07326 4th Parkway,Albuquerque,Oregon,Oceanview General Hospital,361 RANDOLPH ST,West,8/8/2025,herbal remedies,Albie Roeby,54,939-374-0369,grass,72
265,Fenelia,Petican,fpetican7c@marriott.com,221-655-1065,7,13,Female,Mrs,Married,168 Fremont Avenue,Los Angeles,Hawaii,Golden Hills Medical Center,565 ABBOTT RD,West,12/19/2024,hypnotherapy,Fenelia Petican,1000,460-287-8864,cats,106
266,Willard,Churchin,wchurchin7d@cocolog-nifty.com,419-798-7376,135,52,Male,Mr,Single,9043 Colorado Court,Salt Lake City,Nevada,Coastal Breeze Hospital,1000 STATE ST,West,5/13/2025,aromatherapy,Willard Churchin,-1,976-616-1255,peanuts,150
267,Kalindi,Spradbery,kspradbery7e@wiley.com,227-730-2334,89,43,Female,Mrs,Single,55 Rusk Alley,Portland,Wyoming,Sunset Valley Medical Center,PO BOX 69,West,1/11/2025,acupuncture,Kalindi Spradbery,365,917-755-9258,dust,57
268,Florella,Dalling,fdalling7f@hc360.com,673-310-4080,94,111,Female,Mrs,Widow,6808 Dexter Lane,Portland,Alaska,Coastal Breeze Hospital,3707 W HAMILTON AVE SUITE# 102,West,10/28/2024,aromatherapy,Florella Dalling,1000,491-760-1804,cats,143
269,Caddric,Bahl,cbahl7g@webmd.com,340-518-7270,19,78,Male,Mr,Married,04 Northfield Hill,Denver,Colorado,Golden Hills Medical Center,759 S MAIN ST,West,10/30/2024,aromatherapy,Caddric Bahl,1,404-571-8719,penicillin,59
270,Harmonia,Terzi,hterzi7h@cloudflare.com,779-264-4930,74,60,Female,Ms,Widow,375 Colorado Avenue,Denver,Colorado,Sunset Valley Medical Center,4530 NW 7TH ST,West,3/28/2025,chiropractic care,Harmonia Terzi,4,972-915-6086,cats,143
271,Norina,Giraldez,ngiraldez7i@wunderground.com,987-869-1480,42,128,Female,Ms,Married,027 Myrtle Circle,Las Vegas,Wyoming,Westside Community Hospital,920 RIDGEBROOK RD,West,8/22/2025,physical therapy,Norina Giraldez,-1,561-576-5776,shellfish,45
272,Camella,Aitken,caitken7j@nsw.gov.au,658-898-6903,43,2,Non-binary,Mr,Widow,21 Jana Place,Salt Lake City,Washington,Mountain View Medical Center,26901 BEAUMONT BLVD COMPLIANCE,West,12/20/2024,acupuncture,Camella Aitken,0,297-156-6630,shellfish,93
273,Dante,Garrard,dgarrard7k@amazon.co.jp,680-867-9473,72,20,Male,Mr,Widow,847 Hollow Ridge Trail,Seattle,Oregon,Westside Community Hospital,P.O. BOX J N10 NORTH RIVER ROAD,West,6/10/2025,aromatherapy,Dante Garrard,12,299-356-4870,latex,30
274,Russ,Hasnip,rhasnip7l@state.tx.us,375-903-8137,148,102,Male,Miss,Single,41 Springs Terrace,Albuquerque,Washington,Pacific Coast Hospital,PO BOX 6210,West,10/6/2025,physical therapy,Russ Hasnip,4,281-207-5089,penicillin,118
275,Noland,Kleis,nkleis7m@nba.com,387-815-0411,34,51,Male,Miss,Single,886 La Follette Terrace,Portland,Idaho,Sunset Valley Medical Center,PO BOX 887,West,9/3/2025,herbal remedies,Noland Kleis,54,753-888-5435,dust,50
276,Mayne,Ewart,mewart7n@liveinternet.ru,249-442-6980,96,114,Male,Mrs,Married,6 Canary Avenue,Las Vegas,Montana,Golden Gate Medical Center,9878 W BELLEVIEW AVE # 5162,West,3/3/2025,aromatherapy,Mayne Ewart,-1,700-712-7360,penicillin,102
277,Ahmed,Zannotelli,azannotelli7o@surveymonkey.com,777-731-3142,10,98,Agender,Mr,Widow,0 Tomscot Junction,Phoenix,Arizona,Westside Community Hospital,"5340 LEGACY DR SUITE 150, BLDG 4",West,2/18/2025,massage therapy,Ahmed Zannotelli,0,323-795-9286,eggs,63
278,Corrianne,Aish,caish7p@t.co,668-321-0485,43,14,Female,Miss,Widow,954 Dixon Park,Las Vegas,New Mexico,Mountain View Medical Center,25 JONES RD,West,7/26/2025,hypnotherapy,Corrianne Aish,365,499-796-8592,latex,147
279,Emma,Comizzoli,ecomizzoli7q@chicagotribune.com,289-144-3836,100,139,Female,Miss,Single,54 Meadow Valley Trail,Las Vegas,California,Westside Community Hospital,173 W AVENUE A,West,6/27/2025,massage therapy,Emma Comizzoli,12,546-235-0014,penicillin,88
280,Karyl,Brownlea,kbrownlea7r@unesco.org,923-625-7786,74,70,Female,Mrs,Married,29859 Reinke Avenue,Seattle,Nevada,Coastal Breeze Hospital,16840 SE 52ND PL,West,3/23/2025,physical therapy,Karyl Brownlea,12,890-983-7285,grass,7
281,Troy,Brazelton,tbrazelton7s@google.co.uk,155-470-1768,96,33,Male,Mr,Married,1 Basil Parkway,Phoenix,Washington,Oceanview General Hospital,PO BOX 916078,West,2/17/2025,massage therapy,Troy Brazelton,1,614-290-5310,pollen,110
282,Berti,Fasson,bfasson7t@privacy.gov.au,346-161-4320,8,113,Male,Ms,Widow,5 Thierer Way,Denver,Arizona,Mountain View Medical Center,PO BOX 2668,West,2/2/2025,surgery,Berti Fasson,12,511-861-8260,cats,55
283,Zilvia,Gulvin,zgulvin7u@facebook.com,211-696-9197,10,76,Female,Ms,Single,5 Jana Park,Salt Lake City,California,Oceanview General Hospital,167 W 23RD ST,West,1/12/2025,hypnotherapy,Zilvia Gulvin,0,251-137-2575,penicillin,16
284,Tobie,Dmitriev,tdmitriev7v@comcast.net,847-580-4688,79,150,Male,Mrs,Single,636 Schlimgen Hill,Las Vegas,Idaho,Coastal Breeze Hospital,2901 216TH ST,West,8/11/2025,herbal remedies,Tobie Dmitriev,4,340-113-8679,latex,130
285,Rachelle,Woolmer,rwoolmer7w@chron.com,377-323-2671,143,65,Female,Miss,Single,8051 Scott Avenue,San Francisco,Nevada,Golden Gate Medical Center,100 SE 59TH ST,West,9/25/2025,chiropractic care,Rachelle Woolmer,365,440-330-5182,mold,68
286,Mile,Giacobelli,mgiacobelli7x@stanford.edu,768-311-5898,123,33,Male,Mrs,Widow,2 Heffernan Hill,San Diego,Idaho,Westside Community Hospital,13347 CONNOR DR APT F,West,10/12/2025,hypnotherapy,Mile Giacobelli,-1,117-240-0146,cats,52
287,Olga,Whichelow,owhichelow7y@stanford.edu,181-257-3664,70,128,Female,Miss,Married,95218 Bultman Avenue,San Diego,Hawaii,Mountain View Medical Center,10616 S FEDERAL HWY,West,1/14/2025,aromatherapy,Olga Whichelow,0,532-624-8783,mold,38
288,Margit,Guerrazzi,mguerrazzi7z@purevolume.com,673-206-9943,86,50,Female,Mr,Widow,1 Glacier Hill Parkway,Los Angeles,New Mexico,Sunshine Valley Hospital,PO BOX 505673,West,6/30/2025,surgery,Margit Guerrazzi,365,454-794-1721,eggs,127
289,Ray,Lillicrap,rlillicrap80@skyrock.com,552-659-4534,84,100,Male,Mrs,Single,5479 Lyons Center,Portland,Oregon,Westside Community Hospital,210 S VERMONT AVE,West,1/30/2025,surgery,Ray Lillicrap,12,853-782-9767,dust,75
290,Demeter,Scothern,dscothern81@cafepress.com,445-734-5823,82,67,Female,Mrs,Single,0 Pepper Wood Plaza,Seattle,Arizona,Golden Gate Medical Center,PO BOX 2438,West,3/26/2025,homeopathy,Demeter Scothern,365,565-906-3612,peanuts,141
291,Hermina,Dibdall,hdibdall82@ovh.net,155-134-8456,8,112,Female,Mrs,Single,346 Independence Terrace,Albuquerque,Arizona,Sunset Valley Medical Center,1891 EFFIE ST,West,11/25/2024,herbal remedies,Hermina Dibdall,1,484-223-5817,mold,132
292,Drucy,Couthard,dcouthard83@google.pl,947-471-6868,132,64,Female,Ms,Married,694 Cordelia Hill,Portland,Arizona,Golden Hills Medical Center,PO BOX 23469,West,8/30/2025,physical therapy,Drucy Couthard,365,514-342-2663,pollen,137
293,Marketa,Konmann,mkonmann84@cdc.gov,955-647-9582,53,62,Female,Ms,Single,7 Carioca Junction,Seattle,Utah,Westside Community Hospital,309 SANDERS ST P.O. BOX 289,West,10/18/2025,massage therapy,Marketa Konmann,0,343-643-7179,latex,90
294,Galven,Garaghan,ggaraghan85@over-blog.com,675-861-8229,72,37,Male,Ms,Widow,54 Swallow Street,Albuquerque,Colorado,Oceanview General Hospital,1101 KALISTE SALOOM RD,West,2/1/2025,medication,Galven Garaghan,365,349-509-4437,latex,107
295,Loy,Winspar,lwinspar86@sakura.ne.jp,364-340-0250,41,10,Male,Mrs,Widow,56440 Bluestem Trail,Seattle,New Mexico,Sierra Vista Regional Hospital,34520 BOB WILSON DR STE 20,West,6/29/2025,medication,Loy Winspar,4,386-341-4816,cats,101
296,Sena,Whitehorne,swhitehorne87@hud.gov,542-861-4523,2,51,Female,Ms,Widow,93 Everett Circle,San Francisco,California,Sunshine Valley Hospital,PO BOX 1308,West,11/7/2024,physical therapy,Sena Whitehorne,-1,256-756-1954,penicillin,86
297,Luther,Jest,ljest88@princeton.edu,127-929-3395,85,146,Male,Ms,Married,59558 Clyde Gallagher Court,San Diego,Montana,Golden Hills Medical Center,PO BOX 388,West,6/21/2025,homeopathy,Luther Jest,54,284-712-0294,latex,69
298,Mirabella,Loffhead,mloffhead89@istockphoto.com,479-708-4662,127,46,Female,Mr,Married,624 American Point,Phoenix,Montana,Golden Hills Medical Center,FONT MARTELLO # 300 AVE. PO BOX 699,West,6/4/2025,hypnotherapy,Mirabella Loffhead,4,703-365-9612,eggs,22
299,Angy,Frostdyke,afrostdyke8a@soup.io,737-306-2599,34,125,Female,Mr,Widow,75 Merchant Parkway,San Diego,Montana,Sierra Vista Regional Hospital,5513 LENNOX AVE APT D,West,4/23/2025,chiropractic care,Angy Frostdyke,365,109-677-4174,dust,2
300,Sarette,Arunowicz,sarunowicz8b@umich.edu,327-473-3001,109,68,Female,Miss,Married,2004 Twin Pines Park,Portland,New Mexico,Coastal Breeze Hospital,7870W US HIGHWAY 2,West,10/2/2025,aromatherapy,Sarette Arunowicz,12,773-464-3228,grass,119
301,Sonni,Longlands,slonglands8c@weibo.com,229-849-4811,74,98,Female,Mr,Married,00228 Lukken Avenue,Seattle,Oregon,Pacific Coast Hospital,65 JAMES ST,West,8/3/2025,surgery,Sonni Longlands,12,333-506-0818,peanuts,84
302,Algernon,Lording,alording8d@hibu.com,869-994-2263,24,81,Male,Miss,Single,074 Graedel Drive,Albuquerque,Montana,Sunshine Valley Hospital,330 SEVEN SPRINGS WAY,West,11/3/2024,physical therapy,Algernon Lording,12,164-415-9422,cats,148
303,Rozanna,Feavearyear,rfeavearyear8e@nhs.uk,337-886-3703,48,15,Female,Miss,Widow,28960 Mifflin Drive,Salt Lake City,Alaska,Sierra Vista Regional Hospital,2811 TIETON DR,West,5/13/2025,homeopathy,Rozanna Feavearyear,12,763-626-5064,mold,19
304,Gareth,Tombling,gtombling8f@ask.com,889-160-4555,130,6,Male,Ms,Married,45843 Express Pass,Albuquerque,California,Coastal Breeze Hospital,1000 MONTAUK HWY,West,2/27/2025,hypnotherapy,Gareth Tombling,4,914-835-0244,latex,123
305,Welch,Glasard,wglasard8g@cdbaby.com,989-274-9603,132,76,Male,Mr,Married,35 Stuart Circle,San Francisco,New Mexico,Sunshine Valley Hospital,PO BOX 1510,West,4/23/2025,aromatherapy,Welch Glasard,1000,675-432-9393,dust,145
306,Gayel,Jeffryes,gjeffryes8h@nba.com,737-127-4042,26,85,Female,Miss,Married,519 Valley Edge Drive,Albuquerque,Arizona,Oceanview General Hospital,135 CARMEN LN,West,4/18/2025,medication,Gayel Jeffryes,-1,748-740-2530,penicillin,79
307,Bryon,Juszczyk,bjuszczyk8i@google.ca,325-299-4514,40,61,Male,Mr,Married,0782 Norway Maple Circle,Salt Lake City,Montana,Pacific Coast Hospital,330 SEVEN SPRINGS WAY,West,10/26/2024,physical therapy,Bryon Juszczyk,12,615-262-4362,cats,25
308,Ignace,McTerrelly,imcterrelly8j@webnode.com,719-261-4981,150,81,Male,Ms,Single,4 Bluejay Junction,Los Angeles,Alaska,Oceanview General Hospital,910 SUMRALL RD,West,1/3/2025,physical therapy,Ignace McTerrelly,4,250-252-7931,dust,107
309,Adams,Johanssen,ajohanssen8k@youku.com,425-981-6819,22,63,Male,Miss,Single,1 Banding Hill,Phoenix,Oregon,Mountain View Medical Center,1400 US HIGHWAY 61,West,5/13/2025,aromatherapy,Adams Johanssen,1000,878-520-3774,pollen,41
310,Asia,Reditt,areditt8l@whitehouse.gov,858-274-7785,44,136,Female,Ms,Widow,28981 Raven Hill,Denver,New Mexico,Mountain View Medical Center,817 COMMERCIAL ST,West,9/11/2025,massage therapy,Asia Reditt,12,953-270-3784,shellfish,131
311,Rosana,Kubek,rkubek8m@networkadvertising.org,289-346-2391,81,51,Female,Mr,Widow,13 Parkside Circle,Las Vegas,Idaho,Westside Community Hospital,PO BOX 187,West,4/21/2025,massage therapy,Rosana Kubek,4,638-407-8645,pollen,59
312,Daryl,Poulsum,dpoulsum8n@state.tx.us,910-911-7740,37,71,Female,Miss,Married,3542 Elmside Street,Albuquerque,New Mexico,Coastal Breeze Hospital,116 JOHN ST 1112,West,4/17/2025,hypnotherapy,Daryl Poulsum,12,303-604-8515,penicillin,119
313,Osbourne,Franceschielli,ofranceschielli8o@cmu.edu,492-560-9553,75,37,Male,Mr,Widow,6369 Bartillon Parkway,Phoenix,Montana,Mountain View Medical Center,365 MONTAUK AVE,West,6/6/2025,physical therapy,Osbourne Franceschielli,365,589-481-6934,peanuts,39
314,Conway,Glover,cglover8p@arstechnica.com,124-508-4840,39,103,Male,Miss,Single,223 Redwing Terrace,Portland,Alaska,Coastal Breeze Hospital,9600 GREAT HILLS TRL SUITE 150,West,4/19/2025,acupuncture,Conway Glover,12,172-956-3610,latex,12
315,Marlyn,MacConnulty,mmacconnulty8q@wordpress.org,626-554-2689,80,23,Female,Mrs,Widow,472 Mallard Plaza,Los Angeles,Idaho,Sunset Valley Medical Center,3160 E HARDIES RD,West,4/30/2025,aromatherapy,Marlyn MacConnulty,0,451-119-3906,penicillin,96
316,Nicko,Eberlein,neberlein8r@youtu.be,511-145-6332,4,65,Male,Ms,Widow,2 Carey Pass,Portland,Montana,Coastal Breeze Hospital,1800 W CHARLESTON BLVD,West,2/22/2025,chiropractic care,Nicko Eberlein,-1,619-734-7470,cats,95
317,Lorenza,Rothman,lrothman8s@studiopress.com,468-209-0677,33,29,Female,Ms,Widow,2851 1st Lane,Albuquerque,Colorado,Westside Community Hospital,2801 LYNDHURST AVE,West,4/26/2025,homeopathy,Lorenza Rothman,12,980-966-3609,latex,4
318,Orly,Starkie,ostarkie8t@gmpg.org,296-149-0753,131,109,Female,Mr,Single,0650 Vidon Street,Phoenix,Colorado,Mountain View Medical Center,PO BOX 221648,West,8/24/2025,homeopathy,Orly Starkie,1,878-632-2922,cats,136
319,Stanwood,Charman,scharman8u@comcast.net,257-966-3577,44,56,Polygender,Mrs,Married,9835 Moulton Pass,Los Angeles,Colorado,Westside Community Hospital,14C 53RD ST,West,8/28/2025,surgery,Stanwood Charman,1000,894-662-0231,mold,76
320,Chastity,Leitch,cleitch8v@jigsy.com,823-172-0715,3,123,Female,Ms,Widow,89640 Washington Pass,Denver,Nevada,Sierra Vista Regional Hospital,801 OSTRUM ST,West,11/28/2024,homeopathy,Chastity Leitch,0,694-645-2432,latex,49
321,Osborn,Burford,oburford8w@cbc.ca,130-657-5499,107,42,Male,Ms,Widow,501 Forest Run Road,San Diego,Washington,Golden Gate Medical Center,1100 SOUTHFIELD DR STE 1312,West,10/29/2024,massage therapy,Osborn Burford,1,691-376-8172,latex,67
322,Galen,Calwell,gcalwell8x@eventbrite.com,262-831-7164,87,144,Polygender,Miss,Married,03 Moose Circle,San Francisco,California,Golden Hills Medical Center,PO BOX 738,West,3/8/2025,herbal remedies,Galen Calwell,1,197-248-2615,latex,33
323,Rebecka,Teresse,rteresse8y@1und1.de,203-399-5591,86,73,Female,Mr,Widow,29 Northridge Parkway,Phoenix,New Mexico,Sunshine Valley Hospital,1245 HIGHLAND AVE SUITE 105,West,9/3/2025,aromatherapy,Rebecka Teresse,1000,850-782-6497,peanuts,34
324,Krispin,Goudge,kgoudge8z@senate.gov,957-278-0937,131,109,Bigender,Mr,Single,335 Pennsylvania Way,San Diego,Hawaii,Sunset Valley Medical Center,PO BOX 665,West,6/30/2025,homeopathy,Krispin Goudge,1000,432-954-4030,penicillin,16
325,Zara,Fouch,zfouch90@loc.gov,487-680-1664,124,121,Female,Miss,Single,5 Novick Parkway,Phoenix,Montana,Mountain View Medical Center,37300 DEQUINDRE RD SUITE 110,West,6/13/2025,medication,Zara Fouch,-1,152-563-0125,grass,108
326,Zorana,Dibdin,zdibdin91@miibeian.gov.cn,799-926-9262,101,5,Female,Miss,Widow,6 Pankratz Junction,Denver,Nevada,Golden Gate Medical Center,P.O. BOX 6028 ROOM 1CC-1105,West,7/7/2025,hypnotherapy,Zorana Dibdin,1000,302-370-1722,grass,24
327,Feliza,Broader,fbroader92@census.gov,661-133-2022,135,36,Female,Mrs,Single,217 Hollow Ridge Court,Seattle,Idaho,Oceanview General Hospital,PO BOX 34036,West,8/14/2025,herbal remedies,Feliza Broader,12,732-583-7474,peanuts,119
328,Cora,Toy,ctoy93@epa.gov,135-965-2138,17,123,Polygender,Ms,Widow,66 Hoffman Center,San Diego,Wyoming,Sunset Valley Medical Center,717 P1 DE LEON BLVD SUITE # 218,West,5/28/2025,chiropractic care,Cora Toy,54,551-823-7737,mold,85
329,Geri,McColl,gmccoll94@narod.ru,464-565-6620,128,48,Male,Mrs,Married,463 Charing Cross Center,Denver,Arizona,Pacific Coast Hospital,PO BOX 15722,West,3/18/2025,herbal remedies,Geri McColl,1,913-881-5740,cats,126
330,Cathy,Karpf,ckarpf95@oracle.com,423-444-4935,88,130,Female,Mr,Married,8277 Derek Trail,Albuquerque,Washington,Golden Hills Medical Center,1653 W CONGRESS PKWY,West,12/3/2024,homeopathy,Cathy Karpf,0,642-718-8289,latex,72
331,Phebe,Kabisch,pkabisch96@ox.ac.uk,724-790-1725,1,87,Female,Mrs,Widow,4 Russell Terrace,Salt Lake City,Nevada,Sierra Vista Regional Hospital,1338 SW 8TH ST,West,3/29/2025,hypnotherapy,Phebe Kabisch,1,746-222-0424,dust,25
332,Corliss,Fiennes,cfiennes97@sogou.com,632-500-4278,17,113,Female,Ms,Married,2112 Milwaukee Alley,Las Vegas,Washington,Golden Gate Medical Center,2040 W WASHINGTON BLVD,West,1/19/2025,homeopathy,Corliss Fiennes,365,530-907-6375,grass,20
333,Grover,Brehault,gbrehault98@howstuffworks.com,221-277-9066,36,1,Male,Mrs,Widow,53845 Thackeray Park,Seattle,Wyoming,Golden Hills Medical Center,3401 4TH ST NW STE 106,West,12/15/2024,herbal remedies,Grover Brehault,0,360-163-4182,shellfish,74
334,Annadiane,Linggard,alinggard99@tuttocitta.it,629-257-2033,110,32,Female,Mrs,Married,73 Vahlen Pass,San Diego,Alaska,Mountain View Medical Center,221 N BROADWAY AVE STE 100,West,9/24/2025,herbal remedies,Annadiane Linggard,1,295-626-2501,cats,113
335,Bryn,Titterington,btitterington9a@dion.ne.jp,794-231-9402,94,116,Male,Ms,Widow,5 Nelson Parkway,Portland,Colorado,Coastal Breeze Hospital,PO BOX 489,West,11/1/2024,medication,Bryn Titterington,1000,769-172-4173,peanuts,35
336,Eugenia,Joisce,ejoisce9b@japanpost.jp,169-915-1914,49,64,Non-binary,Mrs,Married,38656 Iowa Point,Las Vegas,Idaho,Golden Hills Medical Center,PO BOX 8500 LOCK BOX 7642,West,5/30/2025,hypnotherapy,Eugenia Joisce,4,181-798-3304,cats,145
337,Manolo,Urridge,murridge9c@last.fm,674-907-4834,50,100,Male,Ms,Widow,117 Debra Parkway,Salt Lake City,Utah,Coastal Breeze Hospital,PHARMACY ADMINISTRATION-26041 80 JESSE HILL JR DRIVE,West,11/22/2024,hypnotherapy,Manolo Urridge,4,236-616-8774,shellfish,21
338,Fraser,Dibbs,fdibbs9d@artisteer.com,619-784-5645,11,16,Male,Mr,Married,26310 Marcy Park,Salt Lake City,Colorado,Coastal Breeze Hospital,3481 E TREMONT AVE,West,6/23/2025,medication,Fraser Dibbs,0,626-102-3485,mold,3
339,Daisey,Blowin,dblowin9e@oakley.com,799-210-4323,138,122,Female,Mr,Single,6455 Ryan Trail,Albuquerque,Idaho,Golden Hills Medical Center,4440 S EASTERN AVE,West,5/3/2025,chiropractic care,Daisey Blowin,-1,110-105-5341,shellfish,119
340,Adelaide,Maus,amaus9f@techcrunch.com,367-338-9427,125,15,Non-binary,Miss,Single,8066 Swallow Pass,San Diego,Colorado,Mountain View Medical Center,PO BOX 398,West,9/16/2025,massage therapy,Adelaide Maus,1000,294-332-7051,shellfish,109
341,Meara,Haverson,mhaverson9g@biglobe.ne.jp,435-234-5870,95,81,Female,Mr,Single,71 Mcguire Center,Las Vegas,New Mexico,Sunshine Valley Hospital,255 E MAIN ST,West,4/23/2025,massage therapy,Meara Haverson,365,761-320-6526,dust,52
342,Jeannie,Bendell,jbendell9h@yolasite.com,716-757-0271,120,139,Female,Miss,Married,9 Coleman Hill,Seattle,Oregon,Oceanview General Hospital,1446 HARPER ST,West,9/27/2025,chiropractic care,Jeannie Bendell,12,686-890-3216,latex,98
343,Aguie,Dondon,adondon9i@typepad.com,579-119-5725,148,103,Male,Miss,Single,7458 2nd Plaza,Seattle,Montana,Sunshine Valley Hospital,252 RIVER ST,West,6/14/2025,surgery,Aguie Dondon,54,415-561-1755,shellfish,142
344,Sindee,Neil,sneil9j@netlog.com,457-298-8309,42,72,Female,Mrs,Widow,9 Magdeline Parkway,Albuquerque,Idaho,Sunset Valley Medical Center,715 S TAFT AVE,West,11/27/2024,acupuncture,Sindee Neil,1000,811-551-5058,peanuts,149
345,Nariko,Fullbrook,nfullbrook9k@scribd.com,781-972-1974,85,87,Female,Mr,Widow,18455 Red Cloud Point,Las Vegas,Oregon,Sunshine Valley Hospital,601 CHILDRENS LN,West,2/24/2025,physical therapy,Nariko Fullbrook,1,918-869-5408,peanuts,142
346,Stanleigh,Freddi,sfreddi9l@wix.com,691-205-5433,53,69,Polygender,Ms,Widow,44 Scofield Junction,Albuquerque,Montana,Westside Community Hospital,1350 NORTH TODD DRIVE,West,4/13/2025,homeopathy,Stanleigh Freddi,1,686-374-5811,cats,56
347,Bernette,McGirl,bmcgirl9m@admin.ch,505-456-0148,147,69,Female,Mrs,Widow,7 Cordelia Point,Portland,Arizona,Coastal Breeze Hospital,PO BOX 677000,West,4/11/2025,medication,Bernette McGirl,1000,953-579-4960,mold,130
348,Holt,Ridett,hridett9n@boston.com,614-419-3590,103,57,Male,Mr,Married,318 Merchant Circle,Seattle,California,Oceanview General Hospital,406 E ELM ST,West,5/18/2025,medication,Holt Ridett,54,502-446-0978,mold,75
349,Federica,Diggar,fdiggar9o@java.com,774-393-2123,118,143,Female,Mrs,Married,69 7th Street,Las Vegas,Wyoming,Golden Hills Medical Center,2700 QUARRY LAKE DR SUITE 160,West,2/9/2025,physical therapy,Federica Diggar,12,441-994-8147,peanuts,17
350,Boyd,Garett,bgarett9p@sina.com.cn,466-221-0199,46,85,Male,Miss,Married,63342 Sutherland Alley,Seattle,Idaho,Westside Community Hospital,100 MCGREGOR ST,West,6/29/2025,massage therapy,Boyd Garett,365,310-901-5914,eggs,114
351,Davon,Odam,dodam9q@ning.com,683-453-9729,127,111,Male,Mr,Widow,3 Elmside Alley,Denver,Nevada,Sunset Valley Medical Center,PO BOX 840795,West,10/8/2025,physical therapy,Davon Odam,-1,348-100-6212,shellfish,3
352,Lutero,Logesdale,llogesdale9r@nsw.gov.au,704-600-7414,15,135,Male,Ms,Married,1976 Kinsman Pass,San Diego,Idaho,Mountain View Medical Center,124 SW ADAMS ST,West,8/7/2025,aromatherapy,Lutero Logesdale,1,692-930-7383,mold,114
353,Terencio,Huws,thuws9s@ovh.net,278-860-8543,128,57,Male,Miss,Widow,1 Leroy Drive,San Francisco,Wyoming,Oceanview General Hospital,400 MAPLE SUMMIT RD,West,4/24/2025,aromatherapy,Terencio Huws,12,957-370-0354,eggs,33
354,Daisie,Culwen,dculwen9t@e-recht24.de,894-752-2831,130,84,Female,Ms,Married,050 Tomscot Street,Salt Lake City,Colorado,Sunset Valley Medical Center,5211 HWY 110,West,2/19/2025,massage therapy,Daisie Culwen,1000,496-226-5375,peanuts,76
355,Giuseppe,Billingsly,gbillingsly9u@mtv.com,795-288-4017,132,41,Male,Mrs,Widow,348 Maywood Junction,San Francisco,Idaho,Mountain View Medical Center,2200 SPRINGPORT RD,West,11/25/2024,herbal remedies,Giuseppe Billingsly,-1,145-454-9659,latex,147
356,Elroy,Stead,estead9v@hexun.com,761-384-7436,30,36,Male,Miss,Married,14896 Petterle Park,Albuquerque,Nevada,Sunset Valley Medical Center,3001 S HANOVER ST,West,5/31/2025,acupuncture,Elroy Stead,-1,165-857-3868,peanuts,43
357,Vasili,Beldom,vbeldom9w@craigslist.org,310-165-4153,34,62,Male,Mr,Married,166 Barby Center,Phoenix,Washington,Pacific Coast Hospital,110 W 4TH ST,West,7/31/2025,herbal remedies,Vasili Beldom,4,585-372-2574,pollen,89
358,Donnie,Klaessen,dklaessen9x@salon.com,571-298-2130,132,1,Male,Mrs,Widow,45 Welch Hill,Seattle,California,Pacific Coast Hospital,PO BOX 1181,West,1/16/2025,medication,Donnie Klaessen,-1,662-667-5945,cats,52
359,Kerri,Jeffers,kjeffers9y@goodreads.com,538-796-1299,65,90,Female,Ms,Single,465 Jackson Court,San Diego,Arizona,Pacific Coast Hospital,1195 N MILITARY TRL SUITE 5 B,West,3/10/2025,massage therapy,Kerri Jeffers,4,442-619-1992,penicillin,55
360,Katuscha,MacMechan,kmacmechan9z@ny365news.com,403-484-1139,9,131,Female,Ms,Single,38 Reindahl Lane,Portland,California,Pacific Coast Hospital,80650 VAN DYKE RD,West,5/26/2025,acupuncture,Katuscha MacMechan,12,368-796-7406,latex,114
361,Stephanie,Hengoed,shengoeda0@theatlantic.com,559-145-4039,88,51,Non-binary,Mr,Married,028 Trailsway Parkway,Portland,Oregon,Sunshine Valley Hospital,PO BOX 845347,West,7/30/2025,hypnotherapy,Stephanie Hengoed,-1,628-479-7304,penicillin,117
362,Lilith,Skiggs,lskiggsa1@ask.com,705-422-1341,83,135,Female,Mr,Widow,7905 Elka Center,Los Angeles,Colorado,Mountain View Medical Center,8 GUION ST,West,7/6/2025,medication,Lilith Skiggs,54,559-849-0277,mold,41
363,Gail,Maddrell,gmaddrella2@t-online.de,686-223-3829,23,2,Male,Ms,Single,186 Meadow Valley Way,Phoenix,New Mexico,Golden Gate Medical Center,19 COUNTY ROAD 4114 SUITE 2,West,7/29/2025,massage therapy,Gail Maddrell,1000,677-148-0720,shellfish,55
364,Tommy,Dayley,tdayleya3@yelp.com,390-672-9780,63,100,Male,Miss,Widow,54 Starling Crossing,Phoenix,Washington,Sunset Valley Medical Center,PO BOX 1810 4500 13TH ST,West,10/9/2025,aromatherapy,Tommy Dayley,12,598-593-8622,shellfish,106
365,Caritta,McTaggart,cmctaggarta4@topsy.com,990-135-4299,78,38,Female,Miss,Single,27 Hanover Plaza,Phoenix,California,Sunset Valley Medical Center,1814 ROSELAND BLVD,West,8/20/2025,aromatherapy,Caritta McTaggart,4,714-155-0763,penicillin,66
366,Janetta,Broxholme,jbroxholmea5@biglobe.ne.jp,729-365-7378,30,127,Female,Mr,Widow,29650 Walton Way,Los Angeles,Wyoming,Oceanview General Hospital,202 E WATER ST,West,4/30/2025,homeopathy,Janetta Broxholme,54,438-640-1938,eggs,141
367,Kit,Worge,kworgea6@rambler.ru,943-599-5395,102,31,Male,Miss,Married,11055 Southridge Trail,Los Angeles,Utah,Mountain View Medical Center,PO BOX 67000 DEPARTMENT 272801,West,5/24/2025,hypnotherapy,Kit Worge,-1,335-877-4233,mold,39
368,Horst,Gibling,hgiblinga7@theguardian.com,542-844-9624,93,27,Genderqueer,Ms,Single,606 Jana Circle,Salt Lake City,Utah,Pacific Coast Hospital,PO BOX 23469,West,10/19/2025,surgery,Horst Gibling,365,923-203-5370,latex,140
369,Brunhilda,Rainard,brainarda8@wired.com,688-933-2471,108,72,Female,Ms,Single,6 Westerfield Way,Albuquerque,Montana,Golden Gate Medical Center,7870W US HIGHWAY 2,West,9/1/2025,physical therapy,Brunhilda Rainard,1000,750-663-2339,pollen,100
370,Johnnie,Oakenfall,joakenfalla9@livejournal.com,763-648-7523,110,59,Male,Ms,Single,48686 Randy Court,Los Angeles,Wyoming,Sunshine Valley Hospital,1924 W MAIN ST,West,4/16/2025,physical therapy,Johnnie Oakenfall,1000,989-729-6049,cats,139
371,Elysee,Higgonet,ehiggonetaa@unblog.fr,979-870-3072,110,44,Female,Mr,Single,87 Northfield Court,Portland,Idaho,Sunshine Valley Hospital,6600 LANDS END CT,West,1/5/2025,homeopathy,Elysee Higgonet,4,679-812-0956,peanuts,134
372,Kaine,Bampforth,kbampforthab@hp.com,978-833-6029,141,137,Male,Ms,Widow,68 Dayton Pass,Denver,Arizona,Sierra Vista Regional Hospital,701 MCCLINTIC DR,West,8/24/2025,herbal remedies,Kaine Bampforth,54,485-547-3928,pollen,127
373,Lindy,Oylett,loylettac@github.com,173-937-5183,18,112,Polygender,Ms,Single,1 Grasskamp Hill,San Francisco,Arizona,Sunshine Valley Hospital,10996 FOUR SEASONS PL STE 100C,West,6/2/2025,massage therapy,Lindy Oylett,365,372-407-4915,dust,148
374,Merv,Blezard,mblezardad@engadget.com,873-194-3409,95,52,Male,Mr,Married,7086 Glendale Way,Los Angeles,Alaska,Golden Gate Medical Center,355 FM 83 W,West,11/29/2024,chiropractic care,Merv Blezard,12,166-590-5310,mold,21
375,Conny,Scholer,cscholerae@gravatar.com,813-847-3883,10,112,Female,Mrs,Widow,84241 Sauthoff Point,Phoenix,Utah,Sunshine Valley Hospital,871 ENBORG CT STE. 100,West,8/5/2025,massage therapy,Conny Scholer,-1,537-250-5430,shellfish,49
376,Hildy,Mateos,hmateosaf@w3.org,652-225-4612,19,25,Female,Mrs,Single,3 Meadow Vale Crossing,Albuquerque,Arizona,Sunshine Valley Hospital,2525 S MICHIGAN AVE,West,5/10/2025,acupuncture,Hildy Mateos,4,408-164-3329,eggs,95
377,Justin,Loader,jloaderag@amazonaws.com,268-525-5449,12,45,Male,Mrs,Widow,3471 Lukken Center,San Francisco,Colorado,Oceanview General Hospital,3605 WARRENSVILLE CENTER RD 1ST FLOOR,West,5/21/2025,acupuncture,Justin Loader,54,334-907-0481,dust,89
378,Merilyn,Romi,mromiah@state.gov,212-677-6691,118,99,Female,Mr,Single,8621 Ronald Regan Crossing,Phoenix,Arizona,Sunshine Valley Hospital,1 MEDICAL CENTER BLVD ACP 332,West,2/16/2025,herbal remedies,Merilyn Romi,1,399-523-6390,eggs,137
379,Keelby,Bertelsen,kbertelsenai@indiegogo.com,238-474-9564,2,87,Male,Miss,Widow,79 Cody Hill,Denver,Idaho,Golden Hills Medical Center,PO BOX 38,West,2/1/2025,physical therapy,Keelby Bertelsen,365,637-470-8513,pollen,8
380,Valry,Cluckie,vcluckieaj@shinystat.com,336-154-5043,130,149,Female,Mrs,Married,7471 Brickson Park Alley,Salt Lake City,Utah,Westside Community Hospital,PO BOX 635804,West,5/1/2025,homeopathy,Valry Cluckie,54,217-400-8997,pollen,70
381,Julita,Astall,jastallak@deviantart.com,355-419-5196,25,18,Genderfluid,Miss,Single,5219 Elgar Way,Portland,Wyoming,Oceanview General Hospital,1220 DAUPHINE ST,West,1/11/2025,aromatherapy,Julita Astall,0,916-133-0133,shellfish,114
382,Collin,Sycamore,csycamoreal@ibm.com,458-917-0799,113,72,Male,Mr,Single,40059 Independence Parkway,San Diego,New Mexico,Sunshine Valley Hospital,PO BOX 1270,West,1/15/2025,medication,Collin Sycamore,4,864-266-0088,eggs,58
383,Hakim,Meiner,hmeineram@jigsy.com,478-771-4879,18,15,Male,Mr,Married,8 Gale Court,Los Angeles,Wyoming,Golden Hills Medical Center,PO BOX 1080,West,7/14/2025,hypnotherapy,Hakim Meiner,1,209-475-0337,latex,120
384,Aime,Murney,amurneyan@google.com,562-165-9704,50,21,Female,Mrs,Married,6 Fuller Parkway,Seattle,Idaho,Golden Hills Medical Center,401 W PENNSYLVANIA ST,West,9/12/2025,acupuncture,Aime Murney,54,981-322-2451,pollen,4
385,Fletch,Hoggan,fhogganao@springer.com,378-495-0087,145,103,Male,Miss,Single,36 Vernon Crossing,Los Angeles,Arizona,Golden Hills Medical Center,179 PALISADE AVE,West,10/31/2024,aromatherapy,Fletch Hoggan,54,134-256-0593,dust,144
386,Lily,Sauvan,lsauvanap@dagondesign.com,240-212-5498,130,28,Female,Mrs,Widow,35 Loftsgordon Pass,Portland,Arizona,Coastal Breeze Hospital,PO BOX 840795,West,3/27/2025,aromatherapy,Lily Sauvan,54,532-757-7846,grass,131
387,Bryna,Kollach,bkollachaq@tinyurl.com,257-863-6324,81,95,Female,Ms,Widow,47070 Pond Point,Denver,Alaska,Westside Community Hospital,3100 N TENAYA WAY,West,12/24/2024,hypnotherapy,Bryna Kollach,1,876-799-6656,pollen,105
388,Frederique,Fookes,ffookesar@economist.com,195-599-8876,43,141,Female,Mrs,Single,5571 Mcguire Terrace,San Diego,Oregon,Sierra Vista Regional Hospital,911 SUNSET DR,West,3/27/2025,acupuncture,Frederique Fookes,12,290-429-3862,shellfish,113
389,Garreth,Cottrell,gcottrellas@time.com,447-168-7351,98,34,Male,Mr,Married,509 Schiller Road,Phoenix,California,Westside Community Hospital,6230 OLD DOBBIN LN,West,3/13/2025,massage therapy,Garreth Cottrell,0,811-162-4101,penicillin,9
390,Anstice,Coltman,acoltmanat@liveinternet.ru,366-941-5274,8,123,Female,Miss,Married,09875 Independence Road,San Diego,Wyoming,Sunset Valley Medical Center,3033 N 44TH ST STE 200,West,5/3/2025,medication,Anstice Coltman,1,219-167-1528,cats,6
391,Douglass,Tomaskov,dtomaskovau@businesswire.com,676-322-0376,92,52,Male,Mr,Widow,837 Kenwood Circle,Portland,Washington,Westside Community Hospital,1725 W HARRISON ST STE 1017,West,1/15/2025,physical therapy,Douglass Tomaskov,365,109-161-8355,shellfish,2
392,Franky,Wyson,fwysonav@fotki.com,746-635-3091,113,1,Female,Ms,Married,2 Donald Center,San Francisco,New Mexico,Westside Community Hospital,130 WILFRED BLVD,West,12/2/2024,surgery,Franky Wyson,-1,969-799-7154,pollen,122
393,Giselbert,Zamora,gzamoraaw@archive.org,868-694-2323,126,69,Male,Mrs,Married,735 Springview Road,Los Angeles,New Mexico,Sunshine Valley Hospital,202 E WATER ST,West,3/27/2025,herbal remedies,Giselbert Zamora,-1,974-649-6871,dust,61
394,Vinnie,Jayume,vjayumeax@mail.ru,220-871-6875,106,40,Male,Mr,Widow,66 Sullivan Park,San Diego,Colorado,Pacific Coast Hospital,19 BRADHURST AVE SUITE 3100N,West,6/16/2025,surgery,Vinnie Jayume,12,230-516-2596,penicillin,24
395,Jocko,Pleasance,jpleasanceay@clickbank.net,951-594-6191,150,31,Male,Miss,Married,2 Dovetail Avenue,San Francisco,Nevada,Sunset Valley Medical Center,PO BOX 1117,West,5/20/2025,hypnotherapy,Jocko Pleasance,-1,332-208-3120,latex,106
396,Ulick,Blumsom,ublumsomaz@webnode.com,689-900-3114,110,115,Male,Miss,Widow,31 Beilfuss Hill,Albuquerque,Wyoming,Coastal Breeze Hospital,303 PARKWAY DR NE DEPARTMENT OF GENERAL SURGERY,West,1/27/2025,massage therapy,Ulick Blumsom,365,764-205-2429,grass,101
397,Cullin,Poleykett,cpoleykettb0@chicagotribune.com,840-355-0764,46,88,Male,Mrs,Single,00 Longview Alley,Denver,Montana,Pacific Coast Hospital,1000 N SHENANDOAH AVE,West,8/5/2025,physical therapy,Cullin Poleykett,365,127-142-8081,peanuts,32
398,Dehlia,Maple,dmapleb1@cnet.com,331-515-6317,67,34,Female,Mr,Widow,27 Kings Avenue,Los Angeles,Nevada,Mountain View Medical Center,1721 MIDPARK RD,West,1/31/2025,physical therapy,Dehlia Maple,0,134-734-8890,mold,106
399,Elliott,Kayser,ekayserb2@msn.com,202-893-2469,131,35,Male,Ms,Widow,78 Elgar Junction,Albuquerque,New Mexico,Sierra Vista Regional Hospital,2500 N STATE ST,West,12/21/2024,surgery,Elliott Kayser,0,543-812-0679,pollen,104
400,Parker,Capps,pcappsb3@imdb.com,303-840-7093,64,49,Male,Ms,Single,2668 Fremont Place,Salt Lake City,Nevada,Oceanview General Hospital,120 W MACARTHUR ST SUITE 121,West,2/17/2025,herbal remedies,Parker Capps,1,531-650-6114,penicillin,103
401,Calypso,Saward,csawardb4@wsj.com,743-739-4696,95,39,Polygender,Mrs,Single,339 Independence Point,San Diego,Washington,Oceanview General Hospital,PO BOX 26657,West,12/20/2024,aromatherapy,Calypso Saward,4,393-877-9986,peanuts,20
402,Micheline,Dunkley,mdunkleyb5@google.co.jp,509-375-2307,30,71,Female,Mrs,Married,552 Anhalt Crossing,Denver,New Mexico,Oceanview General Hospital,800 E WASHINGTON BLVD,West,11/14/2024,medication,Micheline Dunkley,365,843-444-9068,latex,66
403,Tiena,Gradley,tgradleyb6@sfgate.com,175-131-7217,64,145,Female,Mr,Single,90 Anthes Crossing,Denver,Utah,Golden Gate Medical Center,3280 NW 103RD TER,West,9/19/2025,herbal remedies,Tiena Gradley,0,833-487-3052,pollen,10
404,Pammy,Absolon,pabsolonb7@ifeng.com,243-271-8057,147,146,Female,Miss,Married,6 Independence Street,Denver,Hawaii,Mountain View Medical Center,PO BOX 469,West,7/20/2025,medication,Pammy Absolon,54,876-421-7816,penicillin,114
405,Kassi,Keymar,kkeymarb8@ucsd.edu,537-633-6597,15,40,Female,Miss,Single,17 Bay Crossing,San Francisco,New Mexico,Oceanview General Hospital,6501 CITY WEST PKWY,West,7/25/2025,massage therapy,Kassi Keymar,0,388-457-0263,shellfish,117
406,Robina,Malsher,rmalsherb9@free.fr,238-606-6170,97,117,Female,Mr,Married,3 Carioca Lane,Phoenix,Idaho,Golden Gate Medical Center,32 PINE TREE DR,West,11/9/2024,hypnotherapy,Robina Malsher,1,277-118-2854,eggs,120
407,Valina,Kaindl,vkaindlba@skyrock.com,839-882-6002,95,118,Female,Mr,Widow,6 Meadow Valley Crossing,Denver,Washington,Sunshine Valley Hospital,601 PARK ST,West,6/16/2025,chiropractic care,Valina Kaindl,1000,831-734-3523,dust,128
408,Peggi,Chaster,pchasterbb@parallels.com,908-698-1973,55,68,Female,Mr,Single,33 Grim Court,Las Vegas,Idaho,Golden Gate Medical Center,420 N CENTER ST,West,1/29/2025,chiropractic care,Peggi Chaster,1000,350-192-9357,grass,106
409,Mitchael,Osborn,mosbornbc@wp.com,932-205-3203,22,39,Male,Mrs,Single,5 Kedzie Avenue,Salt Lake City,Alaska,Sierra Vista Regional Hospital,"777 BANNOCK ST UNIT 9 777 BANNOCK ST, UNIT 9",West,9/19/2025,hypnotherapy,Mitchael Osborn,12,535-221-9648,pollen,22
410,Poul,Newcomb,pnewcombbd@blogs.com,866-802-7376,38,10,Male,Miss,Single,68 Stuart Center,Phoenix,New Mexico,Mountain View Medical Center,PO BOX 725,West,12/11/2024,medication,Poul Newcomb,0,340-191-3868,cats,73
411,Quintin,Cromleholme,qcromleholmebe@msn.com,738-550-4208,89,49,Male,Mrs,Single,49 Cardinal Junction,Phoenix,Arizona,Mountain View Medical Center,1701 N GEORGE MASON DR,West,3/1/2025,homeopathy,Quintin Cromleholme,365,443-224-1567,grass,67
412,Kali,Sydes,ksydesbf@independent.co.uk,785-579-6730,117,61,Female,Miss,Single,090 Beilfuss Alley,Los Angeles,Arizona,Pacific Coast Hospital,727 E COURT ST,West,5/15/2025,massage therapy,Kali Sydes,4,297-422-3917,eggs,48
413,Sybille,Haylor,shaylorbg@unesco.org,199-607-7995,139,136,Female,Mrs,Single,59 Upham Lane,Albuquerque,Utah,Sunset Valley Medical Center,505 E GRANT ST SUITE 202,West,9/21/2025,acupuncture,Sybille Haylor,-1,865-214-2081,grass,72
414,Orelee,Cook,ocookbh@fastcompany.com,514-382-2113,39,9,Female,Mr,Single,55 Bluestem Court,San Francisco,Alaska,Golden Hills Medical Center,15 GOLDENROD LN,West,1/9/2025,homeopathy,Orelee Cook,54,716-349-6757,dust,34
415,Geordie,Mix,gmixbi@youku.com,630-566-6838,44,98,Male,Mr,Married,82489 Ridgeway Terrace,Las Vegas,Hawaii,Sierra Vista Regional Hospital,55 SLEEPY HOLLOW DR,West,12/6/2024,physical therapy,Geordie Mix,54,492-365-7468,penicillin,60
416,Malissia,Spurgin,mspurginbj@freewebs.com,673-893-1335,125,62,Female,Ms,Single,717 Warrior Parkway,San Francisco,Colorado,Coastal Breeze Hospital,APARTADO 1418,West,10/2/2025,homeopathy,Malissia Spurgin,-1,993-692-9148,shellfish,16
417,Payton,Schreiner,pschreinerbk@businesswire.com,691-265-0816,90,142,Male,Mrs,Married,3713 Nelson Hill,Salt Lake City,California,Golden Hills Medical Center,900 CEDAR ST,West,7/11/2025,acupuncture,Payton Schreiner,1000,421-186-4311,pollen,101
418,Sheba,Belle,sbellebl@nationalgeographic.com,613-274-0648,66,67,Female,Ms,Married,992 Randy Way,San Diego,Arizona,Sunset Valley Medical Center,PO BOX 602706,West,12/18/2024,hypnotherapy,Sheba Belle,12,645-563-7722,latex,91
419,Valentijn,Imlin,vimlinbm@google.co.jp,308-969-2411,61,64,Male,Miss,Single,31243 Starling Road,Albuquerque,Nevada,Westside Community Hospital,901 S STATE ROAD 7,West,5/13/2025,chiropractic care,Valentijn Imlin,1,850-104-5229,penicillin,107
420,Matthaeus,Fripps,mfrippsbn@usgs.gov,888-570-7504,79,120,Male,Miss,Single,653 Redwing Place,Albuquerque,Idaho,Coastal Breeze Hospital,15 CLEVELAND AVENUE SUITE 14 CHILDREN MEDICAL CENTER LTD,West,8/7/2025,physical therapy,Matthaeus Fripps,-1,925-336-3765,cats,11
421,Clerkclaude,Schneidau,cschneidaubo@foxnews.com,810-991-0189,148,117,Agender,Ms,Married,5183 Prairieview Hill,Portland,Utah,Pacific Coast Hospital,86-260 FARRINGTON HWY,West,8/26/2025,acupuncture,Clerkclaude Schneidau,1,564-197-7894,grass,75
422,Sanford,MacGillreich,smacgillreichbp@ihg.com,124-268-5825,118,13,Male,Ms,Single,7 Novick Avenue,Los Angeles,Colorado,Sierra Vista Regional Hospital,15 HOSPITAL DR,West,6/15/2025,physical therapy,Sanford MacGillreich,365,163-596-7867,peanuts,146
423,Bret,Abernethy,babernethybq@stumbleupon.com,384-849-1237,60,20,Male,Ms,Married,107 Sherman Court,Portland,California,Coastal Breeze Hospital,"13123 EAST 16TH AVENUE, B010",West,4/26/2025,physical therapy,Bret Abernethy,4,299-224-3269,peanuts,96
424,Fabe,Prescott,fprescottbr@yale.edu,156-288-5528,86,111,Agender,Ms,Widow,7 Sullivan Plaza,Denver,Washington,Sunshine Valley Hospital,13737 NOEL RD STE 1600,West,12/6/2024,chiropractic care,Fabe Prescott,0,301-765-3041,shellfish,30
425,Grazia,Noriega,gnoriegabs@cmu.edu,557-815-7785,133,84,Female,Mr,Widow,90 Nobel Avenue,Los Angeles,Oregon,Westside Community Hospital,861 SW 78TH AVE # 200-B,West,12/6/2024,surgery,Grazia Noriega,1000,570-633-3298,cats,110
426,Sapphire,Paolotto,spaolottobt@ovh.net,203-688-6925,1,41,Female,Mr,Single,6 Grasskamp Court,Seattle,Arizona,Westside Community Hospital,77 WARREN STREET-PROVIDER ENROLLMENT DEPT,West,7/18/2025,chiropractic care,Sapphire Paolotto,1,193-444-7024,shellfish,82
427,Delphinia,Blaisdale,dblaisdalebu@desdev.cn,763-514-9164,66,71,Female,Miss,Married,2789 Pine View Crossing,Seattle,Utah,Coastal Breeze Hospital,2220 CANTERBURY DR,West,1/15/2025,massage therapy,Delphinia Blaisdale,1,689-125-7961,grass,94
428,Iris,Canter,icanterbv@uiuc.edu,648-898-5343,27,17,Female,Ms,Single,38 Sullivan Terrace,San Francisco,California,Pacific Coast Hospital,114 GATEWAY CORPORATE BLVD SUITE 425,West,9/29/2025,physical therapy,Iris Canter,0,945-620-9358,mold,48
429,Tonye,Lube,tlubebw@noaa.gov,808-976-1202,134,30,Female,Mr,Widow,42 Nobel Place,Salt Lake City,Wyoming,Golden Hills Medical Center,PO BOX 25880,West,9/18/2025,hypnotherapy,Tonye Lube,-1,387-567-5625,pollen,18
430,Effie,Kinleyside,ekinleysidebx@etsy.com,260-809-5364,90,7,Female,Miss,Married,23 Acker Road,Seattle,Alaska,Oceanview General Hospital,5211 HIGHWAY 110,West,5/11/2025,acupuncture,Effie Kinleyside,365,213-281-0853,dust,70
431,Diahann,Boulsher,dboulsherby@miibeian.gov.cn,259-498-5043,63,38,Agender,Ms,Widow,4 Corben Center,Los Angeles,Utah,Sunset Valley Medical Center,301 YADKIN ST,West,5/4/2025,herbal remedies,Diahann Boulsher,1000,627-133-4051,grass,76
432,Felike,Tatlowe,ftatlowebz@fotki.com,974-694-6857,123,76,Male,Ms,Single,3273 Scofield Pass,Phoenix,Oregon,Golden Gate Medical Center,1491 METROPOLITAN AVE,West,2/21/2025,acupuncture,Felike Tatlowe,54,856-390-9991,latex,49
433,Philly,Pash,ppashc0@wikipedia.org,673-454-4394,65,97,Female,Mrs,Married,78 Bowman Court,Los Angeles,California,Westside Community Hospital,150 S 3RD ST,West,1/5/2025,hypnotherapy,Philly Pash,1000,461-893-3831,mold,91
434,Fabio,Hinksen,fhinksenc1@illinois.edu,718-945-0160,25,150,Male,Miss,Married,9905 Michigan Park,Albuquerque,Idaho,Golden Hills Medical Center,10645 W WARREN AVE,West,4/28/2025,medication,Fabio Hinksen,1,781-542-9805,latex,38
435,Art,Rouf,aroufc2@sciencedirect.com,121-838-9353,64,63,Male,Ms,Married,391 Maple Wood Place,Phoenix,Idaho,Sunshine Valley Hospital,705 E GREENWOOD AVE,West,5/13/2025,acupuncture,Art Rouf,1000,808-917-9555,eggs,59
436,Kristi,Jimmes,kjimmesc3@springer.com,815-833-1611,59,58,Female,Mrs,Single,8990 Arrowood Avenue,Seattle,New Mexico,Sunshine Valley Hospital,8400 NW 33RD ST STE 201,West,10/16/2025,aromatherapy,Kristi Jimmes,54,550-310-4478,cats,79
437,Myrvyn,Roobottom,mroobottomc4@google.com.hk,593-171-0491,95,5,Male,Ms,Widow,8 Vidon Circle,Salt Lake City,California,Sunset Valley Medical Center,503 N 5TH AVE,West,3/9/2025,medication,Myrvyn Roobottom,-1,269-262-5679,dust,98
438,Diego,Gebb,dgebbc5@stanford.edu,640-906-4874,130,28,Male,Mr,Single,1 Carpenter Terrace,Los Angeles,Utah,Sunset Valley Medical Center,5301 MCAULEY DR,West,2/6/2025,massage therapy,Diego Gebb,4,101-234-0175,eggs,132
439,Regina,Titterrell,rtitterrellc6@bandcamp.com,574-866-0343,42,102,Female,Ms,Married,91970 Crest Line Plaza,Portland,Arizona,Mountain View Medical Center,830 KEMPSVILLE RD,West,2/7/2025,physical therapy,Regina Titterrell,0,652-262-6968,latex,35
440,Petey,Avrahamoff,pavrahamoffc7@cdc.gov,116-606-0809,32,74,Male,Miss,Widow,783 Continental Street,Denver,Alaska,Golden Hills Medical Center,127 S BROADWAY,West,1/24/2025,acupuncture,Petey Avrahamoff,1000,134-639-5820,penicillin,142
441,Lilas,Vose,lvosec8@usatoday.com,593-559-6943,110,109,Female,Miss,Widow,2696 Pepper Wood Plaza,Salt Lake City,Alaska,Oceanview General Hospital,34700 VALLEY RD,West,6/27/2025,chiropractic care,Lilas Vose,1,983-416-1330,eggs,133
442,Lonni,Miskelly,lmiskellyc9@whitehouse.gov,974-320-7982,8,132,Polygender,Miss,Married,357 Union Plaza,Albuquerque,Nevada,Sunshine Valley Hospital,2000 N DEWEY AVE,West,4/5/2025,homeopathy,Lonni Miskelly,54,113-685-4999,eggs,130
443,Beverlie,Sherborn,bsherbornca@smugmug.com,430-631-6399,94,106,Female,Mrs,Single,2 Crowley Park,Albuquerque,Nevada,Westside Community Hospital,220 HWY 12 W,West,4/28/2025,homeopathy,Beverlie Sherborn,1000,352-568-3453,penicillin,97
444,Christopher,Selesnick,cselesnickcb@nsw.gov.au,138-356-4127,148,59,Male,Mrs,Widow,84230 Killdeer Street,Los Angeles,Nevada,Oceanview General Hospital,2749 E COVENANTER DR,West,2/27/2025,physical therapy,Christopher Selesnick,12,341-793-3716,pollen,58
445,Cristobal,Hadaway,chadawaycc@disqus.com,736-106-2327,24,73,Male,Ms,Widow,871 Ruskin Pass,Salt Lake City,Washington,Westside Community Hospital,601 N 30TH ST,West,6/24/2025,physical therapy,Cristobal Hadaway,1,903-764-7850,grass,84
446,Clare,Hedin,chedincd@freewebs.com,255-622-2098,47,77,Female,Mr,Widow,018 Glacier Hill Circle,Las Vegas,Utah,Westside Community Hospital,PO BOX 1368,West,5/16/2025,surgery,Clare Hedin,4,856-398-3168,cats,14
447,Brena,Canning,bcanningce@washington.edu,774-807-1443,9,54,Female,Ms,Single,21 Packers Road,San Francisco,Washington,Pacific Coast Hospital,50 WATER ST FL 3,West,2/23/2025,herbal remedies,Brena Canning,54,860-977-8926,pollen,111
448,Marietta,Gother,mgothercf@buzzfeed.com,804-673-3055,122,43,Female,Miss,Married,08328 High Crossing Lane,Portland,Montana,Mountain View Medical Center,736 BATTLEFIELD BLVD N,West,3/10/2025,chiropractic care,Marietta Gother,365,407-450-2249,cats,123
449,Isiahi,Timby,itimbycg@icq.com,866-365-2738,65,62,Male,Mr,Married,78873 School Way,Portland,Montana,Westside Community Hospital,PO BOX 511,West,6/5/2025,acupuncture,Isiahi Timby,12,416-103-3281,pollen,29
450,Raleigh,Cogger,rcoggerch@blog.com,728-463-5622,93,29,Male,Miss,Single,4 Eagan Terrace,Albuquerque,Hawaii,Sunset Valley Medical Center,2400 HOSPITAL DR SUITE 130,West,1/3/2025,chiropractic care,Raleigh Cogger,365,962-439-5386,latex,60
451,Tersina,Eastes,teastesci@nymag.com,856-172-5077,66,29,Female,Mrs,Single,843 Kedzie Street,Phoenix,Washington,Sunset Valley Medical Center,2315 STOCKTON BLVD,West,1/16/2025,surgery,Tersina Eastes,4,894-403-0320,latex,67
452,Ronnie,Baggalley,rbaggalleycj@alexa.com,504-125-9739,78,140,Female,Mr,Single,66 Arkansas Point,Albuquerque,Arizona,Mountain View Medical Center,3580 LAKE WORTH RD,West,8/17/2025,massage therapy,Ronnie Baggalley,1,491-376-0715,cats,109
453,Dasya,Garnsworth,dgarnsworthck@reference.com,227-301-7485,40,84,Female,Mrs,Single,6 Carberry Place,Denver,Washington,Pacific Coast Hospital,1924 DEL PASO RD,West,3/22/2025,medication,Dasya Garnsworth,1000,289-957-5143,mold,12
454,Bev,Piolli,bpiollicl@flickr.com,716-456-8727,66,53,Agender,Mr,Single,70616 Monica Junction,Phoenix,California,Sunset Valley Medical Center,140 MARINE VIEW AVE SUITE 110,West,8/9/2025,physical therapy,Bev Piolli,1000,959-590-7830,cats,1
455,Sully,Berrygun,sberryguncm@google.co.jp,152-342-4442,38,11,Male,Ms,Married,37346 Roxbury Parkway,San Francisco,Colorado,Sunshine Valley Hospital,10 W BOYD AVE,West,11/7/2024,hypnotherapy,Sully Berrygun,0,176-373-6638,dust,100
456,Jordan,McRonald,jmcronaldcn@senate.gov,549-582-4660,147,98,Female,Mrs,Single,2429 Sauthoff Alley,Albuquerque,Utah,Sunshine Valley Hospital,3250 WILSHIRE BLVD STE 1101,West,2/3/2025,chiropractic care,Jordan McRonald,1000,201-228-4034,pollen,127
457,Palmer,Gilhoolie,pgilhoolieco@symantec.com,173-252-9249,36,3,Male,Ms,Single,1355 Summerview Alley,San Francisco,Wyoming,Westside Community Hospital,206 N 2100 W,West,5/7/2025,acupuncture,Palmer Gilhoolie,-1,243-781-6757,penicillin,22
458,Alvie,McKaile,amckailecp@engadget.com,273-228-3875,16,130,Male,Miss,Married,65368 Annamark Circle,Seattle,Idaho,Sierra Vista Regional Hospital,1034 GROVE ST,West,10/15/2025,acupuncture,Alvie McKaile,4,714-406-3637,shellfish,147
459,Michal,Inston,minstoncq@unblog.fr,347-261-1914,99,136,Female,Ms,Married,9336 Ridge Oak Plaza,Los Angeles,Oregon,Mountain View Medical Center,PO BOX 6028,West,12/7/2024,surgery,Michal Inston,54,196-188-9457,cats,34
460,Tyson,Hamblett,thamblettcr@delicious.com,470-892-0777,4,148,Male,Mr,Widow,99235 Eagan Pass,Salt Lake City,Alaska,Sunshine Valley Hospital,10 N ROCK GLEN RD,West,6/11/2025,medication,Tyson Hamblett,54,365-659-7565,latex,51
461,Trevor,De Mattia,tdecs@usa.gov,740-888-4305,37,11,Male,Mrs,Single,405 Eastwood Way,Denver,New Mexico,Westside Community Hospital,"534 PLEASANT VIEW WAY NW, SUITE 200",West,3/23/2025,physical therapy,Trevor De Mattia,12,538-861-5501,grass,117
462,Heddie,Veque,hvequect@nifty.com,541-995-5643,76,93,Non-binary,Mrs,Widow,9 Sycamore Pass,Phoenix,Colorado,Golden Gate Medical Center,26136 US HWY 59,West,12/13/2024,herbal remedies,Heddie Veque,-1,410-589-2157,peanuts,64
463,Edythe,Kinkead,ekinkeadcu@bloglovin.com,217-268-9763,34,150,Female,Mr,Widow,4 Sundown Plaza,San Diego,Oregon,Sunshine Valley Hospital,3391 OLD GETWELL ROAD,West,4/14/2025,acupuncture,Edythe Kinkead,1000,633-120-0573,cats,65
464,Larisa,Crosston,lcrosstoncv@usatoday.com,867-697-7631,34,55,Female,Ms,Single,6 Barby Alley,Albuquerque,California,Golden Gate Medical Center,579 WARBURTON AVE STE 112,West,3/21/2025,homeopathy,Larisa Crosston,-1,377-294-2332,penicillin,69
465,Cacilia,Sacks,csackscw@cargocollective.com,640-737-4628,108,3,Female,Miss,Single,4 International Point,Portland,Colorado,Westside Community Hospital,400 WESTPARK CT SUITE 230,West,7/31/2025,physical therapy,Cacilia Sacks,-1,292-453-4223,cats,1
466,Dody,Woolgar,dwoolgarcx@csmonitor.com,777-447-4220,50,138,Female,Ms,Single,66 Paget Lane,Las Vegas,Arizona,Sierra Vista Regional Hospital,48 BLUEBERRY FARM ROAD,West,7/22/2025,homeopathy,Dody Woolgar,1000,930-863-2517,dust,4
467,Eustace,Simoneau,esimoneaucy@ihg.com,328-774-9978,54,131,Male,Mr,Married,7 Gerald Circle,Las Vegas,New Mexico,Golden Gate Medical Center,611 SAINT JOSEPH AVENUE,West,5/25/2025,herbal remedies,Eustace Simoneau,1000,392-762-7984,shellfish,20
468,Dion,McCreath,dmccreathcz@etsy.com,676-980-8671,86,115,Male,Mrs,Married,6 Washington Crossing,Seattle,Montana,Sunset Valley Medical Center,235 W FLETCHER ST,West,5/28/2025,herbal remedies,Dion McCreath,54,700-983-5219,penicillin,139
469,Lisetta,Teaser,lteaserd0@nasa.gov,851-184-4637,5,121,Female,Miss,Widow,28579 Reindahl Road,Los Angeles,Washington,Sunset Valley Medical Center,7600 CENTRAL AVE,West,7/30/2025,hypnotherapy,Lisetta Teaser,-1,675-183-1929,dust,47
470,Morten,Jannex,mjannexd1@tumblr.com,144-846-0134,142,117,Male,Mrs,Single,541 Crest Line Drive,Portland,Arizona,Mountain View Medical Center,PO BOX 998 ATTN: RIVERSIDE MANAGEMENT SERVICES ORG,West,3/23/2025,homeopathy,Morten Jannex,365,861-343-3947,mold,74
471,Kip,Atto,kattod2@surveymonkey.com,727-950-1404,113,7,Male,Mrs,Married,7152 Hansons Center,Phoenix,Utah,Sierra Vista Regional Hospital,3 ALLEGHENY CENTER APT# 504,West,2/12/2025,hypnotherapy,Kip Atto,54,639-618-0096,penicillin,128
472,Sharai,Telega,stelegad3@studiopress.com,926-478-0688,17,113,Female,Mr,Married,42485 Sunnyside Junction,Denver,Hawaii,Oceanview General Hospital,5141 BROADWAY RM 2-095,West,5/11/2025,herbal remedies,Sharai Telega,0,263-391-1647,dust,116
473,Tiler,Tooher,ttooherd4@altervista.org,560-546-5297,19,148,Male,Mr,Single,3331 Chive Plaza,San Francisco,New Mexico,Sunshine Valley Hospital,632 NW 2ND ST,West,10/18/2025,physical therapy,Tiler Tooher,0,745-711-7524,eggs,78
474,Alejoa,Pulham,apulhamd5@nifty.com,148-563-6209,57,149,Male,Miss,Married,95536 Northridge Pass,San Francisco,Wyoming,Golden Gate Medical Center,PO BOX 45680,West,3/25/2025,acupuncture,Alejoa Pulham,0,245-533-7787,grass,127
475,Eugine,Longthorne,elongthorned6@unesco.org,813-358-3907,120,111,Female,Miss,Single,227 Oxford Junction,Phoenix,Idaho,Westside Community Hospital,903 S ASHLAND AVE APT. 501,West,10/16/2025,physical therapy,Eugine Longthorne,1,486-565-3517,penicillin,85
476,Avril,Muzzi,amuzzid7@goodreads.com,634-484-5001,23,106,Female,Ms,Single,24 Killdeer Lane,Denver,Arizona,Sunset Valley Medical Center,5 E 98TH ST 5TH FLOOR,West,8/23/2025,chiropractic care,Avril Muzzi,0,384-977-2973,peanuts,144
477,Norry,Geere,ngeered8@desdev.cn,956-106-4700,18,34,Male,Mr,Married,145 Village Hill,Seattle,Nevada,Mountain View Medical Center,150 E 71ST ST,West,9/4/2025,aromatherapy,Norry Geere,0,494-581-9463,grass,121
478,Emogene,Juschka,ejuschkad9@nyu.edu,514-639-2151,67,146,Female,Mrs,Widow,44 Eagan Park,San Diego,Washington,Sierra Vista Regional Hospital,4150 INTERNATIONAL PLZ STE 600,West,7/3/2025,acupuncture,Emogene Juschka,365,389-323-6213,peanuts,52
479,Lidia,Reek,lreekda@harvard.edu,349-592-2751,16,54,Female,Mr,Married,517 Scott Crossing,Las Vegas,Idaho,Sierra Vista Regional Hospital,4355 W 16TH AVE STE 212,West,10/11/2025,acupuncture,Lidia Reek,365,861-459-0286,pollen,2
480,Fidelio,Madill,fmadilldb@freewebs.com,150-819-6799,102,132,Male,Mr,Single,5879 Eastlawn Park,San Francisco,New Mexico,Sunset Valley Medical Center,2799 N WASHINGTON,West,4/18/2025,physical therapy,Fidelio Madill,12,267-877-3629,eggs,58
481,Hollyanne,Slowly,hslowlydc@google.com.au,601-148-6887,113,72,Female,Miss,Widow,3 Calypso Park,Seattle,Utah,Pacific Coast Hospital,124 SW ADAMS ST,West,10/26/2024,herbal remedies,Hollyanne Slowly,365,824-875-6467,pollen,44
482,Krissie,Holcroft,kholcroftdd@hostgator.com,794-282-6786,98,122,Female,Miss,Married,222 David Hill,Las Vegas,Wyoming,Mountain View Medical Center,5615 OLD NATIONAL HWY,West,10/9/2025,medication,Krissie Holcroft,1,249-625-0751,shellfish,25
483,Elizabet,de Voiels,edede@yahoo.co.jp,876-532-5658,139,91,Female,Ms,Widow,886 Onsgard Point,San Francisco,Utah,Mountain View Medical Center,301 N MARTIN LUTHER KING DR SUITE B,West,5/10/2025,hypnotherapy,Elizabet de Voiels,54,568-403-6638,latex,29
484,Tommy,Boutwell,tboutwelldf@earthlink.net,370-844-0760,104,31,Female,Mrs,Widow,683 Farwell Alley,Los Angeles,Colorado,Sierra Vista Regional Hospital,1700 COGDELL BLVD,West,9/7/2025,acupuncture,Tommy Boutwell,54,178-391-7891,mold,55
485,Eldridge,Wakerley,ewakerleydg@aboutads.info,625-925-3210,120,47,Male,Mr,Single,8156 Valley Edge Terrace,Seattle,Nevada,Coastal Breeze Hospital,760 BROADWAY ROOM #3A-30,West,7/12/2025,medication,Eldridge Wakerley,-1,151-826-1461,latex,56
486,Warden,Whitney,wwhitneydh@webeden.co.uk,841-852-7091,40,95,Genderqueer,Mrs,Widow,7 David Parkway,Portland,Washington,Golden Gate Medical Center,P.O. BOX 498 4502 HIGHWAY 951,West,1/17/2025,homeopathy,Warden Whitney,-1,765-676-7554,dust,60
487,Port,Stodhart,pstodhartdi@adobe.com,606-642-8599,125,95,Male,Mrs,Married,368 Blackbird Hill,Portland,Montana,Golden Gate Medical Center,1800 LOMBARD ST SUITE 503 PEPPER PAVILION,West,7/25/2025,surgery,Port Stodhart,12,814-848-6385,dust,119
488,Giordano,Godfree,ggodfreedj@nymag.com,753-285-6786,88,56,Male,Miss,Widow,87 Service Terrace,Los Angeles,Arizona,Mountain View Medical Center,3101 GARRETT DR,West,5/25/2025,medication,Giordano Godfree,12,904-798-3883,eggs,24
489,Zelda,Insworth,zinsworthdk@networkadvertising.org,497-173-0003,50,132,Female,Mr,Single,67207 Leroy Terrace,Los Angeles,Alaska,Mountain View Medical Center,1531 ESPLANADE ATTN: FINANCE,West,4/17/2025,hypnotherapy,Zelda Insworth,4,846-301-8614,shellfish,139
490,Ethelda,Comar,ecomardl@linkedin.com,127-946-4538,132,36,Female,Mrs,Single,5442 Village Green Center,Portland,New Mexico,Pacific Coast Hospital,780 CAMINO DE LA REINA APT 244,West,3/10/2025,acupuncture,Ethelda Comar,1,278-214-8765,latex,12
491,Ellynn,Hollibone,ehollibonedm@usda.gov,787-210-4043,70,21,Female,Ms,Single,052 Loomis Hill,San Diego,Colorado,Golden Gate Medical Center,1400 E KINCAID ST,West,1/29/2025,herbal remedies,Ellynn Hollibone,1,678-346-0659,pollen,79
492,Sayers,Dumbar,sdumbardn@ow.ly,523-226-4217,105,92,Male,Mrs,Married,42 Hermina Road,Portland,Utah,Sierra Vista Regional Hospital,173 MIDDLE ST,West,5/24/2025,chiropractic care,Sayers Dumbar,-1,878-471-6096,penicillin,85
493,Onfre,Howgill,ohowgilldo@telegraph.co.uk,315-682-4848,61,137,Bigender,Mrs,Married,8 Dennis Street,Las Vegas,Wyoming,Sierra Vista Regional Hospital,319 LAKE BEND DR,West,6/4/2025,massage therapy,Onfre Howgill,0,950-534-6949,eggs,21
494,Vite,Neighbour,vneighbourdp@booking.com,836-414-2045,99,122,Male,Mr,Single,38667 Thackeray Lane,Seattle,Nevada,Golden Gate Medical Center,1343 N ALMA SCHOOL RD STE 160,West,12/10/2024,herbal remedies,Vite Neighbour,12,594-515-7817,latex,24
495,Ginelle,Antoniades,gantoniadesdq@berkeley.edu,217-601-9635,115,108,Female,Mr,Married,183 Northport Point,Salt Lake City,Idaho,Sierra Vista Regional Hospital,P.O. BOX 1 FISCAL SERVICES 3550 HWY 468 WEST,West,11/13/2024,massage therapy,Ginelle Antoniades,365,338-581-9147,penicillin,118
496,Bibi,Albert,balbertdr@yahoo.com,328-255-8554,61,122,Female,Miss,Married,329 Bayside Drive,Las Vegas,Montana,Pacific Coast Hospital,1200 PLEASANT ST,West,8/18/2025,aromatherapy,Bibi Albert,-1,217-585-6836,penicillin,147
497,Ken,Chesshyre,kchesshyreds@surveymonkey.com,359-610-4571,80,95,Male,Ms,Widow,52 Melody Center,Phoenix,Oregon,Oceanview General Hospital,460 NORTHSIDE CHEROKEE BLVD STE 145,West,1/31/2025,surgery,Ken Chesshyre,1,368-793-8826,mold,69
498,Maxim,Maureen,mmaureendt@hc360.com,841-761-8072,78,103,Male,Miss,Widow,075 Bartillon Alley,San Diego,Nevada,Westside Community Hospital,509 BILTMORE AVE,West,1/24/2025,herbal remedies,Maxim Maureen,-1,763-390-8740,penicillin,98
499,Caesar,Staziker,cstazikerdu@friendfeed.com,291-255-4732,117,134,Male,Mr,Widow,49781 Lotheville Trail,Salt Lake City,Hawaii,Sunset Valley Medical Center,1 ATWELL RD,West,1/7/2025,physical therapy,Caesar Staziker,4,981-482-5844,dust,109
500,Harv,Dyment,hdymentdv@networksolutions.com,253-501-6767,129,3,Male,Miss,Single,954 Delladonna Crossing,Seattle,Wyoming,Golden Hills Medical Center,26136 US HIGHWAY 59,West,1/22/2025,homeopathy,Harv Dyment,1000,374-852-6399,dust,78
501,Vicky,Melmeth,vmelmethdw@chicagotribune.com,900-900-5631,84,104,Female,Ms,Single,6 Graceland Crossing,Albuquerque,Wyoming,Sunshine Valley Hospital,915 ANDERSON DR,West,3/20/2025,homeopathy,Vicky Melmeth,-1,323-589-2926,peanuts,37
502,Jeannette,Wolfe,jwolfedx@bluehost.com,403-497-9914,103,120,Female,Mrs,Single,8077 Ridgeway Lane,Las Vegas,Hawaii,Sunset Valley Medical Center,14275 MIDWAY RD STE 400,West,5/6/2025,massage therapy,Jeannette Wolfe,1000,895-949-0658,eggs,63
503,Ailina,Butland,abutlanddy@discuz.net,849-331-8216,96,91,Female,Mrs,Married,8639 Prairieview Lane,Denver,Hawaii,Sunset Valley Medical Center,124 SW ADAMS ST,West,6/1/2025,medication,Ailina Butland,54,721-464-0472,peanuts,129
504,Artemus,Andrioni,aandrionidz@thetimes.co.uk,909-838-3922,38,82,Male,Ms,Widow,5533 Clemons Junction,Albuquerque,Utah,Coastal Breeze Hospital,1330 COSHOCTON AVE,West,7/29/2025,homeopathy,Artemus Andrioni,12,711-506-1195,shellfish,136
505,Nancy,Chorley,nchorleye0@intel.com,337-480-8881,4,51,Female,Ms,Single,12938 Laurel Point,San Francisco,Alaska,Oceanview General Hospital,5665 NEW NORTHSIDE DR STE 320,West,3/30/2025,aromatherapy,Nancy Chorley,1000,513-136-2852,mold,105
506,Philomena,Foskin,pfoskine1@youtube.com,493-663-6915,14,124,Genderfluid,Mr,Married,68 Macpherson Park,San Francisco,Washington,Coastal Breeze Hospital,PO BOX 627,West,11/10/2024,surgery,Philomena Foskin,54,477-224-0550,latex,44
507,Fionnula,Springle,fspringlee2@google.es,771-909-6187,33,74,Female,Mrs,Single,1 Crescent Oaks Park,Salt Lake City,Oregon,Golden Gate Medical Center,300 ROCKEFELLER DR,West,12/5/2024,hypnotherapy,Fionnula Springle,365,612-313-9959,penicillin,74
508,Richy,Tollerfield,rtollerfielde3@moonfruit.com,246-642-9036,33,52,Male,Mr,Married,89232 Macpherson Hill,San Diego,Montana,Sunshine Valley Hospital,651 MEMORIAL DR,West,9/10/2025,physical therapy,Richy Tollerfield,365,562-454-6782,shellfish,109
509,Yolanthe,Jentin,yjentine4@nsw.gov.au,838-922-1821,109,43,Female,Miss,Married,436 Menomonie Plaza,Las Vegas,California,Golden Hills Medical Center,PO BOX 50,West,9/12/2025,massage therapy,Yolanthe Jentin,365,564-793-7232,latex,86
510,Dara,Carriage,dcarriagee5@discovery.com,267-437-4598,54,26,Female,Ms,Married,74 Shelley Park,Los Angeles,Utah,Sunshine Valley Hospital,PO BOX 68,West,8/11/2025,herbal remedies,Dara Carriage,-1,755-566-8648,peanuts,82
511,Robby,Trewhitt,rtrewhitte6@jiathis.com,671-680-4748,70,10,Female,Mrs,Widow,8176 Prentice Way,Seattle,Utah,Sunshine Valley Hospital,8765 LEWIS AVE,West,3/10/2025,acupuncture,Robby Trewhitt,365,212-631-0096,shellfish,55
512,Lorie,Angrove,langrovee7@alexa.com,100-597-5620,94,80,Female,Miss,Widow,898 Eagle Crest Road,San Francisco,Alaska,Oceanview General Hospital,1301 MONTGOMERY ROAD,West,4/14/2025,physical therapy,Lorie Angrove,1000,698-501-2295,shellfish,59
513,Priscella,Bownd,pbownde8@geocities.jp,398-424-5008,69,110,Female,Mrs,Single,77394 Cody Plaza,Phoenix,Hawaii,Sunset Valley Medical Center,1201 HILL RD,West,2/16/2025,herbal remedies,Priscella Bownd,0,154-212-8646,eggs,38
514,Paxton,Cust,pcuste9@businessinsider.com,615-924-2762,21,92,Male,Ms,Widow,47 Surrey Hill,Salt Lake City,Idaho,Golden Hills Medical Center,4714 GETTYSBURG RD,West,1/10/2025,surgery,Paxton Cust,0,996-132-7925,dust,86
515,Norry,Giacomozzo,ngiacomozzoea@unblog.fr,952-670-4746,125,85,Female,Mrs,Widow,88215 West Point,Albuquerque,Nevada,Sunset Valley Medical Center,639 W MAIN ST,West,6/9/2025,massage therapy,Norry Giacomozzo,0,673-428-7111,latex,104
516,Mervin,Goodliffe,mgoodliffeeb@elpais.com,158-182-5069,80,121,Male,Ms,Widow,70853 Dunning Parkway,San Francisco,Oregon,Mountain View Medical Center,PO BOX 550,West,10/6/2025,aromatherapy,Mervin Goodliffe,365,947-411-8043,peanuts,129
517,Madelena,Sember,msemberec@hp.com,430-260-7233,99,50,Female,Ms,Single,90 Sundown Avenue,Denver,Montana,Sunset Valley Medical Center,220 W COLD SPRING LN,West,5/30/2025,acupuncture,Madelena Sember,-1,713-596-3612,pollen,33
518,Nadia,Seide,nseideed@symantec.com,469-374-5612,149,35,Female,Mr,Widow,04615 Northwestern Court,Seattle,New Mexico,Golden Hills Medical Center,128 LEHUA ST,West,12/23/2024,homeopathy,Nadia Seide,-1,500-149-2389,peanuts,111
519,Garnette,Vigrass,gvigrassee@tamu.edu,225-599-4220,110,15,Female,Mrs,Single,07 Namekagon Way,Los Angeles,Colorado,Golden Hills Medical Center,1000 N OAK AVE,West,12/10/2024,massage therapy,Garnette Vigrass,1000,816-600-3781,dust,121
520,Rogerio,Heaphy,rheaphyef@devhub.com,190-450-4859,36,51,Male,Ms,Widow,979 Fairfield Alley,Los Angeles,Wyoming,Pacific Coast Hospital,960 AVENT DR,West,4/1/2025,acupuncture,Rogerio Heaphy,0,138-804-8034,latex,33
521,Avrom,Muldoon,amuldooneg@exblog.jp,302-871-4708,48,106,Male,Mr,Single,7888 Lyons Junction,Los Angeles,New Mexico,Pacific Coast Hospital,PO BOX 45680,West,10/22/2025,chiropractic care,Avrom Muldoon,4,389-259-4707,pollen,125
522,Bowie,Kett,bketteh@gov.uk,365-776-5995,127,136,Male,Miss,Single,10112 Derek Place,San Diego,Wyoming,Mountain View Medical Center,3263 EATON ROAD,West,10/23/2025,medication,Bowie Kett,1000,886-527-1271,eggs,110
523,Alyss,Whenman,awhenmanei@virginia.edu,788-695-8093,9,27,Female,Mr,Married,0231 Ronald Regan Parkway,Las Vegas,California,Westside Community Hospital,9001 LIBERTY PKWY,West,4/17/2025,acupuncture,Alyss Whenman,4,220-706-9316,cats,67
524,Charin,Tune,ctuneej@geocities.com,924-366-1085,52,109,Bigender,Mr,Widow,69256 Fairfield Road,San Francisco,Oregon,Sunshine Valley Hospital,14 ORCHARD RD,West,6/1/2025,chiropractic care,Charin Tune,1,727-886-0001,latex,117
525,Vicki,Umpleby,vumplebyek@cnbc.com,339-444-7317,84,132,Female,Mr,Married,3 Sunfield Drive,Las Vegas,Wyoming,Sunset Valley Medical Center,501 MORRIS ST,West,9/26/2025,chiropractic care,Vicki Umpleby,54,272-714-0994,dust,116
526,Justina,Craufurd,jcraufurdel@businessinsider.com,447-642-6420,66,1,Bigender,Miss,Widow,3 Laurel Plaza,Salt Lake City,Montana,Golden Gate Medical Center,4535 DRESSLER RD NW,West,2/24/2025,hypnotherapy,Justina Craufurd,1000,839-290-9861,grass,18
527,Mickie,Gutherson,mguthersonem@umn.edu,899-111-9067,79,90,Male,Mr,Single,25 Pearson Terrace,Las Vegas,Utah,Mountain View Medical Center,PO BOX 339,West,2/3/2025,medication,Mickie Gutherson,54,907-697-7133,eggs,54
528,Mikel,todor,mtodoren@rambler.ru,860-565-5726,83,104,Polygender,Mrs,Widow,97806 Erie Hill,Albuquerque,Colorado,Sunshine Valley Hospital,1700 MOUNT VERNON AVE,West,12/31/2024,herbal remedies,Mikel todor,4,119-321-1772,dust,20
529,Adamo,Busst,abussteo@berkeley.edu,220-478-4094,10,97,Male,Miss,Widow,06158 Killdeer Plaza,Albuquerque,Utah,Sunset Valley Medical Center,6100 TOWER CIR STE 1000,West,9/9/2025,chiropractic care,Adamo Busst,1,588-387-4022,shellfish,35
530,Jillana,Figg,jfiggep@cbc.ca,392-940-0156,116,58,Bigender,Mrs,Single,04898 Thierer Lane,Salt Lake City,Utah,Sunshine Valley Hospital,5410 MARYLAND WAY STE 300,West,9/26/2025,physical therapy,Jillana Figg,1000,464-773-4842,penicillin,67
531,Rebecka,Birkmyre,rbirkmyreeq@bandcamp.com,917-142-3551,106,115,Female,Miss,Married,16 Mcbride Road,Seattle,Utah,Pacific Coast Hospital,420 W MAGNETIC ST,West,11/20/2024,chiropractic care,Rebecka Birkmyre,0,372-923-6435,latex,50
532,Sherrie,Stenet,ssteneter@omniture.com,653-720-0828,84,102,Female,Miss,Single,35 Schlimgen Way,Phoenix,Arizona,Sierra Vista Regional Hospital,51 N 39TH STREET CUPP BASEMENT -PHARMACY,West,11/15/2024,hypnotherapy,Sherrie Stenet,12,968-101-5262,pollen,30
533,Randolf,Sipson,rsipsones@cdbaby.com,732-355-4049,97,60,Male,Miss,Single,6 Farwell Junction,Seattle,Utah,Westside Community Hospital,PO BOX 7972,West,9/18/2025,homeopathy,Randolf Sipson,365,662-994-9251,dust,42
534,Arin,Sussams,asussamset@dmoz.org,715-294-6772,9,78,Male,Mrs,Single,387 Superior Point,Salt Lake City,California,Sunset Valley Medical Center,3901 RAINBOW BLVD,West,7/8/2025,aromatherapy,Arin Sussams,1000,743-380-4282,cats,70
535,Marsh,Wheble,mwhebleeu@sakura.ne.jp,822-665-5689,115,136,Non-binary,Ms,Widow,874 Kings Junction,Albuquerque,Montana,Sunset Valley Medical Center,300 S PARK RD SUITE 400,West,2/27/2025,acupuncture,Marsh Wheble,1000,991-230-7997,penicillin,111
536,Emmaline,Twatt,etwattev@themeforest.net,520-657-4242,130,34,Female,Miss,Married,4 Northridge Circle,San Francisco,Idaho,Sunshine Valley Hospital,1643 E PALMDALE BLVD,West,4/7/2025,homeopathy,Emmaline Twatt,1000,218-663-4532,dust,70
537,Goober,Learmount,glearmountew@timesonline.co.uk,410-762-6746,48,77,Male,Ms,Widow,22643 Sullivan Parkway,San Diego,Alaska,Coastal Breeze Hospital,183 LONGVUE TER,West,2/9/2025,surgery,Goober Learmount,1000,447-729-8625,pollen,19
538,Wolfgang,Sparsholt,wsparsholtex@php.net,131-958-1911,65,107,Male,Miss,Married,37 Annamark Street,Las Vegas,Wyoming,Oceanview General Hospital,PO BOX 415661,West,10/9/2025,homeopathy,Wolfgang Sparsholt,1000,391-442-5759,pollen,23
539,Brooks,Bawden,bbawdeney@ning.com,722-709-2849,17,90,Female,Ms,Single,9482 Cottonwood Junction,San Francisco,Utah,Coastal Breeze Hospital,28000 DEQUINDRE RD,West,9/25/2025,acupuncture,Brooks Bawden,54,544-168-3631,cats,14
540,Lilian,Hadgkiss,lhadgkissez@toplist.cz,626-860-2625,80,19,Female,Mrs,Married,1300 Coolidge Street,Salt Lake City,Wyoming,Sierra Vista Regional Hospital,PO BOX 1239,West,12/5/2024,hypnotherapy,Lilian Hadgkiss,54,633-298-3555,mold,57
541,Matias,Holmyard,mholmyardf0@cdbaby.com,918-706-7405,135,96,Male,Ms,Married,47978 Mccormick Junction,Seattle,Arizona,Golden Gate Medical Center,PO BOX 2748,West,1/15/2025,massage therapy,Matias Holmyard,12,746-509-9398,grass,91
542,Bennett,Paulin,bpaulinf1@npr.org,254-941-9338,116,118,Bigender,Mrs,Single,5 Lakewood Junction,Portland,Idaho,Sierra Vista Regional Hospital,213 S JEFFERSON ST STE 1006,West,1/4/2025,chiropractic care,Bennett Paulin,1000,501-546-4891,pollen,109
543,Ardelle,Scrowston,ascrowstonf2@typepad.com,334-350-9987,40,120,Female,Miss,Married,8365 Becker Crossing,Seattle,Wyoming,Mountain View Medical Center,4161 S EASTERN AVE STE B3,West,10/8/2025,aromatherapy,Ardelle Scrowston,1000,248-844-8184,eggs,111
544,Wilow,Bumpass,wbumpassf3@livejournal.com,968-789-6110,70,87,Female,Mr,Single,211 Nelson Way,Denver,California,Golden Hills Medical Center,1 NORTON AVE,West,10/4/2025,herbal remedies,Wilow Bumpass,365,697-302-9716,shellfish,88
545,Cesaro,Breslauer,cbreslauerf4@squarespace.com,691-482-8002,114,27,Male,Mrs,Single,8415 Moose Lane,Las Vegas,Arizona,Sunshine Valley Hospital,307 S 13TH ST,West,4/25/2025,surgery,Cesaro Breslauer,1000,416-639-7100,cats,140
546,Prudence,Tassel,ptasself5@science365.com,266-781-7836,10,76,Agender,Ms,Single,8101 Huxley Alley,Salt Lake City,Utah,Sunset Valley Medical Center,PO BOX 457,West,6/27/2025,surgery,Prudence Tassel,12,910-763-2906,dust,135
547,Walden,Hinder,whinderf6@nasa.gov,923-243-6530,111,85,Male,Mr,Single,2 Reindahl Circle,Phoenix,Nevada,Golden Hills Medical Center,165 MAIN ST,West,12/12/2024,aromatherapy,Walden Hinder,1000,229-884-6376,eggs,82
548,Ramon,Blencoe,rblencoef7@flavors.me,658-161-8553,92,145,Male,Mrs,Married,0 Sunnyside Plaza,Seattle,Alaska,Golden Gate Medical Center,PO BOX 1464,West,10/31/2024,herbal remedies,Ramon Blencoe,12,521-341-8090,pollen,59
549,Traver,Phinnis,tphinnisf8@pagesperso-orange.fr,832-324-8255,67,77,Male,Ms,Married,74295 John Wall Park,San Diego,California,Sunset Valley Medical Center,3350 BONNIE VIEW RD,West,1/20/2025,massage therapy,Traver Phinnis,0,661-730-8350,mold,28
550,Cal,O'Regan,coreganf9@addtoany.com,676-572-5158,87,142,Genderfluid,Ms,Single,788 Burrows Court,San Diego,New Mexico,Westside Community Hospital,510 HIGHWAY 51 N STE B,West,2/25/2025,chiropractic care,Cal O'Regan,0,447-356-2108,latex,83
551,Koenraad,Bridgens,kbridgensfa@elegantthemes.com,944-148-3542,64,59,Male,Miss,Married,0 Sachs Crossing,Salt Lake City,Oregon,Sierra Vista Regional Hospital,PO BOX 95000-8797,West,11/3/2024,chiropractic care,Koenraad Bridgens,4,789-997-4414,eggs,91
552,Daryle,Loreit,dloreitfb@xinhuanet.com,588-687-3844,96,97,Male,Miss,Widow,75 Buhler Way,Las Vegas,Alaska,Mountain View Medical Center,13903 NW 67TH AVE STE # 430,West,4/4/2025,medication,Daryle Loreit,0,302-515-3669,mold,87
553,Rodolphe,Bruckent,rbruckentfc@berkeley.edu,976-683-0275,84,124,Male,Mr,Married,7 Glendale Circle,San Francisco,Montana,Sunset Valley Medical Center,30 E 15TH ST SUITE 314,West,11/26/2024,massage therapy,Rodolphe Bruckent,1,278-246-9694,pollen,52
554,Lek,Quartly,lquartlyfd@irs.gov,180-210-8789,74,146,Male,Mrs,Single,4 David Avenue,Albuquerque,Oregon,Mountain View Medical Center,4714 GETTYSBURG RD,West,12/9/2024,herbal remedies,Lek Quartly,1000,813-136-2949,peanuts,41
555,Des,Martinek,dmartinekfe@ifeng.com,219-833-5923,43,34,Male,Mr,Single,48 Old Shore Hill,Phoenix,Wyoming,Pacific Coast Hospital,704 COLUMBIA HWY,West,9/17/2025,physical therapy,Des Martinek,365,632-606-1641,latex,89
556,Mason,Dunster,mdunsterff@ucsd.edu,881-327-6719,129,3,Male,Mrs,Single,119 Tennessee Drive,Albuquerque,Oregon,Pacific Coast Hospital,4757 DICKENS DR,West,12/1/2024,massage therapy,Mason Dunster,12,697-575-0529,dust,116
557,Leighton,Saint,lsaintfg@a8.net,688-175-3185,56,29,Male,Mr,Widow,55583 Reindahl Junction,San Diego,Montana,Mountain View Medical Center,PO BOX 277723,West,10/13/2025,chiropractic care,Leighton Saint,54,993-835-2108,grass,13
558,Harp,Camillo,hcamillofh@jalbum.net,115-324-3169,136,108,Male,Mr,Single,65 Buena Vista Way,Denver,Oregon,Sierra Vista Regional Hospital,PO BOX Z ,West,2/2/2025,homeopathy,Harp Camillo,12,443-689-7701,cats,27
559,Cobb,Deverock,cdeverockfi@harvard.edu,208-620-7992,93,55,Male,Mr,Widow,1583 Hazelcrest Junction,Los Angeles,Hawaii,Mountain View Medical Center,PO BOX 3400,West,5/8/2025,acupuncture,Cobb Deverock,365,247-724-9304,peanuts,140
560,Frederic,Nilges,fnilgesfj@umich.edu,758-659-8990,50,26,Male,Mr,Married,62 Schiller Parkway,Los Angeles,Alaska,Golden Hills Medical Center,PO BOX 15268,West,3/16/2025,acupuncture,Frederic Nilges,4,269-872-3082,latex,34
561,Gilberta,Bucktrout,gbucktroutfk@photobucket.com,171-287-6020,48,124,Female,Mrs,Single,2 International Trail,Phoenix,Alaska,Mountain View Medical Center,130 E COLONIAL DR,West,6/30/2025,herbal remedies,Gilberta Bucktrout,0,899-786-9324,penicillin,70
562,Cissy,McReidy,cmcreidyfl@digg.com,951-870-7399,75,64,Female,Miss,Widow,727 Mandrake Crossing,Portland,Nevada,Mountain View Medical Center,24701 EUCLID AVE 3RD FLOOR,West,8/24/2025,aromatherapy,Cissy McReidy,4,758-645-5065,mold,34
563,Daile,Arnal,darnalfm@weibo.com,718-738-0314,107,2,Female,Mr,Married,2960 Parkside Alley,Los Angeles,Alaska,Golden Gate Medical Center,815 N VIRGINIA ST,West,6/10/2025,acupuncture,Daile Arnal,1,645-668-9031,peanuts,126
564,Loraine,Canepe,lcanepefn@dropbox.com,644-295-4767,35,43,Female,Mr,Widow,549 Tennyson Terrace,Seattle,Arizona,Golden Hills Medical Center,95 MARTIN LUTHER KING JR DR,West,3/25/2025,surgery,Loraine Canepe,12,544-536-8653,latex,99
565,Salaidh,Dunstan,sdunstanfo@indiegogo.com,260-228-6544,138,15,Female,Ms,Single,962 Hovde Avenue,San Francisco,Montana,Golden Hills Medical Center,PO BOX 551,West,7/1/2025,chiropractic care,Salaidh Dunstan,0,800-742-1251,cats,50
566,Walton,Kalderon,wkalderonfp@tiny.cc,920-475-2337,61,137,Genderfluid,Mrs,Widow,78 Kingsford Terrace,San Francisco,Colorado,Pacific Coast Hospital,303 PARKWAY DR NE,West,4/22/2025,herbal remedies,Walton Kalderon,1000,865-100-1205,peanuts,46
567,Margi,Capehorn,mcapehornfq@smh.com.au,173-688-9655,106,47,Female,Mr,Widow,2024 Fairview Alley,San Francisco,California,Sierra Vista Regional Hospital,1 HURLEY PLZ,West,11/7/2024,aromatherapy,Margi Capehorn,4,144-487-1096,mold,89
568,Allan,Kearney,akearneyfr@sakura.ne.jp,148-162-3314,69,41,Male,Mrs,Widow,6 Hansons Road,Salt Lake City,Colorado,Golden Gate Medical Center,1700 MEDICAL WAY,West,6/23/2025,hypnotherapy,Allan Kearney,54,139-687-9770,pollen,104
569,Remington,Ruffli,rrufflifs@accuweather.com,762-446-3036,84,139,Male,Mrs,Single,1 Lien Hill,Salt Lake City,California,Sierra Vista Regional Hospital,1800 BRONSON BLVD,West,5/6/2025,herbal remedies,Remington Ruffli,4,855-946-5688,eggs,4
570,Rosalind,Harburtson,rharburtsonft@about.com,423-850-2011,130,65,Female,Mr,Widow,904 Roxbury Parkway,Las Vegas,Alaska,Golden Hills Medical Center,3905 HEDGCOXE RD UNIT 250249,West,9/28/2025,homeopathy,Rosalind Harburtson,4,972-693-3014,dust,149
571,Jarvis,O'Mullaney,jomullaneyfu@alexa.com,194-783-8873,89,59,Male,Mr,Widow,0 Pond Drive,Portland,Nevada,Pacific Coast Hospital,3857 RELIABLE PARKWAY FLOYD MEMORIAL HOSP & HEALTH SVC URGENT CARE CTR C RD,West,12/5/2024,chiropractic care,Jarvis O'Mullaney,1000,582-961-1614,penicillin,136
572,Vivia,Waszkiewicz,vwaszkiewiczfv@adobe.com,145-312-6307,129,46,Bigender,Mr,Single,62632 Autumn Leaf Junction,Salt Lake City,Utah,Golden Gate Medical Center,1001 E 2ND ST,West,5/7/2025,surgery,Vivia Waszkiewicz,0,544-311-7523,peanuts,48
573,Emalee,Kemble,ekemblefw@discuz.net,215-515-7039,89,67,Female,Miss,Widow,8780 Westend Court,Los Angeles,Hawaii,Sunset Valley Medical Center,1406 6TH AVE N,West,4/30/2025,surgery,Emalee Kemble,4,388-517-3009,shellfish,96
574,Forster,Ivanilov,fivanilovfx@thetimes.co.uk,996-617-2127,147,21,Male,Ms,Single,02094 Lukken Plaza,Portland,Oregon,Golden Gate Medical Center,175 S. UNION BLVD 255,West,4/13/2025,chiropractic care,Forster Ivanilov,12,824-537-4397,penicillin,75
575,Guglielma,Blackmore,gblackmorefy@about.com,541-561-9761,48,145,Female,Miss,Married,0674 Golf Plaza,Denver,Wyoming,Sunshine Valley Hospital,PO BOX 505673,West,3/1/2025,acupuncture,Guglielma Blackmore,1000,164-405-8046,dust,33
576,Rance,Leuty,rleutyfz@amazon.co.uk,386-122-2319,24,37,Male,Ms,Single,31929 Sundown Center,Denver,California,Golden Hills Medical Center,7527 ULMERTON RD,West,5/15/2025,medication,Rance Leuty,1,962-421-0255,eggs,99
577,Idaline,Tidridge,itidridgeg0@google.com.br,515-276-4855,92,50,Female,Mrs,Widow,164 Golf View Crossing,Los Angeles,Colorado,Sunset Valley Medical Center,4501 BROADWAY BLVD,West,9/30/2025,hypnotherapy,Idaline Tidridge,1000,781-950-1383,dust,22
578,Armin,Bendix,abendixg1@e-recht24.de,465-363-7952,136,120,Male,Ms,Married,31454 Esch Drive,Los Angeles,California,Oceanview General Hospital,75 FRANCIS STREET BWH DEPARTMENT OF OBSTETRICS AND GYNECOLOGY,West,5/11/2025,physical therapy,Armin Bendix,54,125-557-1634,cats,142
579,Brianna,Plumstead,bplumsteadg2@twitpic.com,480-138-6364,70,108,Female,Mr,Married,560 Bowman Hill,San Francisco,Washington,Sierra Vista Regional Hospital,1623 NASHVILLE ST SUITE 105,West,5/3/2025,hypnotherapy,Brianna Plumstead,-1,859-570-1105,eggs,82
580,Blanche,Barhams,bbarhamsg3@marketwatch.com,108-150-5358,70,69,Female,Ms,Widow,31707 Mendota Point,San Francisco,Utah,Pacific Coast Hospital,11929 I-10 EAST FWY STE A,West,10/4/2025,surgery,Blanche Barhams,1,998-435-2482,penicillin,143
581,Merissa,Wanley,mwanleyg4@posterous.com,877-462-3847,44,96,Female,Mrs,Widow,21 Declaration Park,Las Vegas,Montana,Sierra Vista Regional Hospital,516 E BOUGHTON RD,West,11/8/2024,surgery,Merissa Wanley,365,327-445-9340,mold,28
582,Shari,Melan,smelang5@google.de,674-609-0012,116,114,Female,Ms,Widow,68995 Stang Point,Los Angeles,New Mexico,Coastal Breeze Hospital,PO BOX 8500 LOCKBOX #7642,West,6/13/2025,acupuncture,Shari Melan,0,304-728-5952,cats,18
583,Van,Pepler,vpeplerg6@economist.com,837-276-0153,50,113,Male,Miss,Married,5225 Hintze Court,Albuquerque,Arizona,Sunset Valley Medical Center,166 W LEHIGH AVE SUITE 102,West,1/10/2025,medication,Van Pepler,1000,626-550-6912,pollen,47
584,Leeland,Dallman,ldallmang7@sbwire.com,578-956-2838,123,67,Male,Mr,Married,89174 Russell Way,Denver,Arizona,Mountain View Medical Center,PO BOX 2587,West,11/20/2024,homeopathy,Leeland Dallman,1000,268-263-4786,penicillin,98
585,Ximenes,Guyonneau,xguyonneaug8@buzzfeed.com,322-531-0150,51,71,Male,Miss,Single,5 Kensington Way,Las Vegas,California,Pacific Coast Hospital,1859 VAN BUREN ST 2ND FL,West,5/8/2025,herbal remedies,Ximenes Guyonneau,1000,586-757-0134,eggs,81
586,Cleavland,Jacob,cjacobg9@un.org,126-220-1999,128,20,Male,Mr,Widow,6 Sunnyside Lane,Los Angeles,Colorado,Sunshine Valley Hospital,PO BOX 1520,West,3/5/2025,acupuncture,Cleavland Jacob,-1,350-243-2360,peanuts,66
587,Darwin,Pummery,dpummeryga@biblegateway.com,271-217-1623,4,2,Male,Mr,Widow,6959 Elgar Parkway,Phoenix,Nevada,Sierra Vista Regional Hospital,7329 FANNIN VA DOMICILIARY,West,7/1/2025,aromatherapy,Darwin Pummery,-1,783-660-9803,eggs,64
588,Wilek,Eveleigh,weveleighgb@theatlantic.com,949-442-5932,96,91,Male,Miss,Widow,602 Cascade Alley,Las Vegas,Arizona,Pacific Coast Hospital,3934 DIXIE HWY STE 346,West,8/28/2025,medication,Wilek Eveleigh,12,985-967-8712,latex,27
589,Trever,Olifard,tolifardgc@wordpress.com,601-795-0514,19,15,Male,Miss,Widow,142 Ruskin Hill,Seattle,Arizona,Sierra Vista Regional Hospital,380 RIVERWAY APT 4,West,10/24/2025,medication,Trever Olifard,1,134-151-7577,eggs,78
590,Ursulina,Stoakes,ustoakesgd@jimdo.com,195-905-3066,86,89,Genderqueer,Mrs,Single,15 Rieder Road,Portland,Idaho,Sunset Valley Medical Center,208 COLUMBUS ST,West,3/3/2025,massage therapy,Ursulina Stoakes,-1,703-174-4840,grass,8
591,Hendrik,Naptine,hnaptinege@kickstarter.com,803-480-5646,64,77,Male,Mrs,Married,224 Artisan Avenue,San Diego,Nevada,Sunshine Valley Hospital,760 HOSPITAL CIR,West,2/14/2025,aromatherapy,Hendrik Naptine,54,170-325-2509,penicillin,65
592,Joline,Simpole,jsimpolegf@disqus.com,432-829-5256,115,70,Female,Mrs,Single,35001 Continental Circle,Salt Lake City,Arizona,Westside Community Hospital,2000 N DEWEY AVE,West,11/11/2024,herbal remedies,Joline Simpole,-1,587-999-6752,grass,129
593,Deny,de Aguirre,ddegg@biglobe.ne.jp,926-952-0663,111,37,Female,Mrs,Single,2391 Esch Place,Seattle,Oregon,Sunset Valley Medical Center,PO BOX 24789,West,8/7/2025,chiropractic care,Deny de Aguirre,4,424-301-7917,latex,37
594,Bron,Pitson,bpitsongh@go.com,923-936-1393,8,70,Male,Mr,Widow,80 Northwestern Plaza,Denver,Colorado,Pacific Coast Hospital,711 N TAYLOR ST,West,9/16/2025,aromatherapy,Bron Pitson,1000,970-619-2181,mold,66
595,Arnoldo,Spearman,aspearmangi@wsj.com,411-624-0422,18,60,Male,Mrs,Married,985 Aberg Circle,Albuquerque,Colorado,Mountain View Medical Center,PO BOX 548,West,9/21/2025,physical therapy,Arnoldo Spearman,-1,127-650-5019,grass,89
596,Trefor,Sharvell,tsharvellgj@bloglovin.com,800-259-1561,40,29,Male,Ms,Married,0 New Castle Alley,Las Vegas,New Mexico,Coastal Breeze Hospital,403 BURKARTH RD,West,5/31/2025,homeopathy,Trefor Sharvell,-1,874-969-2159,pollen,33
597,Pat,Ovendale,povendalegk@nbcnews.com,349-509-2736,135,55,Male,Ms,Widow,23 4th Junction,Albuquerque,Washington,Westside Community Hospital,PO BOX 842022,West,1/15/2025,herbal remedies,Pat Ovendale,365,554-742-3836,shellfish,4
598,Stephen,Hug,shuggl@prnewswire.com,702-947-7827,145,132,Male,Mr,Single,197 Hudson Court,San Francisco,Wyoming,Mountain View Medical Center,420 W HIGH ST,West,7/20/2025,massage therapy,Stephen Hug,1000,981-789-2723,mold,54
599,Norbie,MacKeogh,nmackeoghgm@last.fm,210-731-0295,77,121,Male,Miss,Single,43 Anthes Hill,Salt Lake City,Montana,Oceanview General Hospital,GREENSPRING & BELVEDERE ,West,5/18/2025,hypnotherapy,Norbie MacKeogh,54,447-714-5701,eggs,60
600,Harriott,Goalley,hgoalleygn@365mail.co.uk,438-813-1989,127,132,Female,Miss,Single,7149 Coleman Place,Seattle,Colorado,Sunset Valley Medical Center,PO BOX 1879,West,8/30/2025,acupuncture,Harriott Goalley,4,325-653-6634,grass,82
601,Giacobo,Topling,gtoplinggo@csmonitor.com,712-291-3209,92,72,Male,Ms,Widow,8977 Continental Center,San Diego,California,Mountain View Medical Center,PO BOX 1410,West,5/18/2025,chiropractic care,Giacobo Topling,54,552-832-6859,shellfish,57
602,Conan,Stiebler,cstieblergp@xrea.com,194-900-5631,50,55,Male,Ms,Married,358 Westridge Court,Seattle,Oregon,Sierra Vista Regional Hospital,3500 S 4TH ST,West,11/21/2024,aromatherapy,Conan Stiebler,0,596-873-6141,dust,49
603,Scarlet,Bruyntjes,sbruyntjesgq@free.fr,266-771-0470,7,85,Non-binary,Ms,Widow,36 Hoffman Junction,Los Angeles,California,Sunshine Valley Hospital,26901 BEAUMONT BLVD,West,5/4/2025,homeopathy,Scarlet Bruyntjes,54,174-768-9274,peanuts,36
604,Marjory,Garter,mgartergr@freewebs.com,670-330-6214,109,86,Female,Miss,Widow,806 Service Court,Los Angeles,Wyoming,Mountain View Medical Center,100 HOSPITAL AVE,West,11/30/2024,homeopathy,Marjory Garter,12,556-855-3362,eggs,112
605,Hendrika,Haughan,hhaughangs@meetup.com,924-479-5644,46,125,Female,Mrs,Single,2927 Sommers Park,Albuquerque,Arizona,Golden Hills Medical Center,PO BOX 34625,West,1/21/2025,physical therapy,Hendrika Haughan,1,965-862-7171,dust,30
606,Phillipe,Bulward,pbulwardgt@fema.gov,692-625-6026,8,89,Male,Miss,Single,54302 Warbler Terrace,Salt Lake City,California,Westside Community Hospital,150 BERGEN ST,West,7/14/2025,aromatherapy,Phillipe Bulward,-1,679-814-8892,pollen,62
607,Thorstein,Vlasin,tvlasingu@bigcartel.com,144-883-4293,83,143,Male,Miss,Married,144 Center Lane,Phoenix,Montana,Mountain View Medical Center,PO BOX 219,West,12/28/2024,massage therapy,Thorstein Vlasin,12,228-268-4540,cats,28
608,Ed,Tombleson,etomblesongv@1688.com,966-297-8893,84,143,Male,Mrs,Married,36 Waubesa Road,Albuquerque,Colorado,Mountain View Medical Center,3 CENTURY AVE SE,West,5/15/2025,massage therapy,Ed Tombleson,0,916-416-3833,cats,11
609,Sorcha,Cowsby,scowsbygw@nasa.gov,209-456-0999,116,125,Female,Mr,Single,6170 Vera Avenue,Portland,Colorado,Sunset Valley Medical Center,2504 MONROE ST,West,12/30/2024,herbal remedies,Sorcha Cowsby,12,472-565-8921,grass,61
610,Arri,Lendrem,alendremgx@economist.com,687-103-8551,97,73,Male,Miss,Married,7 Shasta Trail,San Diego,Washington,Sunshine Valley Hospital,2901 N CENTRAL AVE STE 160,West,8/30/2025,medication,Arri Lendrem,4,294-175-1848,penicillin,66
611,Frank,Luckey,fluckeygy@amazonaws.com,871-433-8551,44,38,Genderqueer,Mrs,Married,8819 Sachtjen Court,Portland,New Mexico,Mountain View Medical Center,300 N PATTERSON RD PO BOX 75,West,5/12/2025,acupuncture,Frank Luckey,-1,708-141-4874,cats,109
612,Kennett,Firks,kfirksgz@simplemachines.org,870-961-4609,136,72,Male,Ms,Widow,0411 Sage Avenue,Las Vegas,Alaska,Golden Gate Medical Center,2300 HOSPITAL DR SUITE 200,West,11/21/2024,physical therapy,Kennett Firks,1,352-294-5851,shellfish,65
613,Koressa,Piris,kpirish0@patch.com,317-474-7348,37,132,Female,Miss,Single,08996 Warbler Avenue,Salt Lake City,Arizona,Sierra Vista Regional Hospital,1212 WEBER ROAD,West,7/19/2025,surgery,Koressa Piris,0,689-117-5226,grass,131
614,Reina,Mintoft,rmintofth1@ifeng.com,744-702-0494,48,134,Female,Ms,Single,6 American Ash Pass,Albuquerque,Colorado,Mountain View Medical Center,26834 LAWRENCE,West,11/7/2024,herbal remedies,Reina Mintoft,-1,626-825-1600,peanuts,137
615,Jonas,Gelling,jgellingh2@google.co.jp,113-384-3447,27,89,Male,Miss,Widow,478 Oakridge Trail,Salt Lake City,Nevada,Golden Gate Medical Center,PO BOX 1477,West,8/29/2025,hypnotherapy,Jonas Gelling,-1,626-501-7204,pollen,65
616,Petronia,Siddens,psiddensh3@163.com,247-568-0569,145,87,Female,Ms,Single,2118 Kedzie Street,Las Vegas,Washington,Sierra Vista Regional Hospital,606 DENBIGH BLVD SUITE 800,West,9/23/2025,aromatherapy,Petronia Siddens,4,713-954-8360,dust,17
617,Annabel,McCurley,amccurleyh4@statcounter.com,297-616-1928,146,144,Female,Ms,Single,03793 Main Crossing,Salt Lake City,Wyoming,Sunset Valley Medical Center,275 NORTH ST,West,4/20/2025,homeopathy,Annabel McCurley,4,345-393-0754,latex,136
618,Rafaellle,Burghill,rburghillh5@lulu.com,240-608-1509,11,81,Male,Mr,Married,9134 Blackbird Circle,Seattle,New Mexico,Westside Community Hospital,PO BOX 885904,West,9/25/2025,chiropractic care,Rafaellle Burghill,4,475-753-5628,penicillin,51
619,Katleen,Giff,kgiffh6@umn.edu,914-492-5745,20,86,Non-binary,Miss,Widow,3068 Milwaukee Point,Las Vegas,Idaho,Golden Hills Medical Center,124 SW ADAMS ST,West,4/12/2025,medication,Katleen Giff,-1,659-571-3363,penicillin,5
620,Oswell,Ccomini,occominih7@examiner.com,707-645-0966,46,121,Male,Miss,Married,4 Mitchell Street,Salt Lake City,Colorado,Westside Community Hospital,601 N 30TH ST,West,5/3/2025,hypnotherapy,Oswell Ccomini,-1,459-202-2760,grass,77
621,Mady,Stute,mstuteh8@pcworld.com,958-346-5497,118,127,Female,Ms,Widow,7243 Pine View Avenue,San Francisco,Washington,Oceanview General Hospital,6401 PATTERSON PKWY,West,11/29/2024,chiropractic care,Mady Stute,1,891-878-8556,pollen,73
622,Jeffy,Staig,jstaigh9@reddit.com,533-358-4670,29,146,Male,Miss,Widow,3 Old Shore Road,San Diego,Utah,Oceanview General Hospital,4545 E CHANDLER BLVD SUITE 201,West,9/27/2025,massage therapy,Jeffy Staig,0,589-743-2389,latex,66
623,Tim,Haucke,thauckeha@dot.gov,843-766-8993,17,117,Male,Mr,Single,410 Vahlen Way,Denver,California,Westside Community Hospital,190 FOREST KNOLLS DR,West,5/24/2025,massage therapy,Tim Haucke,0,323-992-1139,cats,132
624,Kariotta,Predohl,kpredohlhb@engadget.com,967-664-8159,77,56,Non-binary,Mr,Widow,8204 Cordelia Junction,Phoenix,New Mexico,Coastal Breeze Hospital,5300 W SAM HOUSTON PKWY N SUITE 100,West,3/10/2025,massage therapy,Kariotta Predohl,0,341-561-8890,mold,28
625,Ezechiel,Pilmoor,epilmoorhc@xinhuanet.com,844-882-9210,14,44,Male,Miss,Single,18 Lakewood Gardens Avenue,Portland,Hawaii,Golden Hills Medical Center,1340 HAL GREER BLVD,West,8/21/2025,aromatherapy,Ezechiel Pilmoor,-1,770-545-2023,dust,34
626,Kane,Simkovitz,ksimkovitzhd@hp.com,254-110-8097,1,35,Male,Miss,Widow,1 Rockefeller Trail,Phoenix,Colorado,Sierra Vista Regional Hospital,1718 VETERANS MEMORIAL PKWY SUITE C,West,9/19/2025,medication,Kane Simkovitz,4,649-422-8733,cats,107
627,Malachi,Sarge,msargehe@netlog.com,910-373-2193,15,134,Male,Miss,Single,39 Bonner Avenue,San Diego,California,Sunset Valley Medical Center,PO BOX 19305,West,8/19/2025,surgery,Malachi Sarge,54,480-352-2545,cats,52
628,Almeta,Penhaligon,apenhaligonhf@moonfruit.com,629-880-5824,134,147,Female,Miss,Widow,7107 Pawling Pass,San Diego,Utah,Golden Gate Medical Center,10905 MEMORIAL HERMANN DR STE 200,West,9/19/2025,surgery,Almeta Penhaligon,-1,634-263-8046,grass,53
629,Magnum,Thumnel,mthumnelhg@weather.com,645-159-3245,145,44,Male,Mr,Married,45585 Forest Dale Drive,Albuquerque,Wyoming,Westside Community Hospital,111 CLIFTON AVE,West,7/26/2025,massage therapy,Magnum Thumnel,1,955-548-9658,pollen,77
630,Ernst,Dickie,edickiehh@51.la,336-886-9069,18,28,Male,Ms,Married,8967 Melvin Street,Denver,Arizona,Sunshine Valley Hospital,PO BOX 191227,West,5/23/2025,chiropractic care,Ernst Dickie,365,898-159-4854,grass,86
631,Danika,Currington,dcurringtonhi@google.de,937-951-6715,36,75,Female,Ms,Single,41180 Mesta Terrace,Salt Lake City,Arizona,Sunshine Valley Hospital,11 RIVERGLEN LN STE 150,West,5/30/2025,surgery,Danika Currington,1,507-903-9087,pollen,66
632,Mallory,Luisetti,mluisettihj@ezinearticles.com,750-292-2357,84,56,Female,Miss,Single,40133 Rockefeller Point,Portland,Washington,Golden Gate Medical Center,1346 SW 3RD CT,West,3/26/2025,surgery,Mallory Luisetti,-1,174-192-6859,shellfish,73
633,Verney,Durak,vdurakhk@creativecommons.org,475-247-1152,79,67,Male,Mrs,Widow,5 Sugar Plaza,Salt Lake City,Nevada,Coastal Breeze Hospital,PO BOX 10100 CODE 0820 NAVAL HOSPITAL CAMP LEJEUNE,West,10/20/2025,herbal remedies,Verney Durak,-1,883-229-3972,latex,133
634,Melodie,Ibel,mibelhl@mysql.com,365-773-7535,82,16,Female,Ms,Married,962 Manufacturers Court,Las Vegas,Alaska,Sierra Vista Regional Hospital,1125 W JEFFERSON ST,West,1/9/2025,chiropractic care,Melodie Ibel,-1,817-308-3474,grass,118
635,Barbette,Rotherham,brotherhamhm@berkeley.edu,544-373-6017,78,65,Female,Miss,Widow,3 Hoepker Point,Denver,Arizona,Sunset Valley Medical Center,PO BOX 97,West,4/3/2025,medication,Barbette Rotherham,0,274-456-9701,peanuts,28
636,Nilson,Gillespey,ngillespeyhn@yahoo.co.jp,518-866-0210,115,52,Male,Mr,Widow,62 Johnson Road,Los Angeles,Alaska,Pacific Coast Hospital,1214 COOLIDGE BLVD,West,4/29/2025,homeopathy,Nilson Gillespey,0,514-599-7463,eggs,131
637,Arny,Franzen,afranzenho@com.com,274-510-1744,9,94,Male,Mrs,Single,4 Lakewood Court,Las Vegas,Alaska,Oceanview General Hospital,1902 S I H 35,West,10/23/2025,physical therapy,Arny Franzen,12,774-441-8464,dust,140
638,Stillmann,Shields,sshieldshp@apple.com,980-274-8486,5,137,Non-binary,Miss,Married,72017 Glacier Hill Alley,Portland,Montana,Mountain View Medical Center,725 S ORANGE AVE,West,12/26/2024,medication,Stillmann Shields,12,333-418-1865,mold,71
639,Tabby,Tubb,ttubbhq@sitemeter.com,290-906-3225,60,17,Male,Miss,Married,0085 Sunbrook Junction,San Francisco,Montana,Pacific Coast Hospital,4714 GETTYSBURG RD LEGAL DPT,West,2/24/2025,aromatherapy,Tabby Tubb,1000,190-557-2387,shellfish,23
640,Caryn,Biggar,cbiggarhr@businessinsider.com,740-323-6100,87,6,Female,Mr,Single,68152 Eliot Lane,Phoenix,Nevada,Westside Community Hospital,528 WASHINGTON HWY,West,3/10/2025,homeopathy,Caryn Biggar,1,458-151-3943,peanuts,135
641,Camella,Hukin,chukinhs@eventbrite.com,919-536-3535,63,89,Female,Ms,Single,5478 Merchant Parkway,Los Angeles,Washington,Golden Gate Medical Center,1200 PLEASANT ST ROOM SOUTH 236,West,7/11/2025,homeopathy,Camella Hukin,-1,302-869-7889,pollen,85
642,Amble,Leech,aleechht@surveymonkey.com,992-317-3026,12,2,Bigender,Ms,Widow,0326 Corscot Trail,San Francisco,Montana,Pacific Coast Hospital,PO BOX 602734,West,5/2/2025,surgery,Amble Leech,1000,404-826-8159,dust,16
643,Kellen,Mattke,kmattkehu@google.ca,516-537-7176,51,11,Male,Miss,Widow,07 Marquette Plaza,Portland,Oregon,Mountain View Medical Center,PO BOX 1410,West,12/20/2024,homeopathy,Kellen Mattke,1,894-147-4925,shellfish,124
644,Rheta,Lyfe,rlyfehv@go.com,243-799-4523,97,63,Female,Ms,Married,5738 Manitowish Center,Phoenix,Montana,Golden Gate Medical Center,2901 N CENTRAL AVE STE 160,West,8/15/2025,homeopathy,Rheta Lyfe,1,872-141-6287,latex,140
645,Katerina,Crosthwaite,kcrosthwaitehw@dropbox.com,324-626-1006,80,123,Female,Mrs,Widow,4530 Sherman Circle,Los Angeles,Oregon,Coastal Breeze Hospital,816 W 4TH ST,West,4/13/2025,herbal remedies,Katerina Crosthwaite,4,627-212-6343,latex,102
646,Aretha,Grogono,agrogonohx@ed.gov,900-352-2455,6,89,Female,Ms,Single,17701 Caliangt Court,Los Angeles,California,Pacific Coast Hospital,2900 CORPORATE WAY DOOR D,West,9/11/2025,massage therapy,Aretha Grogono,1000,226-836-6795,pollen,121
647,Quintina,Aldgate,qaldgatehy@google.nl,373-257-2830,120,149,Female,Ms,Single,6829 Heffernan Lane,Portland,Idaho,Golden Hills Medical Center,20555 VICTOR PKWY,West,10/31/2024,surgery,Quintina Aldgate,1000,668-715-1387,eggs,81
648,Filia,Hitcham,fhitchamhz@imgur.com,687-609-9137,30,59,Female,Miss,Married,47 Bartillon Plaza,Phoenix,Montana,Oceanview General Hospital,PO BOX 407,West,5/15/2025,herbal remedies,Filia Hitcham,-1,612-151-6196,penicillin,34
649,Teodoor,Sedworth,tsedworthi0@marriott.com,276-443-4381,89,100,Male,Miss,Widow,0941 Rockefeller Plaza,San Diego,Idaho,Sierra Vista Regional Hospital,593 EDDY ST MAIN 4,West,11/30/2024,chiropractic care,Teodoor Sedworth,0,926-791-0069,peanuts,122
650,Marris,Ritelli,mritellii1@cocolog-nifty.com,432-544-2348,119,50,Female,Ms,Widow,6 Hoard Alley,Salt Lake City,Hawaii,Mountain View Medical Center,120 RIVERVIEW ST,West,6/9/2025,herbal remedies,Marris Ritelli,0,295-763-8980,latex,30
651,Jedidiah,Maliffe,jmaliffei2@irs.gov,390-290-4694,5,101,Male,Mrs,Widow,668 Stone Corner Park,Salt Lake City,Nevada,Golden Hills Medical Center,1200 PLEASANT ST,West,12/8/2024,surgery,Jedidiah Maliffe,0,395-389-3251,shellfish,93
652,Ethelin,Putton,eputtoni3@alexa.com,791-180-3003,117,106,Female,Mrs,Widow,5 Farwell Drive,Seattle,Idaho,Westside Community Hospital,209 FORTY MILE AVE,West,10/17/2025,acupuncture,Ethelin Putton,12,856-233-6362,latex,15
653,Rachelle,Schimon,rschimoni4@statcounter.com,544-157-7408,57,92,Female,Miss,Married,5762 Shopko Park,Albuquerque,Arizona,Oceanview General Hospital,167 W 23RD ST,West,7/23/2025,homeopathy,Rachelle Schimon,365,379-859-6306,pollen,98
654,Persis,MacKniely,pmacknielyi5@free.fr,629-847-8669,66,94,Female,Mr,Single,5370 Sullivan Way,Los Angeles,Utah,Mountain View Medical Center,1600 HADDON AVE,West,4/26/2025,massage therapy,Persis MacKniely,12,250-187-3685,shellfish,13
655,Selig,Hartop,shartopi6@bbc.co.uk,216-648-9278,19,127,Male,Miss,Married,70 Veith Trail,Los Angeles,Hawaii,Westside Community Hospital,79 W CENTRAL AVE STE 2,West,12/29/2024,physical therapy,Selig Hartop,-1,245-241-8606,grass,113
656,Claire,Menilove,cmenilovei7@yandex.ru,660-405-9002,59,104,Male,Miss,Widow,25 Mitchell Junction,Albuquerque,Colorado,Sierra Vista Regional Hospital,330 SEVEN SPRINGS WAY,West,11/21/2024,hypnotherapy,Claire Menilove,-1,866-435-0289,mold,38
657,Kerby,Sisley,ksisleyi8@npr.org,139-283-2166,119,47,Male,Ms,Widow,7486 Maple Terrace,Las Vegas,New Mexico,Oceanview General Hospital,622 W 168TH ST DEPARTMENT OF PEDIATRICS - CHN5-517,West,1/11/2025,massage therapy,Kerby Sisley,1,433-715-8109,latex,62
658,Keary,Venditto,kvendittoi9@creativecommons.org,924-632-0188,51,75,Male,Miss,Single,960 Fairfield Park,Salt Lake City,Nevada,Mountain View Medical Center,808 VARSITY DR,West,8/13/2025,homeopathy,Keary Venditto,4,134-275-8040,latex,116
659,Hamel,Miche,hmicheia@github.io,768-949-4859,12,90,Agender,Ms,Widow,39 Forest Junction,San Diego,Washington,Sunset Valley Medical Center,PO BOX 743070,West,11/22/2024,massage therapy,Hamel Miche,1000,963-507-4944,mold,102
660,Melessa,Marti,mmartiib@symantec.com,836-592-1713,88,124,Female,Mrs,Single,455 Cherokee Way,Phoenix,Idaho,Sierra Vista Regional Hospital,1600 S. 20TH AVE BLDG. E,West,5/5/2025,homeopathy,Melessa Marti,0,473-411-1272,latex,128
661,Erick,Ottiwill,eottiwillic@is.gd,311-785-1717,58,64,Male,Mrs,Single,2 Carioca Alley,Salt Lake City,Hawaii,Sierra Vista Regional Hospital,PO BOX 645996,West,1/8/2025,homeopathy,Erick Ottiwill,0,979-599-9544,shellfish,130
662,Marcel,Patzelt,mpatzeltid@ifeng.com,985-658-7860,125,133,Male,Ms,Married,83 Clemons Parkway,Phoenix,Hawaii,Westside Community Hospital,PO BOX 78866,West,9/9/2025,surgery,Marcel Patzelt,1000,345-303-9227,pollen,5
663,Trula,Cicci,tcicciie@sbwire.com,287-793-3620,19,61,Female,Mrs,Married,08 Arkansas Junction,San Francisco,Idaho,Westside Community Hospital,1125 W JEFFERSON ST,West,3/4/2025,physical therapy,Trula Cicci,0,112-400-1552,eggs,117
664,Janice,MacClure,jmacclureif@hud.gov,327-411-7541,93,66,Female,Ms,Married,179 Eastwood Circle,San Francisco,Hawaii,Sunshine Valley Hospital,1441 N 12TH ST,West,7/27/2025,surgery,Janice MacClure,0,731-344-5324,shellfish,126
665,Elroy,MacIlory,emaciloryig@psu.edu,515-365-2711,96,45,Male,Ms,Single,5 Calypso Trail,Salt Lake City,Wyoming,Mountain View Medical Center,5800 3RD AVE LUTHERAN MEDICAL CENTER-MANAGED CARE DEPT,West,9/14/2025,herbal remedies,Elroy MacIlory,0,788-606-7992,dust,48
666,Nissa,Blesdill,nblesdillih@mozilla.org,918-165-1840,119,52,Female,Miss,Married,2539 Fulton Center,Seattle,California,Pacific Coast Hospital,PO BOX 741515,West,8/25/2025,physical therapy,Nissa Blesdill,12,544-758-5234,dust,144
667,Mimi,Dewdeny,mdewdenyii@cloudflare.com,720-723-2751,24,112,Female,Miss,Single,89447 Northfield Court,Seattle,California,Sierra Vista Regional Hospital,330 SEVEN SPRINGS WAY,West,7/6/2025,aromatherapy,Mimi Dewdeny,12,327-863-3464,eggs,145
668,Dannel,Goodall,dgoodallij@netlog.com,965-815-6789,17,59,Male,Ms,Widow,6 Boyd Pass,Salt Lake City,Washington,Golden Gate Medical Center,P.O. BOX 1201,West,6/14/2025,acupuncture,Dannel Goodall,-1,330-768-0295,mold,127
669,Auberta,Vaskin,avaskinik@aol.com,942-252-6523,66,8,Female,Mr,Married,5 Lawn Crossing,Salt Lake City,Montana,Coastal Breeze Hospital,311 PRINCETON RD STE 1,West,6/6/2025,hypnotherapy,Auberta Vaskin,1,515-966-8863,mold,16
670,Laurel,Yude,lyudeil@networksolutions.com,911-944-9879,78,115,Female,Miss,Married,8786 Ridgeview Terrace,Los Angeles,Montana,Westside Community Hospital,8175 RELIABLE PKWY,West,2/15/2025,hypnotherapy,Laurel Yude,4,518-745-5351,latex,119
671,Maudie,Sinderson,msindersonim@mapy.cz,151-676-9276,36,6,Genderqueer,Mrs,Married,59 Sherman Way,Los Angeles,New Mexico,Sunshine Valley Hospital,PO BOX 741282,West,12/15/2024,surgery,Maudie Sinderson,1,432-865-6041,shellfish,120
672,Kearney,Melladew,kmelladewin@nsw.gov.au,443-233-5940,133,47,Male,Mrs,Widow,27 Sundown Terrace,Salt Lake City,Arizona,Westside Community Hospital,120 BABCOCK ST APT 21A,West,10/22/2025,medication,Kearney Melladew,4,247-746-6241,cats,102
673,Johnathan,Kernar,jkernario@quantcast.com,945-224-1547,7,93,Male,Miss,Single,5 Burrows Road,Seattle,Hawaii,Sunset Valley Medical Center,1600 N. MAIN AVE.,West,9/18/2025,hypnotherapy,Johnathan Kernar,54,928-894-2565,pollen,51
674,Katrine,Ayliffe,kayliffeip@jalbum.net,992-489-7625,126,19,Female,Mr,Widow,2 Bultman Pass,Phoenix,Oregon,Golden Gate Medical Center,100 HOYLMAN DR,West,6/15/2025,herbal remedies,Katrine Ayliffe,-1,393-441-9286,shellfish,13
675,Livvy,Lafaye,llafayeiq@harvard.edu,495-154-2127,142,76,Female,Miss,Widow,47938 Fulton Circle,Albuquerque,Nevada,Mountain View Medical Center,26901 BEAUMONT BLVD COMPLIANCE,West,2/6/2025,physical therapy,Livvy Lafaye,1,917-612-9903,latex,51
676,Cobbie,Banister,cbanisterir@fda.gov,905-386-4200,119,118,Male,Mrs,Single,08416 Bayside Point,Albuquerque,Utah,Westside Community Hospital,PO BOX 402375,West,4/6/2025,aromatherapy,Cobbie Banister,1,650-543-6648,latex,69
677,Raphaela,Fermoy,rfermoyis@dmoz.org,654-400-4228,36,124,Female,Ms,Married,45722 Bartillon Point,Seattle,Colorado,Westside Community Hospital,707 ROLAND ST,West,3/4/2025,physical therapy,Raphaela Fermoy,1000,170-264-0521,pollen,84
678,Elden,Askin,easkinit@goo.ne.jp,400-650-9266,150,120,Male,Mr,Married,5 Ludington Road,Portland,Washington,Golden Hills Medical Center,PO BOX 399,West,3/17/2025,medication,Elden Askin,1,137-388-7061,dust,140
679,Lind,Roan,lroaniu@amazon.com,448-201-6838,136,104,Male,Miss,Single,43 Merrick Circle,Albuquerque,Oregon,Mountain View Medical Center,177 WHITE PLAINS RD APT 35A,West,7/17/2025,aromatherapy,Lind Roan,0,818-599-1560,latex,70
680,Nada,Coleshill,ncoleshilliv@moonfruit.com,301-548-8602,140,90,Female,Mrs,Married,4849 Lotheville Street,San Diego,Hawaii,Pacific Coast Hospital,95 SOMERVILLE RD,West,5/8/2025,chiropractic care,Nada Coleshill,4,397-341-2896,eggs,39
681,Silva,McCarrick,smccarrickiw@shareasale.com,580-654-3439,45,22,Polygender,Mr,Single,6 Kingsford Circle,Seattle,Idaho,Coastal Breeze Hospital,1117 SPRING STREET,West,10/23/2025,chiropractic care,Silva McCarrick,0,543-504-2428,mold,95
682,Alain,Hanna,ahannaix@redcross.org,735-513-8842,102,115,Male,Ms,Married,11 Mitchell Point,Seattle,Montana,Sierra Vista Regional Hospital,1701 E 23RD AVE,West,5/21/2025,medication,Alain Hanna,4,318-779-8838,mold,102
683,Giana,Mosey,gmoseyiy@youtube.com,873-198-3292,67,122,Female,Mrs,Married,82 Warbler Road,Denver,Utah,Westside Community Hospital,201 E. GROVER ST.,West,10/18/2025,acupuncture,Giana Mosey,365,370-364-3239,pollen,92
684,Robby,Midford,rmidfordiz@ning.com,152-254-4901,75,102,Female,Mr,Widow,231 Mallard Plaza,Phoenix,Alaska,Sunset Valley Medical Center,20 PRESCOTT ST APT. 44,West,2/10/2025,physical therapy,Robby Midford,1000,961-630-1910,eggs,33
685,Beryl,Monini,bmoninij0@ibm.com,878-949-4845,147,34,Female,Ms,Single,32 Morningstar Drive,Albuquerque,Colorado,Oceanview General Hospital,759 S MAIN ST,West,10/29/2024,hypnotherapy,Beryl Monini,12,332-145-8843,cats,28
686,Abey,Chaffey,achaffeyj1@php.net,745-482-1396,14,44,Male,Mr,Single,41 Grover Junction,San Francisco,Montana,Sunset Valley Medical Center,837 W MANCHESTER AVE,West,1/1/2025,acupuncture,Abey Chaffey,365,162-389-7778,latex,52
687,Eugenio,Copeland,ecopelandj2@webs.com,730-138-5140,115,18,Male,Miss,Single,07 Melby Circle,Los Angeles,California,Sunshine Valley Hospital,2121 1ST ST SW APT 619,West,11/27/2024,aromatherapy,Eugenio Copeland,54,172-296-6096,shellfish,9
688,Mignonne,Arbuckel,marbuckelj3@moonfruit.com,741-965-0497,69,41,Female,Mr,Widow,30 Pine View Pass,San Diego,New Mexico,Sierra Vista Regional Hospital,1000 JOHNSON FERRY RD,West,12/3/2024,aromatherapy,Mignonne Arbuckel,-1,565-588-6538,cats,27
689,Ammamaria,Sivier,asivierj4@auda.org.au,802-702-9617,1,72,Female,Mrs,Widow,9 Farmco Trail,Seattle,Washington,Sierra Vista Regional Hospital,210 4TH AVE,West,9/8/2025,surgery,Ammamaria Sivier,1,709-344-1150,peanuts,101
690,Marsiella,Catchpole,mcatchpolej5@devhub.com,673-657-5827,32,31,Female,Ms,Married,5737 Roxbury Park,San Diego,Washington,Westside Community Hospital,2632 W INDIANTOWN RD,West,10/24/2025,chiropractic care,Marsiella Catchpole,12,307-251-2997,mold,87
691,Renato,Karpenko,rkarpenkoj6@cmu.edu,100-711-3661,107,142,Male,Mrs,Widow,46584 Acker Place,San Francisco,Hawaii,Sierra Vista Regional Hospital,11311 MCCORMICK RD SUITE 230,West,4/25/2025,acupuncture,Renato Karpenko,1000,419-470-9449,shellfish,111
692,Alla,Savaage,asavaagej7@biblegateway.com,318-183-0394,92,27,Female,Mrs,Widow,631 Manitowish Court,Phoenix,Montana,Westside Community Hospital,315 E 13TH ST,West,6/29/2025,surgery,Alla Savaage,0,186-661-2368,mold,140
693,Parke,Fruish,pfruishj8@vimeo.com,172-843-3675,52,65,Male,Mr,Single,295 Moland Lane,Portland,Colorado,Pacific Coast Hospital,4714 GETTYSBURG RD,West,7/26/2025,massage therapy,Parke Fruish,1000,358-950-5865,pollen,25
694,Herman,Pesticcio,hpesticcioj9@weather.com,412-242-8903,42,2,Male,Mr,Widow,86822 Tomscot Lane,Denver,Wyoming,Sunset Valley Medical Center,3677 PAYSPHERE CIR,West,1/20/2025,acupuncture,Herman Pesticcio,1,295-256-7194,peanuts,55
695,Florentia,Schooley,fschooleyja@hubpages.com,850-720-5187,115,132,Female,Ms,Widow,01420 Sauthoff Trail,Denver,Montana,Oceanview General Hospital,4714 GETTYSBURG RD LEGAL DEPT.,West,7/28/2025,surgery,Florentia Schooley,-1,492-696-8503,pollen,39
696,Donal,Crippen,dcrippenjb@earthlink.net,716-849-5052,92,146,Male,Mrs,Single,97759 Dexter Point,Seattle,Wyoming,Oceanview General Hospital,520 ROSE LN,West,3/5/2025,massage therapy,Donal Crippen,12,672-347-1300,dust,145
697,Cleve,Haddrill,chaddrilljc@unblog.fr,304-273-3187,132,91,Male,Mrs,Widow,12 Arapahoe Parkway,Los Angeles,Hawaii,Golden Hills Medical Center,4304 E WHITEWATER AVE,West,2/7/2025,homeopathy,Cleve Haddrill,54,175-304-0724,dust,128
698,Ingrid,Gwalter,igwalterjd@toplist.cz,465-259-0194,84,7,Female,Mr,Married,6210 Logan Parkway,Seattle,Arizona,Oceanview General Hospital,4650 W SUNSET BLVD # 61,West,3/16/2025,physical therapy,Ingrid Gwalter,1000,234-703-5495,shellfish,113
699,Benjamin,Honeywood,bhoneywoodje@amazon.co.jp,385-152-1753,126,84,Male,Mrs,Single,1 Mandrake Court,Los Angeles,New Mexico,Oceanview General Hospital,1501 N CAMPBELL AVE 4OPC OFFICE OF UROLOGY,West,5/24/2025,massage therapy,Benjamin Honeywood,4,406-899-2987,dust,106
700,Pancho,Vannuccini,pvannuccinijf@stumbleupon.com,219-707-4517,124,137,Male,Mr,Married,445 Service Circle,Las Vegas,Hawaii,Westside Community Hospital,800 E MAIN ST,West,2/21/2025,physical therapy,Pancho Vannuccini,54,217-253-5555,eggs,2
701,Den,MacGill,dmacgilljg@cocolog-nifty.com,852-958-0514,135,19,Male,Mrs,Widow,03179 Ludington Court,Seattle,Alaska,Pacific Coast Hospital,100 HOSPITAL RD,West,12/21/2024,homeopathy,Den MacGill,4,330-191-5844,grass,116
702,Libbie,Jobke,ljobkejh@unblog.fr,329-427-6656,86,150,Female,Miss,Married,5104 Badeau Drive,San Diego,Arizona,Oceanview General Hospital,3 MINNEAKONING RD,West,12/21/2024,massage therapy,Libbie Jobke,1,420-223-6522,peanuts,98
703,Heda,Pedder,hpedderji@shinystat.com,379-382-9533,19,58,Female,Miss,Married,94 Declaration Hill,San Francisco,Montana,Sunset Valley Medical Center,438 W BREVARD ST,West,9/11/2025,hypnotherapy,Heda Pedder,12,992-828-4747,peanuts,37
704,Jerrilyn,Elcoat,jelcoatjj@vinaora.com,212-734-3884,28,54,Female,Miss,Single,126 Meadow Vale Road,Phoenix,Idaho,Sunset Valley Medical Center,474 HOME ST STE C,West,2/10/2025,surgery,Jerrilyn Elcoat,1000,116-912-0427,latex,26
705,Noelle,Cawkill,ncawkilljk@merriam-webster.com,498-161-0792,97,9,Polygender,Ms,Widow,7966 Grover Trail,Denver,New Mexico,Sunset Valley Medical Center,205 N EAST AVE,West,11/10/2024,chiropractic care,Noelle Cawkill,1,147-801-0821,grass,73
706,Sandie,Paydon,spaydonjl@netscape.com,921-478-2899,87,13,Female,Mr,Single,73668 Talmadge Trail,Los Angeles,Colorado,Pacific Coast Hospital,PO BOX 310,West,8/6/2025,herbal remedies,Sandie Paydon,-1,592-309-0843,eggs,18
707,Sutherlan,Tyas,styasjm@usatoday.com,692-410-3832,10,44,Male,Miss,Married,707 Burning Wood Alley,Las Vegas,Arizona,Mountain View Medical Center,1010 THREE SPRINGS BLVD,West,9/26/2025,chiropractic care,Sutherlan Tyas,-1,305-225-4150,shellfish,78
708,Rochester,Mazey,rmazeyjn@hc360.com,856-529-8498,100,103,Male,Mr,Single,1464 Harbort Road,Las Vegas,Alaska,Golden Gate Medical Center,1020 HIGH ROAD P.O. BOX 8,West,1/27/2025,massage therapy,Rochester Mazey,12,650-293-3899,latex,83
709,Ethelred,Tinline,etinlinejo@hubpages.com,300-787-9959,118,91,Male,Ms,Widow,8 Bowman Lane,Portland,Utah,Golden Gate Medical Center,2525 WEST BELLFORT STE 197,West,10/7/2025,physical therapy,Ethelred Tinline,1,529-908-0161,pollen,67
710,Obidiah,Mussettini,omussettinijp@admin.ch,980-929-5797,54,84,Agender,Mr,Married,018 Florence Point,Albuquerque,Colorado,Sunshine Valley Hospital,1 BURTON HILLS BLVD STE 250,West,4/20/2025,massage therapy,Obidiah Mussettini,-1,794-121-6171,dust,69
711,Carleton,Kovnot,ckovnotjq@wikispaces.com,178-960-6681,14,49,Male,Miss,Married,8959 Fairview Junction,Phoenix,New Mexico,Westside Community Hospital,1314 E WALNUT ST,West,9/7/2025,surgery,Carleton Kovnot,12,273-430-7962,cats,98
712,Gerik,Hindenberger,ghindenbergerjr@ebay.co.uk,826-950-7836,20,24,Male,Ms,Single,2 Morningstar Alley,Portland,Washington,Oceanview General Hospital,RR 2 BOX 52W,West,8/8/2025,aromatherapy,Gerik Hindenberger,1000,642-868-8272,peanuts,73
713,Oliviero,Wrout,owroutjs@jigsy.com,704-594-9556,34,93,Male,Ms,Single,99 Gerald Way,Salt Lake City,Wyoming,Westside Community Hospital,2215 AUTUMN RIDGE LN,West,12/29/2024,hypnotherapy,Oliviero Wrout,1000,722-195-7266,penicillin,82
714,Cale,Gulberg,cgulbergjt@buzzfeed.com,655-312-3322,11,85,Male,Mrs,Widow,11889 Grasskamp Lane,Portland,Nevada,Mountain View Medical Center,5757 NORTH DIXIE HIGHWAY,West,4/1/2025,medication,Cale Gulberg,0,820-824-3821,eggs,3
715,Diego,Stuke,dstukeju@liveinternet.ru,547-593-5835,82,61,Male,Miss,Married,4083 Haas Place,San Francisco,Nevada,Sunshine Valley Hospital,7100 COMMERCE WAY SUITE 180,West,12/25/2024,hypnotherapy,Diego Stuke,1,722-832-1671,dust,119
716,Alleen,Kollas,akollasjv@tamu.edu,205-636-7054,113,67,Female,Mrs,Single,2149 Grim Trail,Denver,Arizona,Pacific Coast Hospital,12905 SW 42ND ST STE 107,West,9/25/2025,medication,Alleen Kollas,365,375-135-6844,peanuts,65
717,Roxane,Woodfield,rwoodfieldjw@moonfruit.com,267-498-5156,58,73,Female,Mr,Married,5013 Holy Cross Hill,Las Vegas,Colorado,Golden Hills Medical Center,120 LOUIE STREET,West,7/31/2025,massage therapy,Roxane Woodfield,-1,757-490-7170,penicillin,105
718,Sarajane,Verrillo,sverrillojx@theatlantic.com,860-338-7226,6,115,Female,Miss,Widow,005 Crowley Drive,San Diego,Alaska,Sunshine Valley Hospital,14440 JOHN F KENNEDY BLVD,West,6/13/2025,chiropractic care,Sarajane Verrillo,365,993-157-3507,cats,84
719,Dix,Colmore,dcolmorejy@amazon.de,772-704-1280,113,38,Female,Mr,Single,53462 Butternut Pass,Albuquerque,Alaska,Mountain View Medical Center,5300 W SAM HOUSTON PKWY N SUITE 100,West,6/17/2025,chiropractic care,Dix Colmore,0,325-906-9574,pollen,98
720,Carleen,Lutton,cluttonjz@macromedia.com,606-893-6121,28,75,Female,Mrs,Widow,35898 Cottonwood Parkway,Las Vegas,Alaska,Sunshine Valley Hospital,110 MEMORIAL HOSPITAL DR,West,4/29/2025,hypnotherapy,Carleen Lutton,54,552-751-3289,pollen,31
721,Allx,Percifer,aperciferk0@creativecommons.org,656-936-2409,21,66,Female,Mr,Married,434 Lunder Place,Las Vegas,Montana,Mountain View Medical Center,800 STEWART RD,West,8/22/2025,surgery,Allx Percifer,365,816-652-5271,shellfish,38
722,Ron,Brignell,rbrignellk1@wunderground.com,774-923-2394,144,91,Male,Mr,Single,839 Morrow Pass,Los Angeles,Wyoming,Golden Gate Medical Center,100 HOSPITAL AVE,West,12/4/2024,aromatherapy,Ron Brignell,4,105-292-9773,mold,143
723,Jolynn,Weathers,jweathersk2@answers.com,469-831-1808,107,142,Female,Ms,Widow,28 North Lane,Denver,Montana,Westside Community Hospital,292 STONER AVE CARROLL HOSPITAL CENTER,West,10/21/2025,medication,Jolynn Weathers,1000,838-329-9633,peanuts,91
724,Tessie,Pellett,tpellettk3@ucoz.com,642-183-5324,19,43,Female,Miss,Widow,2 Sugar Court,San Diego,Arizona,Golden Gate Medical Center,5176 HILL RD E,West,1/13/2025,chiropractic care,Tessie Pellett,12,158-260-0210,eggs,4
725,Spike,Satteford,ssattefordk4@gmpg.org,838-517-1110,80,13,Male,Miss,Widow,7 Sycamore Street,San Diego,Oregon,Pacific Coast Hospital,311 PRINCETON RD STE 1,West,2/21/2025,physical therapy,Spike Satteford,365,913-863-4649,latex,1
726,Mathian,Puddephatt,mpuddephattk5@ow.ly,908-859-3654,7,36,Male,Ms,Single,55 Eastlawn Pass,San Diego,Wyoming,Westside Community Hospital,12221 MERIT DR STE 450,West,5/5/2025,aromatherapy,Mathian Puddephatt,1,129-897-2397,shellfish,24
727,Carolyn,Lagneaux,clagneauxk6@gizmodo.com,931-959-4976,110,50,Female,Miss,Married,7 Oak Valley Drive,Portland,Nevada,Coastal Breeze Hospital,PO BOX 602457,West,9/8/2025,massage therapy,Carolyn Lagneaux,1000,780-222-0972,cats,129
728,Bowie,Maccaig,bmaccaigk7@booking.com,753-746-5398,44,23,Male,Mrs,Single,01 Mariners Cove Avenue,Phoenix,Montana,Sierra Vista Regional Hospital,118 N HOSPITAL DR,West,12/11/2024,physical therapy,Bowie Maccaig,1,733-222-6118,cats,34
729,Ebba,Murley,emurleyk8@skyrock.com,761-151-7903,98,126,Female,Mrs,Widow,732 Lakewood Gardens Lane,San Diego,Oregon,Coastal Breeze Hospital,5300 SPRING MOUNTAIN RD,West,2/14/2025,physical therapy,Ebba Murley,365,680-173-8094,dust,65
730,Daile,Alleyne,dalleynek9@noaa.gov,792-948-3605,100,39,Female,Mrs,Widow,9184 Carpenter Drive,San Francisco,Colorado,Westside Community Hospital,44405 WOODWARD AVE,West,8/29/2025,surgery,Daile Alleyne,54,461-908-9882,penicillin,106
731,Stephanie,Huxtable,shuxtableka@addthis.com,217-831-3053,44,74,Female,Miss,Widow,93 Lighthouse Bay Circle,Seattle,Arizona,Westside Community Hospital,1400 CLAUD RD,West,6/14/2025,chiropractic care,Stephanie Huxtable,-1,525-426-8682,shellfish,105
732,Max,Inder,minderkb@utexas.edu,132-582-3484,63,116,Female,Mr,Married,21 Hooker Avenue,Albuquerque,Montana,Sunset Valley Medical Center,8580 MAGELLAN PKWY,West,9/6/2025,homeopathy,Max Inder,0,261-650-4891,peanuts,54
733,Brandon,Dow,bdowkc@marketwatch.com,255-701-5101,141,141,Male,Mr,Widow,49 Express Pass,Salt Lake City,Arizona,Sierra Vista Regional Hospital,PO BOX 20007,West,2/11/2025,medication,Brandon Dow,365,722-235-7014,peanuts,67
734,Constantino,Roslen,croslenkd@live.com,372-472-0575,144,136,Male,Miss,Married,775 Pepper Wood Lane,San Francisco,Arizona,Sunshine Valley Hospital,1643 NW 136TH AVE STE 100,West,10/20/2025,hypnotherapy,Constantino Roslen,54,327-564-3824,shellfish,119
735,Jany,Cowup,jcowupke@elegantthemes.com,217-973-9106,91,49,Bigender,Mrs,Widow,26214 Brickson Park Road,Albuquerque,Wyoming,Mountain View Medical Center,620 E COLLEGE ST,West,10/1/2025,chiropractic care,Jany Cowup,54,450-314-9742,cats,101
736,Gerrilee,Sabathe,gsabathekf@ycombinator.com,690-670-2423,84,21,Female,Ms,Single,44 Fieldstone Place,Phoenix,Montana,Westside Community Hospital,916 MYRTLE ST,West,12/10/2024,acupuncture,Gerrilee Sabathe,365,398-510-3034,cats,43
737,Fidel,Jakoub,fjakoubkg@mac.com,412-522-7294,54,71,Male,Mrs,Single,472 Village Hill,Denver,Alaska,Pacific Coast Hospital,34700 VALLEY RD,West,3/15/2025,chiropractic care,Fidel Jakoub,12,250-279-6344,cats,20
738,Wendy,Shillaber,wshillaberkh@psu.edu,194-997-3675,102,12,Female,Ms,Married,55 Lighthouse Bay Hill,Portland,Alaska,Coastal Breeze Hospital,P.O. BOX 185,West,4/26/2025,acupuncture,Wendy Shillaber,54,644-492-8681,grass,44
739,Jarrad,Ellyatt,jellyattki@linkedin.com,450-116-7623,10,12,Bigender,Miss,Widow,11 John Wall Park,Salt Lake City,Montana,Golden Gate Medical Center,100 CORPORATE DR STE 100,West,12/6/2024,surgery,Jarrad Ellyatt,4,389-951-4735,cats,24
740,Desi,Steers,dsteerskj@opensource.org,248-476-4538,31,78,Male,Miss,Widow,20 Fallview Drive,Phoenix,Montana,Golden Hills Medical Center,805 S LONG DR,West,9/3/2025,hypnotherapy,Desi Steers,1000,421-590-8703,penicillin,10
741,Lisle,Revelle,lrevellekk@privacy.gov.au,866-104-1131,15,61,Male,Miss,Single,9 Clove Hill,San Francisco,Wyoming,Sunset Valley Medical Center,330 SEVEN SPRINGS WAY,West,2/6/2025,massage therapy,Lisle Revelle,1,170-547-8303,pollen,136
742,Barney,Gisburn,bgisburnkl@wordpress.com,935-241-9804,83,100,Male,Miss,Single,61910 Barby Trail,Los Angeles,Wyoming,Coastal Breeze Hospital,4675 HILL ST,West,12/6/2024,herbal remedies,Barney Gisburn,-1,847-495-7633,eggs,84
743,Claybourne,Hutchens,chutchenskm@pbs.org,302-122-0789,73,146,Male,Miss,Married,05041 Carberry Drive,Seattle,Washington,Pacific Coast Hospital,1 W ELM ST FL 2,West,11/28/2024,physical therapy,Claybourne Hutchens,12,996-299-8561,mold,12
744,Annemarie,Kuscha,akuschakn@eventbrite.com,847-570-1765,36,134,Female,Mr,Widow,3239 Bonner Circle,San Diego,California,Golden Gate Medical Center,31411 CAMINO CAPISTRANO STE 700,West,10/10/2025,physical therapy,Annemarie Kuscha,0,246-488-7054,grass,10
745,Theodosia,Waye,twayeko@constantcontact.com,848-515-0561,77,69,Female,Mrs,Widow,0 Bayside Plaza,Portland,Idaho,Pacific Coast Hospital,2220 CANTERBURY DR,West,7/25/2025,physical therapy,Theodosia Waye,1,683-115-9335,pollen,132
746,Ronnie,Lyles,rlyleskp@yale.edu,958-658-7489,35,80,Male,Ms,Widow,8 7th Way,Las Vegas,Washington,Sunset Valley Medical Center,65 SILVER LN,West,5/8/2025,physical therapy,Ronnie Lyles,4,779-685-2314,dust,57
747,Honor,Pursehouse,hpursehousekq@simplemachines.org,425-171-6602,98,22,Female,Ms,Single,1071 Laurel Parkway,Portland,Nevada,Sunshine Valley Hospital,1200 N STATE ST,West,6/28/2025,hypnotherapy,Honor Pursehouse,0,470-610-4903,cats,98
748,Padraic,Pering,pperingkr@pinterest.com,921-211-1799,46,107,Non-binary,Ms,Single,53121 Manitowish Crossing,Salt Lake City,Arizona,Pacific Coast Hospital,3150 TAYLOR ST,West,5/4/2025,chiropractic care,Padraic Pering,365,973-484-8321,cats,119
749,Archambault,Ecles,aeclesks@science365.com,792-848-1254,124,129,Male,Ms,Single,9458 Lyons Hill,Los Angeles,Idaho,Pacific Coast Hospital,"7901 E LOWRY BLVD F402, 3RD FLOOR",West,1/29/2025,homeopathy,Archambault Ecles,1,664-777-7069,dust,131
750,Almira,Lozano,alozanokt@twitter.com,597-504-6638,114,113,Female,Mrs,Single,061 Grayhawk Trail,Salt Lake City,Wyoming,Pacific Coast Hospital,PO BOX 779,West,6/4/2025,acupuncture,Almira Lozano,1000,785-287-6026,dust,148
751,Sigismundo,Clegg,scleggku@boston.com,988-928-0167,131,114,Male,Mrs,Married,50 Calypso Crossing,Los Angeles,Oregon,Pacific Coast Hospital,124 SW ADAMS ST,West,7/13/2025,aromatherapy,Sigismundo Clegg,1000,963-879-6708,shellfish,113
752,Darwin,Chuck,dchuckkv@gnu.org,261-475-3902,44,126,Male,Miss,Married,82833 Magdeline Circle,Portland,Arizona,Golden Gate Medical Center,100 HOSPITAL AVE,West,1/25/2025,aromatherapy,Darwin Chuck,365,766-199-5207,mold,134
753,Kilian,Latus,klatuskw@stanford.edu,816-838-2295,9,86,Male,Mr,Widow,3 Duke Circle,Seattle,Nevada,Pacific Coast Hospital,701 N BROADWAY,West,3/22/2025,surgery,Kilian Latus,12,191-232-1962,eggs,70
754,Rosabella,Groundwator,rgroundwatorkx@alexa.com,989-781-2367,102,101,Female,Mr,Married,3741 Melody Point,Salt Lake City,Hawaii,Coastal Breeze Hospital,1800 SW 1ST ST SUITE 208,West,6/20/2025,hypnotherapy,Rosabella Groundwator,0,919-327-0885,shellfish,142
755,Aida,Beckhouse,abeckhouseky@amazon.co.jp,124-496-9100,13,41,Genderfluid,Miss,Widow,145 Roth Pass,Denver,Nevada,Westside Community Hospital,212 CHERRY LN,West,8/26/2025,acupuncture,Aida Beckhouse,4,233-800-4266,mold,140
756,Tarah,Smyth,tsmythkz@epa.gov,156-708-7089,128,78,Female,Mrs,Married,56649 Spohn Road,Los Angeles,Montana,Mountain View Medical Center,56-117 PUALALEA ST,West,9/26/2025,homeopathy,Tarah Smyth,1,564-172-8776,latex,118
757,Leonie,Kuhnhardt,lkuhnhardtl0@intel.com,880-467-9710,92,134,Female,Mrs,Married,20230 Spenser Parkway,Seattle,California,Sunshine Valley Hospital,100 DR WARREN TUTTLE DR,West,10/31/2024,surgery,Leonie Kuhnhardt,1000,108-799-4068,grass,7
758,Ginevra,Tarney,gtarneyl1@cnn.com,128-160-6189,111,72,Female,Ms,Married,0 Arizona Hill,Las Vegas,Arizona,Oceanview General Hospital,1050 VALDOSTA HWY P.O. BOX 516,West,4/28/2025,physical therapy,Ginevra Tarney,54,124-818-6401,shellfish,137
759,Clywd,Farthing,cfarthingl2@mozilla.org,176-977-0098,87,107,Male,Mrs,Single,14529 Vermont Street,Las Vegas,California,Golden Hills Medical Center,5 JONES ST APT 3,West,10/4/2025,acupuncture,Clywd Farthing,1000,380-426-6509,dust,98
760,Michael,Helleker,mhellekerl3@sfgate.com,504-625-7227,12,101,Male,Mr,Single,8041 Holmberg Center,Los Angeles,Hawaii,Oceanview General Hospital,5515 PEACH ST,West,2/28/2025,hypnotherapy,Michael Helleker,-1,722-441-0302,mold,123
761,Giulietta,Kleewein,gkleeweinl4@irs.gov,100-654-4186,148,97,Polygender,Mr,Married,8 Karstens Lane,Portland,Montana,Sunshine Valley Hospital,3100 AVENUE E,West,5/6/2025,physical therapy,Giulietta Kleewein,-1,688-839-1227,latex,103
762,Micheil,Pitt,mpittl5@fastcompany.com,818-114-7517,8,17,Male,Mr,Married,11 Green Center,San Francisco,Montana,Oceanview General Hospital,PO BOX 1190,West,4/19/2025,hypnotherapy,Micheil Pitt,365,992-577-9697,penicillin,36
763,Ronda,Milbank,rmilbankl6@about.me,807-171-1597,75,17,Female,Miss,Single,929 Erie Way,San Diego,Wyoming,Westside Community Hospital,604 E. 12TH STREET,West,6/7/2025,surgery,Ronda Milbank,0,926-702-4001,grass,27
764,Stanislaus,Robardet,srobardetl7@webmd.com,244-271-9494,70,25,Male,Miss,Widow,19070 Dapin Drive,Los Angeles,Hawaii,Golden Hills Medical Center,300 WILSON ST,West,7/6/2025,medication,Stanislaus Robardet,0,343-300-9434,grass,88
765,Shamus,Pane,spanel8@comsenz.com,361-398-3225,38,17,Male,Ms,Married,04933 Norway Maple Point,San Diego,California,Oceanview General Hospital,24701 EUCLID AVE 3RD FLOOR,West,3/7/2025,medication,Shamus Pane,0,886-384-2249,peanuts,2
766,Boothe,Tonnesen,btonnesenl9@prnewswire.com,430-894-2754,14,80,Male,Miss,Single,4 Granby Street,Salt Lake City,Washington,Sierra Vista Regional Hospital,3250 MARY ST STE 400,West,8/18/2025,surgery,Boothe Tonnesen,12,100-467-9067,latex,66
767,Theresina,Gyrgorcewicx,tgyrgorcewicxla@163.com,492-389-1529,140,78,Female,Mrs,Widow,992 Dexter Drive,Las Vegas,Nevada,Golden Hills Medical Center,PO BOX 1297,West,4/20/2025,medication,Theresina Gyrgorcewicx,1000,986-691-8667,peanuts,84
768,Annalee,Dominik,adominiklb@narod.ru,343-588-2948,134,50,Female,Mr,Widow,0667 Iowa Alley,San Francisco,Arizona,Sunshine Valley Hospital,PO BOX 13008,West,10/9/2025,physical therapy,Annalee Dominik,1,773-494-8175,shellfish,24
769,Tarra,Vizor,tvizorlc@adobe.com,971-996-9030,92,120,Female,Miss,Married,18664 Village Green Court,Los Angeles,Idaho,Sierra Vista Regional Hospital,11217 HIGHWAY 421 S,West,9/1/2025,chiropractic care,Tarra Vizor,365,950-518-9909,latex,42
770,Faina,Dedham,fdedhamld@youtube.com,867-150-1359,78,43,Female,Ms,Widow,3 La Follette Parkway,Seattle,Idaho,Sierra Vista Regional Hospital,3105 W WATERS AVE STE 210,West,2/3/2025,homeopathy,Faina Dedham,365,829-778-0174,shellfish,28
771,Kristopher,Pickover,kpickoverle@privacy.gov.au,836-279-0050,31,43,Male,Miss,Married,84102 Mockingbird Lane,Portland,Arizona,Sunshine Valley Hospital,2401 W MAIN ST,West,9/15/2025,aromatherapy,Kristopher Pickover,1000,356-290-2174,grass,27
772,Abe,Drury,adrurylf@studiopress.com,245-112-0181,133,78,Male,Miss,Widow,284 Roth Avenue,Las Vegas,California,Pacific Coast Hospital,PO BOX 35070,West,12/19/2024,massage therapy,Abe Drury,0,630-464-8391,mold,1
773,Victoir,Futcher,vfutcherlg@boston.com,481-844-3250,84,25,Male,Mrs,Single,995 David Junction,San Diego,California,Mountain View Medical Center,2200 ROSS AVE SUITE 5400,West,9/27/2025,herbal remedies,Victoir Futcher,1000,883-192-9455,shellfish,38
774,Jori,Ealles,jealleslh@arstechnica.com,736-508-3778,71,19,Female,Mrs,Widow,6444 Kipling Center,Denver,Colorado,Oceanview General Hospital,350 N HUMPHREYS BLVD,West,3/29/2025,hypnotherapy,Jori Ealles,1,650-605-1218,peanuts,59
775,Arnold,Whitewood,awhitewoodli@gmpg.org,455-332-1846,137,49,Male,Mrs,Married,7 Gale Lane,Salt Lake City,Idaho,Mountain View Medical Center,2600 DOUGLAS RD PH 7,West,10/10/2025,chiropractic care,Arnold Whitewood,1000,134-224-6022,grass,101
776,Audre,Fydo,afydolj@boston.com,543-821-8854,119,132,Bigender,Mr,Single,19 Butterfield Center,Portland,New Mexico,Sierra Vista Regional Hospital,355 BARD AVE,West,5/8/2025,hypnotherapy,Audre Fydo,365,381-768-8113,mold,78
777,Terry,Brunsdon,tbrunsdonlk@blogtalkradio.com,495-492-4528,34,6,Male,Mr,Married,6000 Bayside Crossing,Portland,Washington,Pacific Coast Hospital,4466 SWILCAN BRIDGE LN N,West,7/25/2025,physical therapy,Terry Brunsdon,12,151-947-9176,peanuts,140
778,Alwyn,Rubinow,arubinowll@icio.us,272-643-5601,149,128,Bigender,Miss,Widow,80 Utah Alley,Phoenix,Washington,Coastal Breeze Hospital,PO BOX 361,West,8/4/2025,homeopathy,Alwyn Rubinow,365,892-137-9640,penicillin,60
779,Kyla,Riply,kriplylm@wikispaces.com,219-437-5432,33,50,Female,Mrs,Married,04 7th Avenue,Las Vegas,California,Sunshine Valley Hospital,850 KAMEHAMEHA HWY STE 215,West,3/6/2025,surgery,Kyla Riply,12,859-902-9082,latex,110
780,Prescott,Searl,psearlln@parallels.com,169-268-3480,23,68,Male,Mr,Married,5 Grayhawk Drive,Denver,California,Pacific Coast Hospital,181 N KENTUCKY AVE STE 200,West,6/10/2025,chiropractic care,Prescott Searl,54,926-958-0544,peanuts,39
781,Andre,Norris,anorrislo@comcast.net,831-462-8604,24,93,Male,Mrs,Married,6 Dapin Drive,Salt Lake City,Oregon,Pacific Coast Hospital,4535 DRESSLER RD NW,West,6/15/2025,homeopathy,Andre Norris,365,600-659-5761,pollen,67
782,Atlante,Hars,aharslp@tumblr.com,162-358-9620,40,26,Female,Ms,Single,0519 Michigan Pass,Salt Lake City,Oregon,Oceanview General Hospital,41889 E FLORIDA AVE,West,2/10/2025,physical therapy,Atlante Hars,54,220-255-4994,pollen,13
783,Annetta,Arnowicz,aarnowiczlq@google.it,700-876-3586,87,99,Female,Miss,Widow,61224 Blue Bill Park Circle,Phoenix,Hawaii,Pacific Coast Hospital,701 GROVE RD,West,5/19/2025,herbal remedies,Annetta Arnowicz,4,604-211-2274,latex,117
784,Dall,Vinton,dvintonlr@sun.com,316-755-0109,11,122,Male,Miss,Widow,8 Everett Park,Los Angeles,Alaska,Sierra Vista Regional Hospital,PO BOX 887,West,11/3/2024,medication,Dall Vinton,365,518-289-5735,penicillin,138
785,Kinna,Guille,kguillels@abc.net.au,812-843-5472,146,68,Female,Mr,Married,6764 Schlimgen Road,Portland,Colorado,Golden Gate Medical Center,500 W BERKELEY ST,West,7/31/2025,medication,Kinna Guille,365,771-181-5826,eggs,18
786,Vania,Antoniades,vantoniadeslt@acquirethisname.com,193-646-1385,89,113,Female,Ms,Single,242 Melody Road,Portland,California,Sierra Vista Regional Hospital,3605 WARRENSVILLE CENTER RD 1ST FLOOR,West,11/24/2024,surgery,Vania Antoniades,-1,176-122-3784,cats,71
787,Brear,Hindmoor,bhindmoorlu@exblog.jp,921-413-6864,96,127,Female,Mr,Single,5484 Katie Street,San Francisco,Washington,Sunshine Valley Hospital,3101 GARRETT DR,West,7/23/2025,chiropractic care,Brear Hindmoor,365,977-928-2431,grass,22
788,Glenden,Dorot,gdorotlv@foxnews.com,612-948-3176,67,118,Genderqueer,Miss,Single,2337 Melrose Plaza,Los Angeles,Utah,Pacific Coast Hospital,PO BOX 172,West,8/24/2025,massage therapy,Glenden Dorot,54,991-612-5873,dust,18
789,Rozanna,Lorincz,rlorinczlw@ibm.com,331-441-0952,147,47,Female,Miss,Widow,057 Heffernan Crossing,Denver,Arizona,Westside Community Hospital,1175 NININGER RD,West,9/10/2025,herbal remedies,Rozanna Lorincz,365,403-167-1919,cats,21
790,Halette,Cleland,hclelandlx@ifeng.com,803-844-1474,101,117,Female,Mr,Married,6 Moland Road,Albuquerque,New Mexico,Golden Gate Medical Center,902 WESTLAKE DR SUITE 107,West,7/9/2025,physical therapy,Halette Cleland,54,599-187-2181,penicillin,33
791,Catrina,Alvarado,calvaradoly@people.com.cn,585-316-2896,78,59,Female,Ms,Married,19297 Vidon Alley,Salt Lake City,Hawaii,Sierra Vista Regional Hospital,PO BOX 1330,West,9/15/2025,massage therapy,Catrina Alvarado,4,906-766-2610,shellfish,127
792,Lorelle,Woolward,lwoolwardlz@mapquest.com,359-244-9276,142,90,Female,Mr,Married,6239 David Crossing,Seattle,Utah,Westside Community Hospital,940 E 5TH ST,West,9/22/2025,herbal remedies,Lorelle Woolward,365,374-826-4280,peanuts,106
793,Humfrey,Northover,hnorthoverm0@forbes.com,220-967-9443,125,119,Male,Mr,Single,2 Harper Hill,San Francisco,Montana,Mountain View Medical Center,510 BALSAM RD,West,6/7/2025,aromatherapy,Humfrey Northover,4,766-390-5415,peanuts,36
794,Donnell,Gillcrist,dgillcristm1@imdb.com,555-639-0817,107,33,Male,Miss,Single,70 Forster Trail,Phoenix,Nevada,Sierra Vista Regional Hospital,PO BOX 2000,West,1/7/2025,massage therapy,Donnell Gillcrist,54,226-972-8234,shellfish,115
795,Kerrin,Rostron,krostronm2@bizjournals.com,938-433-9340,73,18,Female,Mr,Single,9 Carpenter Junction,Salt Lake City,Wyoming,Coastal Breeze Hospital,352 HOSPITAL BLVD,West,9/22/2025,herbal remedies,Kerrin Rostron,-1,142-354-1803,eggs,65
796,Lotte,Sarl,lsarlm3@businesswire.com,939-773-9283,52,6,Female,Miss,Married,921 Sheridan Street,Los Angeles,Hawaii,Mountain View Medical Center,PO BOX 499,West,3/17/2025,chiropractic care,Lotte Sarl,-1,117-438-0261,penicillin,129
797,Sayer,Tradewell,stradewellm4@ny365news.com,597-606-1043,140,136,Male,Mrs,Widow,9251 Bayside Hill,Seattle,Nevada,Sunset Valley Medical Center,175 MADISON AVE 1636 ROUTE 38 AND EAYRESTOWN ROAD,West,10/29/2024,physical therapy,Sayer Tradewell,-1,316-598-3645,eggs,94
798,Lloyd,Simmings,lsimmingsm5@usda.gov,576-992-2422,98,95,Male,Ms,Single,181 Lakeland Drive,Denver,New Mexico,Mountain View Medical Center,653 N TOWN CENTER DR SUITE 502,West,10/13/2025,chiropractic care,Lloyd Simmings,1000,821-737-8415,pollen,23
799,Terrance,Vian,tvianm6@nba.com,787-282-2476,6,114,Polygender,Miss,Widow,14041 Gale Crossing,Los Angeles,Oregon,Pacific Coast Hospital,PO BOX 160,West,6/3/2025,physical therapy,Terrance Vian,-1,664-918-5837,peanuts,135
800,Bee,Rainy,brainym7@freewebs.com,306-411-9519,17,69,Female,Mrs,Widow,3 Clove Avenue,Phoenix,Nevada,Golden Gate Medical Center,300 LONGWOOD AVE HUNNEWELL 282,West,5/3/2025,homeopathy,Bee Rainy,4,794-925-2807,peanuts,125
801,Isa,Lemonnier,ilemonnierm8@jimdo.com,689-558-7344,2,61,Male,Mrs,Widow,9940 Hoffman Avenue,Salt Lake City,Idaho,Mountain View Medical Center,111 N 3RD ST P O BOX 398,West,4/8/2025,physical therapy,Isa Lemonnier,1000,983-840-8261,cats,71
802,Hadrian,Pocock,hpocockm9@seattletimes.com,407-615-8273,102,102,Male,Mr,Married,31 Morrow Point,Phoenix,Colorado,Westside Community Hospital,300 COMMUNITY DR PRE-ADMISSION TESTING,West,4/2/2025,homeopathy,Hadrian Pocock,4,160-168-2649,shellfish,130
803,Timothy,Prazor,tprazorma@marriott.com,582-616-9061,58,84,Male,Miss,Single,93 Fuller Plaza,San Francisco,Hawaii,Coastal Breeze Hospital,60 2ND ST FL 4,West,9/21/2025,aromatherapy,Timothy Prazor,4,750-532-7114,cats,84
804,Rickard,Giacomelli,rgiacomellimb@macromedia.com,202-568-8667,98,84,Male,Mrs,Married,1 Annamark Hill,Denver,Wyoming,Pacific Coast Hospital,9425 ALLANDE RD NE,West,11/20/2024,chiropractic care,Rickard Giacomelli,4,885-404-2082,mold,60
805,Ethelin,Parkey,eparkeymc@51.la,941-365-7792,39,110,Female,Mrs,Married,089 Packers Road,Portland,Nevada,Mountain View Medical Center,PO BOX 357,West,3/30/2025,medication,Ethelin Parkey,0,189-428-9763,cats,68
806,Jeno,Heck,jheckmd@icio.us,930-248-7141,64,18,Male,Ms,Widow,01 Gulseth Lane,Las Vegas,Idaho,Pacific Coast Hospital,163 S TALLAHASSEE ST,West,2/28/2025,herbal remedies,Jeno Heck,54,303-773-8423,mold,125
807,Coral,Pinn,cpinnme@constantcontact.com,497-746-4618,99,113,Female,Ms,Married,227 Schurz Terrace,Los Angeles,New Mexico,Coastal Breeze Hospital,1812 OAKLAND AVE,West,9/8/2025,hypnotherapy,Coral Pinn,12,234-968-8014,pollen,18
808,Clareta,Gibbon,cgibbonmf@nature.com,642-950-7463,130,146,Female,Ms,Widow,0 Northland Terrace,Seattle,Montana,Westside Community Hospital,534 GREENDALE AVENUE,West,3/5/2025,homeopathy,Clareta Gibbon,365,356-979-5365,shellfish,104
809,Ertha,Stedall,estedallmg@apache.org,647-647-3168,150,64,Female,Mr,Married,385 Green Trail,San Francisco,Nevada,Golden Hills Medical Center,3S138 PARK BLVD,West,10/12/2025,acupuncture,Ertha Stedall,-1,553-372-8729,penicillin,90
810,Lucinda,Greatex,lgreatexmh@google.com.hk,866-220-6661,91,61,Female,Mr,Married,94863 Cherokee Lane,Salt Lake City,Utah,Pacific Coast Hospital,1900 HOSPITAL BLVD,West,7/4/2025,chiropractic care,Lucinda Greatex,365,620-173-0308,peanuts,143
811,Kelly,Truter,ktrutermi@exblog.jp,686-773-8756,91,32,Female,Miss,Single,53 Gina Place,Denver,New Mexico,Sunset Valley Medical Center,816 US HWY 158 W SUITE 102,West,7/12/2025,homeopathy,Kelly Truter,4,693-913-7438,penicillin,91
812,Drusie,Filippucci,dfilippuccimj@baidu.com,569-649-8636,62,123,Female,Ms,Single,0 Warrior Lane,Phoenix,Oregon,Sunshine Valley Hospital,1068 W BALTIMORE PIKE,West,5/12/2025,medication,Drusie Filippucci,12,589-814-9790,peanuts,12
813,Kylie,Baysting,kbaystingmk@amazon.de,149-373-4809,70,120,Male,Ms,Single,617 Eagle Crest Circle,Las Vegas,New Mexico,Mountain View Medical Center,1001 SCHNEIDER DR,West,10/27/2024,herbal remedies,Kylie Baysting,54,614-960-2275,mold,11
814,Gerry,Mecozzi,gmecozziml@unblog.fr,331-933-4051,135,120,Female,Miss,Widow,6844 Acker Trail,San Diego,Nevada,Golden Hills Medical Center,306 W 7TH ST,West,6/3/2025,hypnotherapy,Gerry Mecozzi,-1,608-580-0373,pollen,135
815,Pate,Patridge,ppatridgemm@nhs.uk,778-907-2784,58,70,Male,Ms,Single,09310 Lake View Crossing,Phoenix,Montana,Pacific Coast Hospital,18399 VENTURA BLVD SUITE 245,West,7/16/2025,herbal remedies,Pate Patridge,54,148-681-7932,eggs,103
816,Jean,Hadfield,jhadfieldmn@flavors.me,212-912-1617,142,9,Male,Mr,Widow,1983 1st Plaza,Las Vegas,Wyoming,Sierra Vista Regional Hospital,116 AIRPORT RD,West,12/17/2024,aromatherapy,Jean Hadfield,4,603-820-5748,shellfish,3
817,Camile,Barbery,cbarberymo@is.gd,567-291-0303,137,59,Polygender,Mrs,Single,44012 Lotheville Junction,Seattle,Alaska,Coastal Breeze Hospital,"330 BROOKLINE AVE HEALTHCARE ASSOCIATES, SHAPIRO 6TH FLOOR",West,8/3/2025,physical therapy,Camile Barbery,12,727-451-2520,penicillin,68
818,Tamarra,Alcock,talcockmp@ted.com,555-125-1507,99,12,Female,Miss,Widow,39 Pepper Wood Way,Denver,Nevada,Coastal Breeze Hospital,800 S FILLMORE ST,West,5/20/2025,herbal remedies,Tamarra Alcock,54,839-376-8118,dust,15
819,Mattie,Sancraft,msancraftmq@paginegialle.it,191-902-7388,85,150,Male,Mr,Widow,05459 Hanover Plaza,Phoenix,Colorado,Coastal Breeze Hospital,7 DEYE LN,West,6/1/2025,aromatherapy,Mattie Sancraft,0,562-405-5469,mold,100
820,Camilla,Saye,csayemr@oaic.gov.au,202-483-3210,67,36,Female,Ms,Married,892 Homewood Pass,Los Angeles,Utah,Coastal Breeze Hospital,1870 N LAWNWOOD CIR,West,4/13/2025,chiropractic care,Camilla Saye,1,102-344-6552,shellfish,46
821,Killy,Ginnell,kginnellms@gmpg.org,156-472-5602,78,85,Male,Ms,Widow,05 Scoville Street,Las Vegas,Wyoming,Coastal Breeze Hospital,2000 NORTH AVE,West,3/23/2025,massage therapy,Killy Ginnell,12,547-958-4593,cats,115
822,Moina,Jossel,mjosselmt@blog.com,997-519-2977,14,28,Female,Ms,Widow,61667 Clove Trail,San Francisco,Alaska,Golden Gate Medical Center,102 ELTON HILLS DR NW STE 200,West,4/26/2025,surgery,Moina Jossel,12,238-856-0370,peanuts,95
823,Tabbatha,Pergens,tpergensmu@qq.com,829-940-2439,21,24,Female,Miss,Married,2 Redwing Trail,Portland,Montana,Coastal Breeze Hospital,527 W 3RD ST,West,12/1/2024,medication,Tabbatha Pergens,54,682-606-4057,shellfish,138
824,Ros,Launder,rlaundermv@about.me,791-843-3509,125,18,Female,Miss,Married,7454 Packers Alley,Phoenix,Hawaii,Sierra Vista Regional Hospital,2405 BRISBANE LN,West,1/31/2025,massage therapy,Ros Launder,-1,204-987-5760,mold,48
825,Burnaby,Keppel,bkeppelmw@ucla.edu,190-523-0316,72,75,Male,Mr,Married,6 Merrick Plaza,San Diego,California,Mountain View Medical Center,1003 WILLOW CREEK ROAD,West,9/2/2025,hypnotherapy,Burnaby Keppel,-1,414-384-7940,peanuts,85
826,Addia,Bartolozzi,abartolozzimx@redcross.org,194-355-6078,48,140,Female,Mr,Widow,76676 Larry Drive,Albuquerque,New Mexico,Sunset Valley Medical Center,11160 WARNER AVE SUITE 303,West,6/21/2025,homeopathy,Addia Bartolozzi,54,353-445-1059,shellfish,68
827,Conroy,Cudworth,ccudworthmy@columbia.edu,139-910-1643,4,16,Male,Mr,Widow,9060 Rutledge Avenue,Los Angeles,Montana,Coastal Breeze Hospital,100 TORMEE DR FL 2,West,7/1/2025,aromatherapy,Conroy Cudworth,12,816-202-4092,cats,114
828,Rebeka,Coneau,rconeaumz@baidu.com,591-411-3671,111,68,Female,Miss,Married,965 David Pass,Albuquerque,Arizona,Golden Gate Medical Center,14023 SOUTHWEST FWY,West,12/30/2024,hypnotherapy,Rebeka Coneau,0,205-504-3342,peanuts,147
829,Nannie,Hedlestone,nhedlestonen0@histats.com,566-409-3251,140,73,Agender,Ms,Married,1 Lakeland Terrace,Seattle,Montana,Sierra Vista Regional Hospital,3621 N SANDIA DR,West,3/25/2025,hypnotherapy,Nannie Hedlestone,54,252-198-0739,grass,43
830,Danell,Tallowin,dtallowinn1@dmoz.org,757-109-6404,102,99,Genderqueer,Ms,Widow,974 Loomis Drive,San Francisco,Colorado,Golden Hills Medical Center,PO BOX 32861,West,9/18/2025,chiropractic care,Danell Tallowin,4,986-493-8003,latex,25
831,Catarina,Shippam,cshippamn2@shareasale.com,535-730-3094,94,9,Female,Miss,Married,739 Tony Lane,Los Angeles,Arizona,Sierra Vista Regional Hospital,PO BOX 1304,West,2/10/2025,aromatherapy,Catarina Shippam,1,578-970-3694,pollen,109
832,Danette,McGettigan,dmcgettigann3@paginegialle.it,720-241-8359,24,138,Female,Mrs,Widow,03 Sage Point,Albuquerque,Alaska,Oceanview General Hospital,PO BOX 677044,West,11/12/2024,chiropractic care,Danette McGettigan,12,332-771-4922,eggs,34
833,Patsy,Dauney,pdauneyn4@earthlink.net,929-868-2050,20,84,Female,Miss,Married,5 Red Cloud Hill,Albuquerque,Montana,Golden Hills Medical Center,PO BOX 4593,West,3/27/2025,homeopathy,Patsy Dauney,0,173-140-8021,latex,135
834,Theodora,Plant,tplantn5@typepad.com,563-418-5058,58,9,Female,Ms,Single,80463 Stone Corner Alley,Salt Lake City,Montana,Sierra Vista Regional Hospital,1000 N OAK AVE ATTN: PROVIDER ENROLLMENT SERVICES SHP FL2,West,11/1/2024,acupuncture,Theodora Plant,4,848-536-7896,eggs,104
835,Norah,Gommey,ngommeyn6@live.com,598-827-7840,43,95,Female,Mrs,Married,65411 Truax Drive,Albuquerque,Arizona,Mountain View Medical Center,PO BOX 339,West,10/14/2025,surgery,Norah Gommey,4,106-194-9927,peanuts,140
836,Domeniga,Patria,dpatrian7@so-net.ne.jp,699-585-6468,139,118,Female,Miss,Single,4021 Pawling Pass,Albuquerque,Nevada,Sunset Valley Medical Center,PO BOX 64979,West,9/14/2025,hypnotherapy,Domeniga Patria,1000,682-917-2352,eggs,83
837,Claresta,De Freyne,cden8@prnewswire.com,930-531-3783,85,54,Female,Miss,Single,434 Algoma Center,Portland,California,Sunshine Valley Hospital,2020 6TH AVE,West,8/14/2025,aromatherapy,Claresta De Freyne,0,629-588-9314,eggs,69
838,Stafford,Sowrah,ssowrahn9@topsy.com,206-791-1606,31,117,Male,Ms,Single,798 Towne Court,Phoenix,Oregon,Pacific Coast Hospital,2421 BROOKSTONE CENTRE PKWY BLDG 100,West,1/4/2025,herbal remedies,Stafford Sowrah,0,646-991-5419,grass,12
839,Rooney,Bourthoumieux,rbourthoumieuxna@europa.eu,673-365-9962,126,20,Male,Mr,Widow,2 Hagan Hill,Salt Lake City,Idaho,Sunset Valley Medical Center,455 SAINT MICHAELS DR,West,12/29/2024,herbal remedies,Rooney Bourthoumieux,1000,270-279-9277,latex,92
840,Falito,Shallcroff,fshallcroffnb@cisco.com,161-761-3500,5,77,Male,Mrs,Single,178 Sauthoff Terrace,Albuquerque,Nevada,Coastal Breeze Hospital,624 FANNIN ST,West,8/28/2025,hypnotherapy,Falito Shallcroff,4,381-214-5306,cats,89
841,Hyacinthe,Gatcliff,hgatcliffnc@usa.gov,929-631-9328,95,66,Female,Mrs,Widow,543 Del Mar Park,Seattle,Wyoming,Coastal Breeze Hospital,9480 PRIORITY WAY WEST DR,West,10/14/2025,chiropractic care,Hyacinthe Gatcliff,4,705-684-5495,grass,103
842,Giorgio,Dallan,gdallannd@angelfire.com,226-936-7099,123,63,Male,Mrs,Married,1349 Fordem Road,Los Angeles,Utah,Mountain View Medical Center,4440 N CIVIC CENTER PLZ,West,4/8/2025,herbal remedies,Giorgio Dallan,365,850-902-5671,pollen,26
843,Bailie,Normadell,bnormadellne@people.com.cn,847-562-4586,10,69,Male,Miss,Single,902 Ryan Court,San Francisco,Montana,Coastal Breeze Hospital,440 HIGHWAY 70,West,1/28/2025,herbal remedies,Bailie Normadell,-1,312-826-8113,peanuts,70
844,Franky,Van Schafflaer,fvannf@ebay.co.uk,577-609-2415,119,43,Female,Mrs,Single,7 Hoffman Center,Las Vegas,Wyoming,Coastal Breeze Hospital,6100 TOWER CIR STE 1000,West,9/10/2025,herbal remedies,Franky Van Schafflaer,12,362-557-8315,cats,147
845,Mano,Kellar,mkellarng@google.com.br,621-611-9179,120,53,Male,Miss,Widow,1 Harbort Street,Phoenix,Colorado,Sunshine Valley Hospital,2901 N CENTRAL AVE STE 160,West,4/26/2025,herbal remedies,Mano Kellar,-1,159-188-2329,mold,69
846,Constantin,Doring,cdoringnh@macromedia.com,789-342-2129,95,47,Male,Mr,Single,8464 Canary Street,Las Vegas,New Mexico,Mountain View Medical Center,100 PIN OAK LN,West,5/14/2025,hypnotherapy,Constantin Doring,1000,416-876-8627,pollen,72
847,Nicola,Gallant,ngallantni@elpais.com,402-752-3677,62,138,Female,Mr,Widow,79 Hoffman Crossing,San Diego,Hawaii,Oceanview General Hospital,3000 NW 101ST LN STE 101,West,1/23/2025,surgery,Nicola Gallant,0,624-944-5876,latex,17
848,Jude,Totman,jtotmannj@dmoz.org,755-465-9511,47,117,Male,Mrs,Widow,827 Shopko Road,Las Vegas,Oregon,Pacific Coast Hospital,PO BOX 1744,West,9/22/2025,aromatherapy,Jude Totman,12,153-992-1648,grass,43
849,Gilli,Ingham,ginghamnk@themeforest.net,623-309-3002,57,75,Female,Mrs,Married,7 Shoshone Avenue,Las Vegas,California,Oceanview General Hospital,4140 27TH ST,West,8/9/2025,hypnotherapy,Gilli Ingham,12,238-208-7875,pollen,81
850,Nealon,Elgram,nelgramnl@reuters.com,142-368-7560,129,71,Male,Ms,Widow,36369 Donald Point,Albuquerque,Idaho,Sierra Vista Regional Hospital,"1201 W 38TH ST ICU APN OFFICE, 1ST FLOOR ICU",West,3/25/2025,massage therapy,Nealon Elgram,-1,835-444-7079,grass,94
851,Kinnie,Morrice,kmorricenm@spiegel.de,546-729-8334,16,84,Male,Mrs,Widow,67781 International Drive,San Diego,California,Golden Hills Medical Center,180 S MAIN ST,West,5/7/2025,acupuncture,Kinnie Morrice,4,169-626-1135,grass,19
852,Niels,Wolfendell,nwolfendellnn@xrea.com,208-819-7129,107,30,Male,Ms,Widow,6 Westridge Alley,Portland,Colorado,Pacific Coast Hospital,1100 S VAN DYKE RD,West,4/9/2025,hypnotherapy,Niels Wolfendell,0,351-715-0754,grass,44
853,Dorelia,Adderley,dadderleyno@omniture.com,206-850-4924,33,117,Female,Mr,Widow,108 Marquette Place,Denver,Oregon,Sunshine Valley Hospital,8901 WISCONSIN AVE NEPHROLOGY DIVISON 4E,West,4/26/2025,medication,Dorelia Adderley,12,843-625-9491,cats,119
854,Olenka,Beceril,obecerilnp@cocolog-nifty.com,359-340-8852,132,78,Female,Mrs,Married,33 Dryden Lane,Denver,Nevada,Oceanview General Hospital,151 INDUSTRIAL DR,West,9/5/2025,homeopathy,Olenka Beceril,365,734-862-9222,grass,142
855,Zola,Noto,znotonq@booking.com,726-646-5053,77,82,Female,Mrs,Single,3891 Union Avenue,Phoenix,Hawaii,Sunset Valley Medical Center,1455 SW 27TH AVE,West,4/4/2025,acupuncture,Zola Noto,365,991-964-3442,pollen,144
856,Corty,MacCawley,cmaccawleynr@goodreads.com,382-302-4762,106,142,Male,Miss,Single,312 Utah Park,Albuquerque,Arizona,Sunset Valley Medical Center,2929 S CARAWAY RD STE 1,West,5/25/2025,chiropractic care,Corty MacCawley,4,485-607-4954,dust,148
857,Maude,Maryott,mmaryottns@microsoft.com,428-734-1986,115,145,Female,Mr,Married,40262 4th Court,Salt Lake City,Alaska,Pacific Coast Hospital,210 W WALNUT ST,West,11/8/2024,physical therapy,Maude Maryott,1,802-196-6595,penicillin,12
858,Barrett,Ransfield,bransfieldnt@apache.org,112-429-5164,126,137,Male,Miss,Widow,96079 Blue Bill Park Place,Denver,Utah,Oceanview General Hospital,PO BOX 2668,West,1/16/2025,chiropractic care,Barrett Ransfield,-1,428-640-7379,grass,26
859,Carlie,Girard,cgirardnu@unicef.org,531-317-4682,14,119,Non-binary,Ms,Widow,09 Westridge Drive,Portland,Montana,Sierra Vista Regional Hospital,1718 VETERANS MEMORIAL PKWY SUITE C,West,6/4/2025,massage therapy,Carlie Girard,1,172-152-9813,eggs,16
860,Alvin,Mayward,amaywardnv@free.fr,221-530-1315,113,16,Male,Mrs,Single,0316 Farwell Terrace,San Diego,New Mexico,Mountain View Medical Center,14750 NW 77TH CT STE 316,West,8/12/2025,medication,Alvin Mayward,4,453-912-0597,peanuts,81
861,Devin,Guidone,dguidonenw@dot.gov,331-985-4045,18,104,Female,Miss,Single,27 Meadow Vale Place,Seattle,Wyoming,Pacific Coast Hospital,1221 HIGHLAND AVE,West,11/22/2024,homeopathy,Devin Guidone,0,655-506-2141,eggs,86
862,Ysabel,Abrahamsen,yabrahamsennx@boston.com,739-196-7105,134,143,Female,Mr,Married,5 Summer Ridge Terrace,Seattle,Arizona,Mountain View Medical Center,1030 RIVER OAKS DR,West,11/8/2024,massage therapy,Ysabel Abrahamsen,-1,728-225-6557,eggs,21
863,Roanna,Sartin,rsartinny@jiathis.com,621-215-0675,32,114,Female,Mr,Widow,38 Daystar Trail,Las Vegas,California,Pacific Coast Hospital,1247 S CEDAR CREST BLVD SUITE 105,West,11/8/2024,physical therapy,Roanna Sartin,0,798-911-0501,grass,101
864,Elwood,Cotter,ecotternz@xing.com,496-632-9789,52,73,Male,Mrs,Married,837 Mcbride Way,Albuquerque,Hawaii,Coastal Breeze Hospital,PO BOX 2409,West,8/7/2025,aromatherapy,Elwood Cotter,0,121-411-7914,dust,75
865,Rozelle,Goodspeed,rgoodspeedo0@ftc.gov,343-812-2944,144,59,Female,Miss,Married,4 Spaight Road,Portland,Colorado,Sunset Valley Medical Center,2712 E JOHNSON AVE,West,4/9/2025,physical therapy,Rozelle Goodspeed,0,160-989-0439,grass,6
866,Berkly,Hawket,bhawketo1@washingtonpost.com,702-139-4529,102,58,Male,Ms,Married,94570 Talmadge Junction,Portland,Arizona,Golden Hills Medical Center,2365 CLINTON AVE S SUITE 200,West,10/3/2025,medication,Berkly Hawket,54,364-177-8479,peanuts,116
867,Antony,Hawkridge,ahawkridgeo2@typepad.com,875-569-7430,84,38,Male,Ms,Married,330 Chinook Center,Salt Lake City,Oregon,Sunshine Valley Hospital,1120 15TH ST,West,6/3/2025,medication,Antony Hawkridge,0,188-391-2135,mold,135
868,Nollie,Jacobbe,njacobbeo3@whitehouse.gov,844-300-0182,111,101,Female,Mr,Married,96 Hansons Plaza,Portland,Nevada,Sierra Vista Regional Hospital,PO BOX 555,West,2/26/2025,herbal remedies,Nollie Jacobbe,54,438-288-3920,peanuts,121
869,Elliott,Prosek,eproseko4@house.gov,356-257-6985,101,3,Male,Ms,Married,15 Bashford Junction,Los Angeles,Washington,Westside Community Hospital,PO BOX 41138,West,7/20/2025,chiropractic care,Elliott Prosek,1000,394-430-9813,penicillin,80
870,Alfy,Firle,afirleo5@umn.edu,616-469-7481,55,66,Male,Ms,Married,48 Mcbride Crossing,Albuquerque,Oregon,Sunset Valley Medical Center,1400 S LAKE PARK AVE 105,West,2/28/2025,homeopathy,Alfy Firle,1,870-477-2065,mold,35
871,Lavena,Treadger,ltreadgero6@irs.gov,214-882-0631,37,9,Female,Mr,Single,90759 Ridgeview Place,San Francisco,Montana,Mountain View Medical Center,1107 W LEXINGTON AVE,West,10/24/2025,herbal remedies,Lavena Treadger,365,543-806-0088,peanuts,45
872,Aleece,Ciobutaro,aciobutaroo7@tiny.cc,435-170-4133,120,70,Female,Miss,Widow,5202 Sheridan Avenue,Seattle,Montana,Sunset Valley Medical Center,2901 N CENTRAL AVE STE 160,West,3/26/2025,chiropractic care,Aleece Ciobutaro,0,412-165-9100,peanuts,6
873,Ly,Looby,lloobyo8@nbcnews.com,597-989-2541,34,115,Male,Mr,Widow,2240 Heath Court,Portland,Washington,Mountain View Medical Center,601 CHILDRENS LN,West,8/14/2025,herbal remedies,Ly Looby,-1,382-730-1255,dust,106
874,Devora,Vassie,dvassieo9@joomla.org,389-166-9229,108,6,Non-binary,Mr,Widow,41740 Fuller Crossing,Las Vegas,California,Coastal Breeze Hospital,PO BOX 607,West,2/2/2025,physical therapy,Devora Vassie,0,134-477-8714,dust,137
875,Rickie,Tranmer,rtranmeroa@miitbeian.gov.cn,851-753-2698,86,56,Female,Mr,Widow,24 Rigney Point,Portland,California,Sunshine Valley Hospital,6821 W HILLSBOROUGH AVE UNIT 10-11,West,9/10/2025,medication,Rickie Tranmer,12,440-675-6532,cats,125
876,Nester,Little,nlittleob@wired.com,858-166-7463,7,125,Male,Miss,Single,9071 Karstens Place,Seattle,Montana,Golden Gate Medical Center,340 NW COMMERCE DR,West,1/10/2025,chiropractic care,Nester Little,12,502-234-2720,cats,25
877,Birk,Juorio,bjuoriooc@guardian.co.uk,381-933-4947,50,65,Male,Mrs,Single,42 Sunbrook Point,Phoenix,Colorado,Oceanview General Hospital,522 EDISON GLEN TER,West,2/9/2025,acupuncture,Birk Juorio,365,933-543-4611,pollen,111
878,Lay,Brinkworth,lbrinkworthod@prlog.org,880-789-5676,46,111,Genderqueer,Mr,Widow,5 Erie Pass,Las Vegas,Wyoming,Pacific Coast Hospital,PO BOX 8539 1790 B AIRPORT RD,West,9/19/2025,homeopathy,Lay Brinkworth,54,800-646-8393,latex,150
879,Adelheid,Vuitte,avuitteoe@ycombinator.com,682-157-0125,110,6,Female,Ms,Single,31724 Center Avenue,Denver,Hawaii,Sunset Valley Medical Center,3661 VALLEY CENTRE DR SUITE 100,West,3/26/2025,homeopathy,Adelheid Vuitte,-1,119-117-4493,penicillin,24
880,Elizabeth,Picheford,epichefordof@webnode.com,880-979-6101,73,146,Female,Mr,Widow,30 Bobwhite Trail,Albuquerque,Utah,Westside Community Hospital,PO BOX 38,West,11/21/2024,aromatherapy,Elizabeth Picheford,54,979-536-8232,shellfish,148
881,Brigham,Claydon,bclaydonog@facebook.com,447-666-5707,10,122,Non-binary,Miss,Married,4 Westerfield Junction,San Diego,Colorado,Coastal Breeze Hospital,26691 RICHMOND RD,West,7/21/2025,massage therapy,Brigham Claydon,54,848-432-9786,penicillin,112
882,Claresta,Karpfen,ckarpfenoh@jimdo.com,146-593-6421,80,6,Female,Ms,Widow,4358 Moulton Trail,San Diego,Hawaii,Sierra Vista Regional Hospital,PO BOX 751649,West,9/4/2025,aromatherapy,Claresta Karpfen,1000,566-326-5727,latex,66
883,Binnie,Nursey,bnurseyoi@hostgator.com,836-835-3065,23,37,Female,Mrs,Married,532 Crowley Point,Portland,Wyoming,Golden Gate Medical Center,"DEPT. 3023, PO BOX 1000",West,7/29/2025,hypnotherapy,Binnie Nursey,54,908-588-2221,latex,118
884,Burch,Vlasyuk,bvlasyukoj@etsy.com,113-697-1283,26,31,Male,Ms,Widow,72 Weeping Birch Park,Salt Lake City,Oregon,Sunset Valley Medical Center,PO BOX 4120,West,1/3/2025,acupuncture,Burch Vlasyuk,1000,919-854-2688,dust,47
885,Neila,Ewells,newellsok@paypal.com,971-453-8873,59,39,Female,Mr,Married,36 Dennis Parkway,Salt Lake City,Arizona,Oceanview General Hospital,6274 LINTON BLVD STE 102,West,6/7/2025,herbal remedies,Neila Ewells,54,254-306-0305,grass,115
886,Gibb,Chittleburgh,gchittleburghol@gnu.org,535-541-9749,142,19,Male,Ms,Widow,0453 New Castle Road,Phoenix,Nevada,Pacific Coast Hospital,10501 CORPORATE DR,West,9/30/2025,herbal remedies,Gibb Chittleburgh,0,683-882-9430,peanuts,13
887,Claudetta,Corteney,ccorteneyom@flavors.me,616-806-4192,113,8,Female,Miss,Married,564 Ludington Junction,Los Angeles,Utah,Mountain View Medical Center,1000 PINHOOK ROAD SUITE 310,West,3/18/2025,aromatherapy,Claudetta Corteney,1000,799-457-6128,shellfish,121
888,Ardine,Wakeman,awakemanon@nps.gov,999-818-8762,90,129,Female,Mrs,Married,0353 Reindahl Drive,Denver,California,Pacific Coast Hospital,7392 NW 35TH TER STE 206,West,6/6/2025,massage therapy,Ardine Wakeman,4,466-977-4315,cats,47
889,Fredra,Ridett,fridettoo@xinhuanet.com,543-315-0818,97,92,Female,Ms,Single,88152 Nevada Circle,Portland,Idaho,Oceanview General Hospital,PO BOX 2990,West,1/17/2025,hypnotherapy,Fredra Ridett,-1,437-682-9209,pollen,33
890,Coraline,Melluish,cmelluishop@china.com.cn,696-483-1124,46,36,Female,Miss,Married,4940 Hanover Place,Albuquerque,Utah,Sunshine Valley Hospital,PO BOX 540088,West,1/9/2025,hypnotherapy,Coraline Melluish,1,166-442-2304,penicillin,116
891,Roddie,McFaell,rmcfaelloq@globo.com,882-146-5575,130,9,Male,Ms,Single,20 Graedel Avenue,San Diego,Utah,Sunset Valley Medical Center,1906 BLAKE AVE,West,4/17/2025,massage therapy,Roddie McFaell,365,479-522-6895,eggs,118
892,Brodie,Akerman,bakermanor@columbia.edu,901-905-2978,104,31,Male,Ms,Widow,6093 Gulseth Crossing,Los Angeles,Idaho,Westside Community Hospital,500 E BORDER ST,West,5/19/2025,surgery,Brodie Akerman,4,948-246-0231,pollen,125
893,Dorita,McTrustram,dmctrustramos@delicious.com,447-663-3566,13,58,Female,Mr,Single,38186 Bartelt Junction,Albuquerque,Nevada,Pacific Coast Hospital,PO BOX 740763,West,11/23/2024,massage therapy,Dorita McTrustram,0,991-732-8321,pollen,21
894,Oralle,Lathe,olatheot@skype.com,269-561-4720,33,112,Female,Mr,Widow,64 Hauk Circle,Las Vegas,Wyoming,Coastal Breeze Hospital,2000 HEALTH PARK DR,West,4/2/2025,hypnotherapy,Oralle Lathe,12,404-806-9909,eggs,26
895,Rock,Pember,rpemberou@365mail.co.uk,732-198-2291,106,107,Genderfluid,Ms,Married,8 Walton Place,San Diego,Montana,Sunshine Valley Hospital,1613 N MCKENZIE ST,West,1/30/2025,medication,Rock Pember,12,599-749-3884,mold,19
896,Martainn,D'Agostino,mdagostinoov@bloomberg.com,246-864-3039,101,54,Male,Mr,Single,55 Nancy Street,Portland,Alaska,Sierra Vista Regional Hospital,PO BOX 1080,West,2/23/2025,homeopathy,Martainn D'Agostino,4,718-991-8653,pollen,113
897,Lenard,Kaygill,lkaygillow@microsoft.com,131-584-2445,43,138,Male,Ms,Married,54775 Fisk Parkway,San Diego,Nevada,Golden Hills Medical Center,311 PRINCETON RD STE 1,West,12/18/2024,chiropractic care,Lenard Kaygill,1,821-939-0037,grass,9
898,Luise,Tredinnick,ltredinnickox@alibaba.com,331-109-2931,47,126,Female,Ms,Widow,408 Boyd Circle,San Diego,Utah,Westside Community Hospital,40 MEDICAL PARK SUITE 201,West,2/8/2025,acupuncture,Luise Tredinnick,0,764-393-8279,shellfish,12
899,Loria,Torbett,ltorbettoy@posterous.com,292-173-4003,80,115,Female,Mr,Single,9835 Hauk Pass,Salt Lake City,Montana,Golden Hills Medical Center,309 JACKSON ST,West,2/3/2025,medication,Loria Torbett,365,260-386-8532,cats,132
900,Ivor,Checketts,icheckettsoz@wikimedia.org,844-933-4324,109,133,Male,Mr,Married,8962 Westridge Center,Phoenix,Washington,Golden Gate Medical Center,7101 SW 95TH ST,West,10/21/2025,surgery,Ivor Checketts,0,495-319-3307,peanuts,117
901,Kristien,Bickerdicke,kbickerdickep0@sciencedirect.com,743-314-2754,69,106,Female,Miss,Widow,06 Hovde Pass,San Francisco,Alaska,Pacific Coast Hospital,400 SW 25TH AVE,West,1/9/2025,medication,Kristien Bickerdicke,4,796-432-4268,peanuts,28
902,Lilllie,Waghorne,lwaghornep1@sbwire.com,609-380-3111,103,56,Female,Miss,Married,00 North Drive,Portland,Wyoming,Sunshine Valley Hospital,34505 W 12 MILE RD STE 200,West,7/16/2025,acupuncture,Lilllie Waghorne,-1,514-247-0280,grass,31
903,Shay,Raunds,sraundsp2@cisco.com,121-302-6792,115,6,Female,Ms,Widow,4 Arrowood Hill,Phoenix,Utah,Oceanview General Hospital,1200 1ST AVE E,West,2/23/2025,massage therapy,Shay Raunds,54,796-637-7042,peanuts,120
904,Benyamin,Boatswain,bboatswainp3@spiegel.de,946-466-6815,139,28,Male,Mrs,Married,33 Eliot Drive,San Francisco,Montana,Sierra Vista Regional Hospital,615 PROSPECT AVENUE,West,9/16/2025,hypnotherapy,Benyamin Boatswain,1000,828-769-0285,mold,112
905,Hermann,Lazarus,hlazarusp4@gravatar.com,399-873-0809,27,122,Male,Mr,Widow,03172 Bunker Hill Center,Phoenix,Hawaii,Sunset Valley Medical Center,PO BOX 947,West,12/25/2024,herbal remedies,Hermann Lazarus,0,445-124-7087,latex,12
906,Bryon,Ariss,barissp5@virginia.edu,447-788-6510,45,31,Male,Mrs,Single,63617 Granby Plaza,San Diego,Oregon,Golden Gate Medical Center,1572 KIMBALL ST,West,3/30/2025,surgery,Bryon Ariss,1,649-628-4971,latex,24
907,Brigham,Greasty,bgreastyp6@de.vu,354-368-2041,118,3,Male,Ms,Married,4 Atwood Point,Los Angeles,Washington,Westside Community Hospital,9040 JACKSON AVE ATTN: MCHJ-CSR-U,West,10/17/2025,medication,Brigham Greasty,4,807-995-5837,cats,84
908,Isadora,Murty,imurtyp7@simplemachines.org,197-860-4799,6,86,Bigender,Mr,Married,0 2nd Street,Las Vegas,Arizona,Sunshine Valley Hospital,75-5722 KUAKINI HWY STE 103,West,1/20/2025,homeopathy,Isadora Murty,365,217-964-1639,grass,57
909,Pooh,Fyfe,pfyfep8@purevolume.com,280-920-2533,71,140,Female,Ms,Single,175 Westerfield Terrace,Los Angeles,California,Westside Community Hospital,PO BOX 1595,West,1/20/2025,homeopathy,Pooh Fyfe,-1,844-159-9088,cats,100
910,Kary,Dodsworth,kdodsworthp9@typepad.com,308-253-7137,65,66,Genderqueer,Mrs,Single,75 Fulton Court,Denver,New Mexico,Oceanview General Hospital,1034 GROVE ST,West,3/12/2025,medication,Kary Dodsworth,1,335-312-9753,eggs,28
911,Stewart,McFeat,smcfeatpa@hibu.com,340-619-9371,64,74,Male,Mr,Single,11 Carey Avenue,Los Angeles,New Mexico,Oceanview General Hospital,725 NORTH ST PO BOX 4999,West,9/11/2025,hypnotherapy,Stewart McFeat,-1,622-733-9394,mold,134
912,Harrietta,Nelane,hnelanepb@springer.com,501-861-1747,9,134,Bigender,Ms,Single,79 Summer Ridge Trail,Las Vegas,Idaho,Sunshine Valley Hospital,305 SANDY CORNER RD,West,12/3/2024,massage therapy,Harrietta Nelane,-1,218-106-3776,pollen,22
913,Caprice,Ayris,cayrispc@indiatimes.com,227-827-1773,118,57,Female,Mrs,Widow,3 Thierer Park,Albuquerque,California,Golden Gate Medical Center,299 GLASGOW RD,West,12/25/2024,homeopathy,Caprice Ayris,12,355-519-5219,shellfish,56
914,Lissy,Killiner,lkillinerpd@elpais.com,149-886-5175,10,68,Female,Ms,Single,273 Delaware Alley,Salt Lake City,Alaska,Oceanview General Hospital,4201 SAINT ANTOINE ST,West,7/29/2025,hypnotherapy,Lissy Killiner,0,328-493-9196,pollen,111
915,Irena,Clulee,icluleepe@nasa.gov,608-126-3554,40,73,Female,Miss,Widow,9 Northland Drive,Denver,Idaho,Sierra Vista Regional Hospital,300 SINGLETON RIDGE RD ATTN: PATIENT ACCOUNTING,West,5/17/2025,homeopathy,Irena Clulee,365,401-644-4491,eggs,1
916,Morganne,Reignould,mreignouldpf@irs.gov,506-802-3120,4,127,Female,Mr,Married,977 Clemons Pass,Albuquerque,Hawaii,Sunset Valley Medical Center,700 HICKSVILLE RD SUITE 204,West,11/9/2024,physical therapy,Morganne Reignould,1,513-115-3339,mold,27
917,Joni,Klaassens,jklaassenspg@gov.uk,911-362-2294,9,17,Female,Mrs,Widow,23 Tony Point,Las Vegas,Washington,Mountain View Medical Center,PO BOX 840795,West,9/16/2025,massage therapy,Joni Klaassens,54,413-531-7679,mold,54
918,Orin,Drought,odroughtph@rediff.com,262-155-9950,21,50,Male,Ms,Single,2 Sherman Alley,Phoenix,Utah,Coastal Breeze Hospital,871 ENBORG CT STE. 100,West,8/9/2025,surgery,Orin Drought,-1,811-392-1914,cats,34
919,Flor,Duffil,fduffilpi@webeden.co.uk,897-345-5121,135,120,Female,Ms,Single,72 North Hill,Albuquerque,Idaho,Westside Community Hospital,PO BOX 1003,West,5/21/2025,homeopathy,Flor Duffil,12,237-170-2093,pollen,140
920,Melody,Quan,mquanpj@businessinsider.com,453-736-4703,91,7,Female,Miss,Married,437 Aberg Avenue,Phoenix,Arizona,Sunshine Valley Hospital,818 NORTH 400 WEST,West,4/9/2025,physical therapy,Melody Quan,1000,180-644-1765,shellfish,61
921,Goldia,Janecki,gjaneckipk@pbs.org,320-822-4958,142,42,Female,Ms,Single,67959 Linden Park,Seattle,Utah,Golden Gate Medical Center,5605 NW 82ND AVE,West,11/9/2024,herbal remedies,Goldia Janecki,365,752-679-1875,grass,43
922,Chevy,Breawood,cbreawoodpl@miitbeian.gov.cn,498-201-2522,47,21,Male,Mrs,Widow,889 Crescent Oaks Trail,Denver,Colorado,Oceanview General Hospital,503 N 21ST ST,West,2/22/2025,herbal remedies,Chevy Breawood,1000,205-527-8199,mold,55
923,Lonnie,Warnock,lwarnockpm@ny365news.com,565-417-5163,53,132,Female,Mrs,Single,1 Boyd Place,Salt Lake City,New Mexico,Pacific Coast Hospital,5535 BALBOA BLVD STE 104,West,1/7/2025,acupuncture,Lonnie Warnock,0,759-552-9950,cats,28
924,Teresina,Stede,tstedepn@cdbaby.com,412-992-1386,36,53,Female,Mrs,Married,8998 Tomscot Hill,Las Vegas,Washington,Sierra Vista Regional Hospital,421 W ROBINSON DRIVE,West,9/30/2025,surgery,Teresina Stede,1,959-154-2378,eggs,52
925,Lonna,Moland,lmolandpo@symantec.com,281-470-0274,142,93,Female,Mr,Married,5 Hooker Alley,San Diego,Wyoming,Pacific Coast Hospital,214 MAIN ST,West,12/14/2024,chiropractic care,Lonna Moland,-1,479-165-1399,penicillin,87
926,Gian,Esposi,gesposipp@free.fr,651-918-6220,60,140,Male,Miss,Single,6 Golf Course Circle,Albuquerque,Idaho,Coastal Breeze Hospital,PO BOX 35515,West,5/3/2025,acupuncture,Gian Esposi,-1,103-887-3564,penicillin,11
927,Henry,Rutigliano,hrutiglianopq@blinklist.com,836-631-3004,122,109,Male,Mrs,Single,26 Forest Dale Plaza,Seattle,Arizona,Mountain View Medical Center,100 CHURCH ST S # MCS2,West,10/4/2025,hypnotherapy,Henry Rutigliano,365,578-513-2930,penicillin,122
928,Rosabelle,Murdie,rmurdiepr@fotki.com,874-854-1266,76,59,Female,Mrs,Single,81 Quincy Avenue,San Diego,Oregon,Sunshine Valley Hospital,2333 BIDDLE AVE,West,3/8/2025,herbal remedies,Rosabelle Murdie,0,400-919-5222,cats,42
929,Quintana,Mohammad,qmohammadps@youtube.com,282-575-3620,124,32,Female,Mrs,Single,00 Sunnyside Avenue,San Francisco,Montana,Westside Community Hospital,29826 HAUN RD SUITE102,West,1/15/2025,aromatherapy,Quintana Mohammad,4,602-121-7654,pollen,142
930,Morgan,Barney,mbarneypt@deliciousdays.com,678-333-2566,74,46,Female,Miss,Married,986 Rutledge Plaza,Seattle,Washington,Sierra Vista Regional Hospital,PO BOX 710,West,12/10/2024,homeopathy,Morgan Barney,4,188-362-3416,eggs,64
931,Gaynor,Martynka,gmartynkapu@pen.io,323-559-2802,69,38,Non-binary,Mrs,Single,410 Jackson Road,Albuquerque,Idaho,Oceanview General Hospital,2160 S 1ST AVE,West,3/31/2025,hypnotherapy,Gaynor Martynka,1,207-283-5339,peanuts,1
932,Charity,Muggleston,cmugglestonpv@ed.gov,562-184-7446,118,41,Female,Ms,Married,1 Monica Hill,Seattle,Wyoming,Sunshine Valley Hospital,856 J CLYDE MORRIS BLVD STE A,West,11/27/2024,chiropractic care,Charity Muggleston,1,106-498-6391,cats,107
933,Lory,Wort,lwortpw@i2i.jp,898-555-3808,136,50,Polygender,Miss,Married,809 La Follette Junction,Las Vegas,Nevada,Coastal Breeze Hospital,PO BOX 19305,West,4/15/2025,aromatherapy,Lory Wort,-1,877-176-0028,cats,1
934,Annice,Sex,asexpx@rambler.ru,385-432-8954,131,126,Female,Ms,Single,99414 Portage Plaza,Portland,California,Coastal Breeze Hospital,PO BOX 137,West,7/19/2025,homeopathy,Annice Sex,365,581-675-3055,eggs,48
935,Shirleen,Kubas,skubaspy@vk.com,103-168-4629,133,69,Female,Miss,Single,8896 Forest Run Plaza,Los Angeles,Oregon,Sunshine Valley Hospital,405 W JACKSON ST,West,2/22/2025,massage therapy,Shirleen Kubas,365,732-494-4426,shellfish,24
936,Jeni,Clogg,jcloggpz@aboutads.info,540-862-3104,4,24,Polygender,Mr,Widow,331 Tomscot Street,San Francisco,Washington,Oceanview General Hospital,2880 HAYES ST,West,5/29/2025,aromatherapy,Jeni Clogg,12,325-747-8981,grass,83
937,Krissy,Arnout,karnoutq0@imdb.com,132-316-9407,148,57,Female,Ms,Married,46 Esch Street,Portland,Arizona,Mountain View Medical Center,41889 E. FLORIDA AVE,West,9/15/2025,surgery,Krissy Arnout,365,237-978-6576,shellfish,110
938,Lennard,McAllen,lmcallenq1@vk.com,886-733-1413,84,107,Male,Mr,Married,15957 Old Gate Plaza,Las Vegas,Arizona,Sunset Valley Medical Center,100 MICHIGAN ST NE MC 845,West,6/30/2025,physical therapy,Lennard McAllen,1000,433-337-6356,latex,143
939,Silvie,Yoell,syoellq2@digg.com,464-404-9021,1,44,Female,Mr,Widow,051 Elgar Terrace,Los Angeles,Idaho,Pacific Coast Hospital,680 S 4TH ST,West,9/30/2025,hypnotherapy,Silvie Yoell,365,818-487-7937,pollen,121
940,Sherie,Peaple,speapleq3@123-reg.co.uk,287-521-6465,98,143,Female,Mrs,Married,62136 Gulseth Street,Salt Lake City,California,Sunset Valley Medical Center,7900 MID AMERICA BLVD,West,10/4/2025,medication,Sherie Peaple,12,559-438-4149,pollen,30
941,Egor,Mapledorum,emapledorumq4@hibu.com,221-666-5479,98,68,Male,Ms,Widow,9 Monument Road,Portland,Alaska,Pacific Coast Hospital,350 N HUMPHREYS BLVD,West,12/16/2024,physical therapy,Egor Mapledorum,4,428-401-8012,latex,32
942,Meredith,Bielfeldt,mbielfeldtq5@unicef.org,817-340-3341,106,64,Male,Mr,Single,443 Hollow Ridge Street,Las Vegas,Hawaii,Westside Community Hospital,350 N WALL ST,West,2/28/2025,aromatherapy,Meredith Bielfeldt,0,332-464-6415,pollen,118
943,Rodina,Ogger,roggerq6@sbwire.com,147-938-9031,150,54,Female,Mrs,Single,9526 Summer Ridge Parkway,San Diego,Colorado,Sunshine Valley Hospital,744 S WEBSTER AVE,West,11/8/2024,acupuncture,Rodina Ogger,1,499-596-2883,eggs,96
944,Janis,Brice,jbriceq7@gmpg.org,843-275-2367,12,79,Female,Mr,Single,8386 Spohn Parkway,Albuquerque,Nevada,Westside Community Hospital,521 JUDY LN,West,4/24/2025,homeopathy,Janis Brice,1,610-322-0246,peanuts,70
945,Kaitlin,Peverell,kpeverellq8@tiny.cc,218-804-6799,75,116,Female,Mrs,Widow,783 Shoshone Junction,Salt Lake City,Idaho,Golden Hills Medical Center,345 W MADISON ST,West,9/6/2025,aromatherapy,Kaitlin Peverell,0,672-863-0327,cats,46
946,Ermanno,Noonan,enoonanq9@reuters.com,427-752-2862,127,100,Male,Mrs,Married,3290 East Street,Salt Lake City,California,Sunshine Valley Hospital,450 W BROAD ST SUITE 420,West,5/28/2025,aromatherapy,Ermanno Noonan,4,726-166-6430,latex,23
947,Merl,Rannells,mrannellsqa@businessweek.com,971-136-6023,63,6,Female,Mrs,Widow,802 Magdeline Parkway,San Diego,Alaska,Sunshine Valley Hospital,PO BOX 32600,West,1/27/2025,surgery,Merl Rannells,4,930-496-4255,peanuts,35
948,Mortimer,Keningley,mkeningleyqb@home.pl,486-664-2796,102,17,Male,Ms,Single,711 Barnett Court,Albuquerque,Hawaii,Westside Community Hospital,2901 N CENTRAL AVE STE 160,West,5/11/2025,massage therapy,Mortimer Keningley,54,800-138-9960,pollen,74
949,Erda,Davidou,edavidouqc@chron.com,316-630-1451,84,104,Agender,Mr,Widow,633 Fairfield Alley,Portland,Arizona,Coastal Breeze Hospital,PO BOX 7227,West,2/17/2025,medication,Erda Davidou,1000,489-632-7579,latex,31
950,Bobbi,Suckling,bsucklingqd@squarespace.com,785-922-2577,142,27,Female,Mrs,Single,9 Declaration Lane,San Francisco,New Mexico,Sunset Valley Medical Center,2146 JACKSBORO PIKE SUITE C,West,5/7/2025,chiropractic care,Bobbi Suckling,1000,650-431-9060,eggs,13
951,Susanetta,Hallums,shallumsqe@yandex.ru,407-701-8554,81,37,Female,Mr,Widow,288 School Crossing,San Francisco,Alaska,Sunset Valley Medical Center,102 MAJOR ALLEN,West,1/31/2025,physical therapy,Susanetta Hallums,-1,498-775-1916,dust,149
952,Tybi,Torritti,ttorrittiqf@furl.net,542-557-3776,115,44,Female,Miss,Married,866 David Court,Phoenix,Alaska,Oceanview General Hospital,PO BOX 32861,West,8/29/2025,acupuncture,Tybi Torritti,0,390-398-5310,mold,150
953,Darla,Fontelles,dfontellesqg@netvibes.com,627-102-7732,86,83,Female,Mrs,Single,63 Lyons Junction,Las Vegas,Nevada,Golden Gate Medical Center,1006 N MILLS AVE,West,11/29/2024,homeopathy,Darla Fontelles,12,521-504-8785,mold,138
954,Hart,Kingescot,hkingescotqh@examiner.com,658-347-0545,103,127,Male,Mrs,Single,7363 Melrose Pass,Denver,New Mexico,Westside Community Hospital,3100 NE 28TH ST SUITE D1,West,6/5/2025,herbal remedies,Hart Kingescot,365,492-446-4885,mold,79
955,Adriana,Mazzia,amazziaqi@furl.net,732-876-4300,95,29,Female,Ms,Married,68445 Red Cloud Way,Portland,Idaho,Sunset Valley Medical Center,PO BOX 1080,West,12/9/2024,herbal remedies,Adriana Mazzia,4,694-218-4005,eggs,8
956,Bell,McBain,bmcbainqj@bing.com,974-215-3990,88,19,Female,Ms,Widow,351 Green Point,Seattle,Washington,Oceanview General Hospital,PO BOX 743070,West,12/27/2024,aromatherapy,Bell McBain,365,829-128-3080,latex,124
957,Celinka,Mattinson,cmattinsonqk@nymag.com,935-508-5081,4,32,Female,Ms,Widow,21 Sage Lane,Las Vegas,Alaska,Coastal Breeze Hospital,3020 CHILDRENS WAY MC 5010,West,12/30/2024,homeopathy,Celinka Mattinson,4,546-558-3826,cats,136
958,Sargent,Genery,sgeneryql@noaa.gov,490-801-7618,98,25,Male,Mr,Single,71 Raven Way,Phoenix,New Mexico,Coastal Breeze Hospital,4160 UNIVERSITY BLVD S,West,10/13/2025,physical therapy,Sargent Genery,12,621-754-4549,peanuts,142
959,Pru,Kaye,pkayeqm@ucsd.edu,335-114-4992,86,124,Female,Ms,Single,92 Chive Court,Denver,New Mexico,Sunshine Valley Hospital,132 S 10TH ST 285 MAIN BLDG,West,10/21/2025,medication,Pru Kaye,4,215-723-0730,mold,126
960,Cal,Durrance,cdurranceqn@fotki.com,469-333-9896,100,55,Male,Ms,Single,98 High Crossing Terrace,Seattle,Alaska,Oceanview General Hospital,4570 PENNS VALLEY RD STE 1,West,2/18/2025,acupuncture,Cal Durrance,365,251-392-3772,latex,141
961,Linzy,Medcalfe,lmedcalfeqo@loc.gov,116-664-4948,53,93,Female,Miss,Single,1742 Aberg Pass,Denver,Arizona,Sunset Valley Medical Center,50 N MEDICAL DR,West,2/26/2025,acupuncture,Linzy Medcalfe,12,447-693-3901,peanuts,3
962,Hanan,Sturdgess,hsturdgessqp@slate.com,954-223-5556,21,8,Male,Miss,Single,8876 Farwell Circle,San Francisco,Arizona,Sierra Vista Regional Hospital,1500 S MAIN ST,West,12/21/2024,hypnotherapy,Hanan Sturdgess,12,468-790-2932,mold,6
963,Flor,Sandy,fsandyqq@nsw.gov.au,743-119-3094,61,2,Female,Mr,Widow,8278 Miller Trail,Seattle,Utah,Oceanview General Hospital,202 E ROBERT ST,West,8/4/2025,acupuncture,Flor Sandy,0,735-545-9128,eggs,23
964,Janene,Durand,jdurandqr@qq.com,815-636-5248,100,124,Female,Ms,Married,107 Memorial Park,San Francisco,Utah,Sunshine Valley Hospital,1 BLACKBURN DR,West,8/27/2025,physical therapy,Janene Durand,0,296-842-5451,mold,112
965,Oliviero,Iacovo,oiacovoqs@homestead.com,759-494-3290,97,45,Male,Mr,Single,5443 Meadow Vale Pass,Salt Lake City,Arizona,Golden Gate Medical Center,616 19TH ST,West,5/1/2025,massage therapy,Oliviero Iacovo,-1,118-118-4109,peanuts,64
966,Duff,Metherell,dmetherellqt@posterous.com,318-331-5128,35,37,Male,Mr,Married,4 Lake View Lane,Salt Lake City,California,Golden Hills Medical Center,4021 AVENUE B,West,7/13/2025,medication,Duff Metherell,1,608-980-3747,cats,129
967,Fredric,Matusov,fmatusovqu@plala.or.jp,697-797-8666,89,51,Male,Mr,Widow,3637 Warner Junction,San Francisco,Montana,Sunshine Valley Hospital,1401 BALLINGER ST,West,2/19/2025,aromatherapy,Fredric Matusov,0,253-310-4573,peanuts,38
968,Rosy,Shackleford,rshacklefordqv@bloglines.com,339-131-8081,134,52,Genderqueer,Miss,Single,88 Fulton Junction,Albuquerque,Arizona,Sierra Vista Regional Hospital,1185 N 1000 W,West,7/25/2025,surgery,Rosy Shackleford,1000,787-451-7585,grass,36
969,Mair,Streeten,mstreetenqw@earthlink.net,859-504-0156,131,147,Female,Ms,Married,38948 Canary Way,Phoenix,Hawaii,Pacific Coast Hospital,1575 NORTHEAST EXPY NE,West,8/14/2025,hypnotherapy,Mair Streeten,0,924-445-0631,grass,150
970,Averill,Guinane,aguinaneqx@hud.gov,581-907-2690,46,150,Male,Mrs,Married,397 Gerald Hill,Las Vegas,California,Pacific Coast Hospital,8 N 2ND AVE E STE 304,West,9/2/2025,aromatherapy,Averill Guinane,1,475-993-5772,mold,87
971,Oswell,Westberg,owestbergqy@google.it,577-271-1609,48,17,Male,Mr,Married,21 Golden Leaf Circle,Phoenix,Idaho,Sunshine Valley Hospital,825 N MAIN ST,West,1/12/2025,homeopathy,Oswell Westberg,1000,467-120-4757,grass,74
972,Maxim,Jeduch,mjeduchqz@indiegogo.com,546-381-3755,34,59,Male,Mrs,Widow,834 Oneill Park,Seattle,Nevada,Mountain View Medical Center,390 N 11TH ST SUITE 100,West,8/18/2025,homeopathy,Maxim Jeduch,12,759-638-3559,eggs,1
973,Clarance,Whitworth,cwhitworthr0@vistaprint.com,201-767-1732,95,61,Male,Mrs,Married,9827 Monica Terrace,San Francisco,Arizona,Oceanview General Hospital,31872 COAST HWY,West,11/28/2024,massage therapy,Clarance Whitworth,365,418-654-0148,shellfish,16
974,Alanna,Gosker,agoskerr1@forbes.com,843-980-8215,25,123,Agender,Mr,Single,3 3rd Parkway,Salt Lake City,Nevada,Sierra Vista Regional Hospital,609 TANGLEWOOD LN,West,5/9/2025,massage therapy,Alanna Gosker,365,501-762-6757,latex,8
975,Neal,Dumbelton,ndumbeltonr2@ted.com,375-687-9805,85,78,Male,Miss,Widow,6288 Parkside Terrace,Denver,Oregon,Golden Hills Medical Center,4440 W 95TH ST,West,1/22/2025,aromatherapy,Neal Dumbelton,-1,373-434-9800,grass,56
976,Blaine,Piscotti,bpiscottir3@csmonitor.com,346-675-4360,123,57,Male,Miss,Married,3748 High Crossing Court,San Diego,Washington,Westside Community Hospital,51 N 39TH ST DEPARTMENT OF PHARMACY - BASEMENT CUPP BUILDING,West,5/23/2025,physical therapy,Blaine Piscotti,-1,772-460-4317,eggs,12
977,Elisabetta,MacBean,emacbeanr4@ebay.co.uk,414-309-5417,47,61,Female,Ms,Widow,1 Prairie Rose Drive,San Francisco,Washington,Oceanview General Hospital,8175 RELIABLE PKWY,West,6/27/2025,surgery,Elisabetta MacBean,4,989-123-1231,peanuts,21
978,Blair,Yoakley,byoakleyr5@pbs.org,601-394-3443,120,150,Female,Miss,Widow,7 Corscot Pass,Las Vegas,Wyoming,Coastal Breeze Hospital,6272 MIRAMAR PKWY,West,5/4/2025,herbal remedies,Blair Yoakley,12,458-510-5989,peanuts,86
979,Drusie,Petzolt,dpetzoltr6@msn.com,169-508-1560,60,58,Female,Mr,Single,25 Quincy Alley,Salt Lake City,Nevada,Sunshine Valley Hospital,PO BOX 1939,West,8/16/2025,homeopathy,Drusie Petzolt,-1,952-294-5404,shellfish,119
980,Cybil,Belsham,cbelshamr7@washingtonpost.com,669-268-3808,19,86,Female,Miss,Widow,6 Tony Lane,Portland,Utah,Sierra Vista Regional Hospital,1400 E 9TH ST,West,10/1/2025,aromatherapy,Cybil Belsham,4,276-942-0669,cats,29
981,Ker,Hickisson,khickissonr8@mayoclinic.com,440-486-1864,78,146,Male,Mrs,Married,3 Merry Trail,Seattle,Hawaii,Sunset Valley Medical Center,PO BOX 555,West,7/1/2025,herbal remedies,Ker Hickisson,54,919-506-8739,pollen,127
982,Renado,Alps,ralpsr9@google.de,106-776-0294,50,98,Male,Miss,Single,4467 Di Loreto Alley,Phoenix,Oregon,Mountain View Medical Center,415 MEDICAL DR STE C202,West,6/11/2025,physical therapy,Renado Alps,1000,435-763-2815,latex,16
983,Claudianus,Dillow,cdillowra@shutterfly.com,546-683-9438,135,19,Male,Ms,Single,75 Dahle Parkway,San Francisco,Washington,Mountain View Medical Center,1000 N ALLEN ST,West,7/18/2025,medication,Claudianus Dillow,12,141-559-6660,mold,32
984,Leonhard,Donne,ldonnerb@sbwire.com,654-611-5229,44,60,Bigender,Mrs,Widow,0946 Farragut Center,Portland,Arizona,Oceanview General Hospital,2767 OLIVE HWY,West,1/20/2025,hypnotherapy,Leonhard Donne,-1,108-478-1670,grass,123
985,Humfried,Connold,hconnoldrc@amazonaws.com,666-187-7047,128,45,Male,Ms,Widow,97 Mallory Way,Las Vegas,Oregon,Golden Gate Medical Center,340 SEVEN SPRINGS WAY STE 100,West,4/15/2025,hypnotherapy,Humfried Connold,1,485-953-9142,pollen,67
986,Archie,Mattessen,amattessenrd@netvibes.com,797-269-7052,2,43,Male,Mr,Married,8196 Tomscot Court,Portland,Alaska,Pacific Coast Hospital,400 HOBART ST,West,11/14/2024,aromatherapy,Archie Mattessen,1,964-389-2165,peanuts,123
987,Elbert,Vedikhov,evedikhovre@booking.com,347-333-4121,108,99,Male,Mr,Married,3 Burrows Pass,San Diego,Alaska,Golden Hills Medical Center,4535 DRESSLER RD NW,West,7/21/2025,physical therapy,Elbert Vedikhov,-1,521-916-4326,penicillin,67
988,Dorothy,Eton,detonrf@reuters.com,263-763-8301,69,113,Female,Mr,Widow,9071 Laurel Circle,Seattle,Idaho,Mountain View Medical Center,600 E DIXIE AVE,West,7/10/2025,hypnotherapy,Dorothy Eton,12,760-276-7115,shellfish,71
989,Vikky,Skillen,vskillenrg@oakley.com,144-519-6291,25,143,Female,Miss,Widow,6 Everett Alley,Phoenix,Idaho,Westside Community Hospital,1100 MERCER AVENUE,West,8/2/2025,surgery,Vikky Skillen,0,156-288-5935,penicillin,96
990,Selia,Ajam,sajamrh@nbcnews.com,475-658-3614,99,49,Female,Ms,Married,321 Birchwood Place,Seattle,Wyoming,Westside Community Hospital,605 HOLDERRIETH BLVD,West,8/9/2025,homeopathy,Selia Ajam,12,852-913-4793,dust,34
991,Clevey,Bessell,cbessellri@businessweek.com,118-158-0472,62,126,Male,Ms,Single,22268 Meadow Valley Court,Albuquerque,Idaho,Sunset Valley Medical Center,PO BOX 1520 1810 E. 19TH ST. STE.209,West,7/26/2025,herbal remedies,Clevey Bessell,54,664-565-4609,grass,118
992,Phillida,Lordon,plordonrj@chron.com,227-513-4789,115,92,Female,Ms,Widow,63 Blue Bill Park Drive,Denver,Alaska,Oceanview General Hospital,3600 FLORIDA BLVD,West,1/2/2025,massage therapy,Phillida Lordon,-1,202-436-4190,dust,13
993,Harlen,Izakof,hizakofrk@cam.ac.uk,717-189-3911,100,59,Male,Ms,Single,672 Marquette Alley,Denver,Oregon,Sierra Vista Regional Hospital,5430 ARLINGTON AVE,West,8/3/2025,herbal remedies,Harlen Izakof,0,533-712-8905,penicillin,86
994,Jacobo,Gowen,jgowenrl@histats.com,321-588-0525,133,46,Male,Mrs,Single,7 High Crossing Lane,Seattle,Oregon,Mountain View Medical Center,2627 RIVERSIDE AVE,West,11/5/2024,medication,Jacobo Gowen,4,536-688-6476,grass,137
995,Gwenore,Yuryshev,gyuryshevrm@youku.com,370-708-8143,34,26,Female,Miss,Married,9 Merrick Hill,Salt Lake City,Colorado,Oceanview General Hospital,630 MEDICAL DR 2ND FLOOR EAST WING,West,8/8/2025,acupuncture,Gwenore Yuryshev,0,276-483-8534,dust,126
996,Husein,Largan,hlarganrn@feedburner.com,156-349-3453,81,82,Male,Miss,Married,5755 Mallard Parkway,Salt Lake City,California,Coastal Breeze Hospital,125 E CLUB CENTER DR SUITE 1500,West,3/9/2025,medication,Husein Largan,54,833-139-7482,dust,43
997,Zelma,Sarath,zsarathro@wix.com,921-759-6433,11,27,Female,Mr,Single,59439 Hooker Hill,Portland,Washington,Sierra Vista Regional Hospital,PO BOX 1184,West,7/25/2025,physical therapy,Zelma Sarath,4,325-416-4506,peanuts,142
998,Onfre,Causley,ocausleyrp@printfriendly.com,943-586-2621,85,133,Male,Miss,Widow,75926 Continental Court,Los Angeles,Hawaii,Pacific Coast Hospital,640 S STATE ST,West,7/24/2025,surgery,Onfre Causley,365,716-286-3800,peanuts,142
999,Anatola,Minty,amintyrq@plala.or.jp,389-279-6164,136,128,Female,Ms,Single,4 Macpherson Hill,Las Vegas,Alaska,Golden Hills Medical Center,"1635 DIVISADERO ST STE 625, BOX 1821",West,2/22/2025,herbal remedies,Anatola Minty,-1,540-742-5210,cats,96
1000,Gardy,Tebbs,gtebbsrr@sphinn.com,436-526-2533,58,90,Male,Mr,Widow,18758 Mariners Cove Center,Las Vegas,Nevada,Golden Gate Medical Center,15 A S SIXTH ST PO BOX 527,West,2/21/2025,herbal remedies,Gardy Tebbs,0,963-120-2125,pollen,67