Doctor_ID,Doctor_Name,Hospital,Region
DR-129564,Wendy Bowman,Ho Group,us-central
DR-251564,Dr. Nathaniel Berry,Oneill Group,us-central
DR-388782,Kayla Mejia,"Clark, Larsen and Brown",us-central
DR-997547,Brandon Lam,Goodman Ltd,us-central
DR-138690,Matthew Church,"Wall, Robinson and Martin",us-west
DR-782281,Diana Hamilton,"Li, Vargas and Santana",us-west
DR-871990,Nancy Olsen,Conner-Lee,us-central
DR-626653,Curtis Sullivan,Bowman PLC,us-central
DR-760290,Timothy Brown,Snyder PLC,us-west
DR-416472,Michael Velez,Perez Inc,us-west
DR-148171,Deborah Briggs,Reed-Smith,us-central
DR-467587,Richard Navarro,Spencer PLC,us-central
DR-924577,Christopher Jackson,Valdez Ltd,us-west
DR-965886,Eric Madden,Wilson PLC,us-west
DR-486221,Nancy Lewis,Curtis-Santiago,us-central
DR-971721,Tammie Douglas,"Miller, Sullivan and Dean",us-west
DR-615679,Lauren Williams,Molina-Smith,us-west
DR-751870,Samuel Hutchinson,"Smith, Anderson and Brown",us-central
DR-295491,Patricia Mitchell,Floyd Group,us-west
DR-622611,Tracey Torres,Day-Smith,us-west
DR-727661,Lindsay Gonzalez,Wilson and Sons,us-central
DR-113013,Eric Diaz,"Morgan, Ruiz and Guerrero",us-west
DR-261946,Michael Maddox,Clements-Green,us-central
DR-840579,Nicholas Williamson,"Gibbs, Jones and Fox",us-west
DR-150908,Brenda Day,Lewis Ltd,us-central
DR-363451,Thomas Simmons,Mack PLC,us-west
DR-966818,Diane Maxwell,"White, Porter and Clark",us-west
DR-727645,Jeremy Caldwell,Rose-Mckinney,us-central
DR-720937,Thomas Davis,Salazar-Bell,us-west
DR-779504,Antonio Campbell,Nelson-Nguyen,us-west
DR-550751,Frank Bryant,Rodriguez-Weber,us-west
DR-331704,Mathew Villarreal,Eaton LLC,us-west
DR-165976,Ann Pearson,Ryan-Jarvis,us-central
DR-108404,Amy Guerra,Morton and Sons,us-central
DR-153809,Jessica Ramirez,Lane Inc,us-west
DR-244235,Andrew Luna,Dixon LLC,us-west
DR-104316,James Hall,"Martin, Foster and Smith",us-central
DR-116018,Anthony Baird III,Roman Inc,us-west
DR-593098,Gabriela Daniels,Gomez-Morris,us-central
DR-313592,Darius Lam,Adams-Davis,us-west
DR-580665,Omar Green,Morris LLC,us-west
DR-685864,Anna Zamora,"Ruiz, Brown and Beasley",us-west
DR-978480,Dominic Horton,Contreras and Sons,us-west
DR-972040,Cynthia Knight,"Taylor, Rhodes and Haley",us-west
DR-585919,Daniel Thornton,Cooley Inc,us-west
DR-819316,Mrs. Melissa Harris,"Avery, Bullock and Lee",us-central
DR-865658,Steve James,Barr-Watkins,us-west
DR-468304,Shelly Collins,Wallace Ltd,us-west
DR-755312,Misty Daniels,Gonzales PLC,us-central
DR-930471,Kimberly Williams,Knight PLC,us-west
DR-331759,Tammy Davis,Singh PLC,us-central
DR-599143,Samantha Solis,"Wilson, Barker and Hernandez",us-central
DR-822931,Melissa Bender,Rodgers Group,us-west
DR-349299,Sarah Wilkins,Bennett-Nelson,us-central
DR-533520,Corey Parker,"Green, Strickland and Moore",us-central
DR-279064,Michael Cooper,White Inc,us-west
DR-725091,Julie Hall,Grant Ltd,us-west
DR-795762,Rachel Johnson,Luna-Gonzalez,us-central
DR-189899,Kelly Nguyen,"Richard, Barrett and Lee",us-central
DR-665818,Cynthia French,Erickson-Fisher,us-west
DR-521261,Douglas Flowers,"Wilson, Murray and Walker",us-central
DR-510398,Rachel Rangel,Peterson and Sons,us-west
DR-867773,Robert Robinson,"Stark, Holt and Gonzalez",us-west
DR-476797,Sara Fox,Richardson Inc,us-west
DR-139863,Daniel Jackson,"Rodriguez, Brown and Cooper",us-west
DR-272306,Timothy Owens,Snyder Ltd,us-west
DR-161431,Paul Rodriguez,Simmons Group,us-central
DR-635150,Cynthia Spencer,Evans and Sons,us-west
DR-502293,Michael Walker,Reed-Russell,us-west
DR-774138,Shannon Davis,Randall-Zamora,us-central
DR-515591,Gregory Allen,Patton and Sons,us-west
DR-984934,Jesse Nguyen,Castro Inc,us-west
DR-429598,Kristy Crawford,"Olson, Boyd and Hernandez",us-west
DR-445052,Sharon Cherry,Forbes Ltd,us-central
DR-290242,Jon Tanner,Green-Roman,us-west
DR-181322,Mallory Benson,Myers-Griffin,us-west
DR-116974,Sonia Jackson,Moore Group,us-west
DR-869624,Mr. Mario Lewis,Mcintyre-Ellis,us-central
DR-641986,Steven Wells,Kim-Haley,us-central
DR-618199,Hector Smith,Sawyer-Ellis,us-west
DR-793901,Javier Rodriguez,"Wade, Jackson and Barnes",us-central
DR-946329,Robert Jacobson,"Snyder, Perez and Stewart",us-central
DR-759968,Angela Sanchez,"Stewart, Adams and Davis",us-central
DR-274849,Raymond Fisher,Patterson-Bradshaw,us-central
DR-390613,Brandi Dominguez,Mullins-Brown,us-central
DR-347426,Katrina Gibson,"Haley, Grimes and Cruz",us-west
DR-928130,Angel Flores,"Solis, Peterson and Norman",us-west
DR-322182,Sharon King,"Campbell, Black and Ramirez",us-west
DR-671630,Nicole Hunter,Wilson and Sons,us-central
DR-462632,Joseph Holmes,Becker-Sellers,us-central
DR-542768,Elizabeth Moore,Ho Ltd,us-west
DR-899647,Crystal Santiago,Medina-Garcia,us-west
DR-816991,David Williams,Thompson PLC,us-west
DR-123719,Karen Branch,"Hernandez, Phillips and Walters",us-central
DR-315256,Hayley Barnes,"Allen, Mitchell and Brown",us-west
DR-588981,Leah Sanders,Morrow LLC,us-central
DR-752176,Sarah Johnson,Armstrong Inc,us-west
DR-782692,Tina Lee MD,"Tyler, Nielsen and Weaver",us-west
DR-819146,Joseph Ramos,Carr-Frazier,us-central
DR-260739,Tara Flynn,"Blackwell, Taylor and Vaughan",us-west
DR-638757,Amber Welch,"Johnston, Johnson and Nguyen",us-central
DR-747034,Dr. Michael Martin,Brewer-Hernandez,us-central
DR-468530,Crystal Bradley,"Ruiz, Gomez and Wang",us-central
DR-492664,Peter Johns,"Boyd, Lopez and Gonzalez",us-central
DR-474206,Christopher Burnett,Dodson LLC,us-west
DR-566170,John Smith,Browning Ltd,us-central
DR-591792,Jeremiah Williams,Blankenship-Smith,us-west
DR-211454,Matthew Williams,Jackson-Taylor,us-west
DR-470229,Edwin Sanchez,Johnson PLC,us-west
DR-758995,Stephen Colon,Strong-Hernandez,us-west
DR-595216,James Fitzgerald,"Schmitt, Munoz and Schneider",us-west
DR-244543,Taylor Jordan,Riggs-Cook,us-west
DR-594079,Francisco Cooper,Hunter-Hicks,us-central
DR-498474,Howard Fisher,"Flores, Lewis and Moore",us-west
DR-830715,Daniel Compton,"Mendoza, Thomas and Smith",us-west
DR-311393,Linda Jordan,"Brown, Gordon and Thomas",us-central
DR-688118,Peter Martin,Henderson and Sons,us-west
DR-953436,Mary Wolfe,"Blackwell, Waters and Johnson",us-central
DR-818065,Margaret Hamilton,Shaw Ltd,us-central
DR-460884,Patrick Peters,"Romero, Rhodes and Russo",us-central
DR-891257,Lauren Herrera,Oconnor Inc,us-central
DR-387997,Alexander Kemp,"Carrillo, Spencer and Miller",us-central
DR-226107,Kristi Chavez,"Murphy, Haynes and Anderson",us-west
DR-343084,Mary Knox,Mason-Stevenson,us-central
DR-121969,Edward Bryan,"Lawrence, Anderson and Ward",us-central
DR-920584,Robert Suarez,Williams and Sons,us-west
DR-318098,Daniel Brennan,Li-Waters,us-central
DR-724233,Janet Mills,Robinson Inc,us-west
DR-816275,Tom Medina,Rodriguez-Arnold,us-west
DR-760526,Alexis Smith,Edwards PLC,us-central
DR-638578,Kelly Gonzalez,"Rodriguez, Perez and Moreno",us-west
DR-826778,Hannah Carter DDS,Evans-Parker,us-central
DR-862080,Kimberly Chapman,Coleman-Bryan,us-west
DR-514654,Victoria Mendoza,Mendoza-Lucas,us-west
DR-755208,Robert Malone,Kline-Jackson,us-west
DR-403879,James Richardson,Wyatt-Martinez,us-central
DR-370976,Anthony Lucas,Floyd and Sons,us-west
DR-548180,Michelle Boyd,Johnson Ltd,us-west
DR-527050,Peter Sexton,Jenkins PLC,us-west
DR-821687,Ann Martinez,"James, Cox and Cross",us-west
DR-427449,Carlos Rodriguez,Morgan-Ramirez,us-west
DR-879676,Stephanie Ross,Preston-George,us-central
DR-905128,Mario Fuller,Black PLC,us-central
DR-234530,Andrew Hodge,"Anderson, Daniel and Davis",us-central
DR-421349,Shane Perez,Adams Ltd,us-west
DR-515647,Jennifer Mitchell,"Graves, Alvarado and Maxwell",us-west
DR-965676,Richard Chen,Villarreal-Murray,us-west
DR-746094,Ashley Porter,Miller Inc,us-central
DR-943729,Kim Wagner,Dunn Group,us-central
DR-865294,Nicole Fischer,Webb Group,us-west
DR-182310,Tracy Johnson,Hunter-Mcclain,us-central
DR-758550,Aaron Trevino,Henderson Group,us-west
DR-223976,William Meyer,Ballard-Jones,us-west
DR-234723,Wayne Moore,Cohen Ltd,us-west
DR-689465,Mrs. Melanie Everett,"Taylor, White and Duffy",us-west
DR-652511,Phillip Thomas,"Flores, Brown and Johnson",us-west
DR-954773,Stephen Hunter,Wagner-Day,us-central
DR-265517,Alicia Lee,"Miller, Arnold and Price",us-west
DR-275473,Dale Banks,"Mcclure, Gonzalez and Gay",us-west
DR-923885,Kelly Daniels,Lane-Harper,us-central
DR-767057,Kristen Campbell,Henderson-Nixon,us-west
DR-540132,Daniel Fisher,Bass LLC,us-west
DR-348707,Matthew Banks,Franklin Inc,us-central
DR-329850,Tracy Meadows,Maldonado-Bradley,us-central
DR-678643,Thomas Collins,"Hernandez, Nelson and Hendrix",us-central
DR-735485,Timothy Sanchez,Smith-Harvey,us-west
DR-986237,Sandra Miller,"Larson, Moore and Pollard",us-west
DR-978387,David Kerr,Stanley and Sons,us-central
DR-925253,Dr. Sonya Gutierrez,"Jackson, Wright and Patel",us-west
DR-944467,Lisa Perkins,"Gibson, Orozco and Johnson",us-central
DR-715248,Dawn Gillespie,Kennedy Ltd,us-central
DR-709886,Becky Mckinney,Madden-Anderson,us-central
DR-555133,Derek Lopez,Barnes-Rollins,us-west
DR-139961,Michael Henderson,"Briggs, Rodriguez and Wilkins",us-west
DR-622770,Crystal Daniels,Leon-Vasquez,us-central
DR-983714,Jamie Bennett,"Gutierrez, Newman and Watson",us-west
DR-233097,Christopher Brown,"Escobar, Prince and Le",us-west
DR-885986,Jeremiah Castillo,Mckay-Johnson,us-west
DR-446901,Justin Mcdowell,"Keller, Bass and Dunn",us-central
DR-681267,Kimberly Collins,Williamson and Sons,us-central
DR-533557,Phillip Allen,House Inc,us-central
DR-676721,Adam Perry,Gallagher LLC,us-central
DR-927979,Charles Leon,Jacobs-Mendez,us-central
DR-577079,Rebecca Kennedy,"Johnson, Nguyen and Phillips",us-west
DR-714459,Joshua Jones,Mccarthy-Serrano,us-central
DR-618126,Philip Williams,Marsh-Brock,us-central
DR-283147,Carrie Barnett,"Terrell, Scott and Wilson",us-west
DR-240126,Marissa Harris,"Wright, Hart and Frazier",us-west
DR-912750,Ryan Ball,Young-Rogers,us-west
DR-867084,Jay Arnold,Craig PLC,us-west
DR-522374,Joanne Murphy,"Martinez, Davis and Perez",us-west
DR-121348,Cody Schultz,Henderson-Miller,us-west
DR-654708,William Hall,"Miller, Davis and Schmitt",us-west
DR-710558,Leonard Williams,Wise PLC,us-central
DR-768569,Andrew Berry,Dillon Group,us-central
DR-630761,Jimmy Horne,Moore Inc,us-west
DR-525342,Michael Wright,Ford-Bryant,us-west
DR-138193,Michael Morris,"Bender, Williamson and Mccoy",us-west
DR-235581,William Powell,"Santos, Smith and Morris",us-central
DR-991116,Renee Allen,"Perry, Smith and Miranda",us-central
DR-873280,Ryan Warren MD,Hall Group,us-west
DR-279379,Chad Woods,Garrett Inc,us-central
DR-759067,Douglas Martinez,Johnson Inc,us-west
DR-777502,Jerry Contreras,Cooke-Salinas,us-west
DR-426349,William Mullins,Young Group,us-central
DR-186167,Christopher Collins,"Griffith, Herman and Wilson",us-central
DR-988813,John Clark,Lucas Ltd,us-west
DR-727564,Douglas Matthews,Wolfe Group,us-central
DR-688685,John Williams,"Garcia, Graham and Franklin",us-central
DR-433799,Glenn Wood,"Baker, Wilkerson and Allen",us-central
DR-759075,Angela Gutierrez,"Smith, Norris and Bridges",us-central
DR-999741,Danielle Clayton,"Obrien, Barnett and Howard",us-west
DR-812429,Brooke Burke,"Walter, Reyes and Nelson",us-west
DR-556572,Kenneth Williams,Ray Group,us-central
DR-530430,Terri Walker MD,Hale PLC,us-central
DR-560968,Christopher Brown,Anderson and Sons,us-west
DR-464161,Blake Jones,Clark-Costa,us-west
DR-206568,Kimberly Harrison,"Bruce, Hunt and Alexander",us-west
DR-289100,Victor Serrano,Smith Group,us-west
DR-565931,Erica Rodriguez,Thompson Group,us-west
DR-783308,Amy Brown,Reynolds and Sons,us-west
DR-733757,Patricia Kent,Byrd and Sons,us-central
DR-172031,Cassie Sparks,Brown LLC,us-central
DR-592698,Christine Johnston DVM,Randolph-Roberts,us-central
DR-353148,Elizabeth Knox,Johnson LLC,us-central
DR-404461,Lori Duarte,Webster-Barnes,us-central
DR-872148,Jennifer Whitaker,"Jones, Cummings and Lambert",us-west
DR-786831,Denise Mayer,"Hughes, Black and Pierce",us-west
DR-557071,Carl House,"Anderson, Arnold and Arroyo",us-central
DR-893569,John Martin,"Pena, Fischer and Wallace",us-west
DR-246972,Anthony Sutton,Ball Group,us-west
DR-854369,Robin Gordon,"Grant, Bass and Fischer",us-central
DR-542144,Jake Smith,"Griffin, Clay and Lewis",us-west
DR-651727,Gary Jones,Fox-Glenn,us-west
DR-612188,Elizabeth Ritter,Green Group,us-central
DR-175014,Matthew Chavez,"Garcia, Harris and Fitzgerald",us-central
DR-430024,William Morgan,Solis Ltd,us-central
DR-432994,Scott Mendoza,Young Inc,us-central
DR-769079,Nicholas Vaughn,Foster Ltd,us-central
DR-557920,James Byrd,"Blackwell, Hampton and Rhodes",us-west
DR-427316,Shannon Smith,"Rivera, Swanson and Rodgers",us-west
DR-299957,Sarah Stewart,Byrd-Mays,us-west
DR-302631,Emily Abbott,Bowman PLC,us-west
DR-152805,Brian Brock,Hunt-Shaw,us-central
DR-433006,Carlos Miller,"Montoya, Martinez and Anderson",us-west
DR-295134,Cheryl Diaz,"Salas, Evans and Schwartz",us-west
DR-364720,Daniel Singleton,"Ward, Anderson and Wright",us-west
DR-568269,Spencer Harrington,"Zamora, Kramer and Brooks",us-central
DR-219667,Kimberly Rosario DDS,Pierce Inc,us-west
DR-385713,Bonnie Blackwell,"Allen, Berry and Boone",us-central
DR-461749,Dominique Bennett,Hogan-Jackson,us-west
DR-200836,Lori Garrett,Keith PLC,us-central
DR-905777,Michael Mendez,Brown Ltd,us-central
DR-796684,William Kline,"Martinez, Griffin and Walker",us-west
DR-542698,Kathryn Brady,Miller LLC,us-west
DR-344736,Sabrina Shaw,Hall-Morse,us-central
DR-244474,Jonathan Reed,Robertson-Davis,us-west
DR-226874,Jennifer Huber,Bowen-Douglas,us-central
DR-953593,Scott Pierce,Reyes-Bell,us-central
DR-731789,Rebecca Thompson,Meyer PLC,us-west
DR-323955,Aaron Evans,"Perry, Haney and Dawson",us-west
DR-916485,Gwendolyn Taylor,Cameron Group,us-west
DR-842615,Nicole Decker,Nelson Ltd,us-central
DR-899948,Betty Monroe,Torres LLC,us-west
DR-507164,William Martinez MD,Johnson Inc,us-west
DR-617215,Joshua Rose,Cross PLC,us-west
DR-768410,Latasha Norton,Salazar Inc,us-central
DR-566218,Meghan Russell,Taylor Inc,us-west
DR-104575,Patricia Morales MD,Reyes Ltd,us-central
DR-565334,Henry Brown,Hall Group,us-central
DR-743566,Rebecca Macdonald,Mcguire-Harvey,us-west
DR-885749,Jaime Vasquez,Page Inc,us-central
DR-994495,Valerie Buchanan,"Weiss, Castro and Gray",us-west
DR-658056,Colleen Wilson,Robinson-Sharp,us-west
DR-516629,Michael Compton,Parks-Powers,us-central
DR-923950,Timothy Diaz,Nichols Group,us-central
DR-376152,Ethan Hancock,Nelson Inc,us-west
DR-994089,Lisa Welch,Horn and Sons,us-west
DR-334199,Katie English,Tucker LLC,us-west
DR-892597,Jennifer Burton,"Brown, Reeves and Chavez",us-central
DR-130249,John Steele,Anderson-Maldonado,us-west
DR-796714,Sherry Yates,"Thomas, Kelley and Sanchez",us-central
DR-935692,Joseph Franklin,Vang-Conner,us-central
DR-419860,Ashley Kramer,Brown Inc,us-west
DR-556980,Michael Fisher,Kemp-Willis,us-central
DR-531669,Valerie Ramirez,"Banks, Hawkins and Williams",us-west
DR-604626,Tyler Bowman,Snyder-Andrews,us-west
DR-219343,Bryan Holder,Austin Inc,us-west
DR-889282,Wayne Smith,Hart-Benton,us-central
DR-848412,Mary Meyers,"Cook, Gates and Collins",us-central
DR-414342,Megan Rose,"Long, Marks and Edwards",us-west
DR-338469,Nina Watts,Ramos Ltd,us-central
DR-459651,Tammy Richardson,Wilcox-Johnson,us-west
DR-634016,Matthew Walker,Sandoval-Dominguez,us-central
DR-803249,Samuel Lane,"Thompson, Fuentes and Barnes",us-central
DR-973295,Karen Morris,Velez Ltd,us-west
DR-663985,Lydia Figueroa,Patel Group,us-central
DR-674169,Matthew Santana,"Gardner, Griffin and Compton",us-west
DR-984898,Kelly Hunter,Jenkins Group,us-west
DR-457178,Leonard Harris,Silva Inc,us-central
DR-114252,Gregory Strickland,"Brown, Underwood and Gould",us-central
DR-525950,Christian Rodriguez,"Bates, Nguyen and Allen",us-west
DR-466487,Dr. Bobby Johnson V,Stein-Lynch,us-central
DR-693502,Tonya Morales,Ortega-Johnson,us-central
DR-843169,Sara Smith,"Stephens, Nelson and Hudson",us-west
DR-277485,Tyler Sutton,Hodges Group,us-west
DR-404377,Jesse Henderson,Sexton-Velez,us-central
DR-364963,Ian Richards,Thomas LLC,us-central
DR-270609,Erica Mason,Owens Group,us-west
DR-610793,Sean Miller,Nicholson Group,us-central
DR-236071,John Dodson MD,"Thompson, Ward and Chavez",us-central
DR-613561,Joseph Carr,Hoffman-Johnson,us-west
DR-930619,Allison Mitchell,Maldonado LLC,us-west
DR-812102,Thomas Whitney,Garcia Ltd,us-west
DR-816913,Marie Shelton,Mendoza-Smith,us-central
DR-317375,Meghan Lopez,Rivera-Romero,us-central
DR-680171,Carlos Suarez,Garcia and Sons,us-central
DR-990622,Jeffrey Mills,Miller LLC,us-central
DR-895513,Jennifer Miller,Lopez Inc,us-west
DR-991974,Brittney Mccarthy,Nielsen-Christensen,us-central
DR-550740,Christopher Mejia,Barnett LLC,us-west
DR-744147,Jaclyn Powers,Davis PLC,us-central
DR-665447,Shane Rodgers,Mcdowell-Allen,us-west
DR-910288,Andrew Norris,Farrell-Bryant,us-central
DR-453624,Valerie Cook,Johnson Group,us-west
DR-588013,Olivia Smith,"Gentry, Chang and Jones",us-central
DR-982179,Cynthia Cooke,Davis Ltd,us-west
DR-409023,Sarah Flores,Sanchez Inc,us-central
DR-794558,Matthew Howard,Odom-Murphy,us-west
DR-627639,Amanda Greene,"Caldwell, Vega and Garcia",us-central
DR-711629,Angela Hernandez,"Simmons, Estes and Acevedo",us-central
DR-383509,Laurie Cohen,"Reed, Rivera and Martinez",us-central
DR-163871,Christopher Barton,Morales-Watson,us-central
DR-262214,Jamie Hill,Smith-Green,us-central
DR-968603,Jonathan Buckley,Moore PLC,us-central
DR-519254,Sara Webb,Raymond-Erickson,us-west
DR-582847,Ryan Thomas,Rodriguez and Sons,us-central
DR-265868,Tina Farley,Hamilton Ltd,us-central
DR-968399,Amanda Smith,Gomez-Nolan,us-west
DR-612809,William Hayes,Travis Group,us-west
DR-464466,Luis Allen,Lara-Young,us-west
DR-647873,Crystal Wallace,Moore-Myers,us-central
DR-272506,Michael Hoffman,Bush-Peck,us-west
DR-483599,Carrie Browning,Matthews and Sons,us-central
DR-538830,Deborah Nelson,Boyd LLC,us-central
DR-263954,Michael Hamilton,Williams PLC,us-central
DR-500545,Kimberly Escobar,"Smith, Smith and Rose",us-west
DR-805688,Emily Anderson,"Williams, Kim and Ortiz",us-central
DR-710646,Matthew Allen,Mcdaniel and Sons,us-west
DR-860363,John Morton,"Johns, Martinez and Caldwell",us-central
DR-138898,Sarah Long,"Morrison, Hess and Cole",us-west
DR-940387,Faith Mercado,Hernandez LLC,us-central
DR-594841,Danielle Bond,Cook LLC,us-west
DR-660979,Luis Williams,"Leonard, Little and Fletcher",us-west
DR-150511,Donna Moss DVM,Fisher Group,us-west
DR-661899,Benjamin Livingston,Crawford-Obrien,us-central
DR-933870,Crystal Pierce,Peterson Inc,us-west
DR-449704,Andrew Murphy,"Santos, Hartman and Ho",us-west
DR-116683,Stephen Walker DVM,Wilkins Group,us-west
DR-369241,Justin Leach,"Wise, Taylor and Williams",us-west
DR-667107,Patricia Palmer,Coleman-Poole,us-central
DR-678582,Kristin Morgan,Blair-Gutierrez,us-west
DR-979709,Daniel Martinez,"Soto, Estrada and Jones",us-central
DR-815425,Laura Phillips,Smith-Mitchell,us-west
DR-480321,Daniel Reid,Woodward-Dunn,us-west
DR-782566,Brandi Rowe,Welch PLC,us-west
DR-692611,Thomas Buckley,"Green, Morris and Hansen",us-west
DR-353815,Andrea Fields,Lambert and Sons,us-central
DR-411570,Claudia Martin PhD,Barrett LLC,us-west
DR-103463,Michelle Weiss,Moore and Sons,us-central
DR-903668,Christopher Jones,Carter-Melton,us-central
DR-252057,Mary Cunningham,Gentry PLC,us-west
DR-211437,Brendan Sharp,Jones Ltd,us-west
DR-991298,Wesley Bennett,"Contreras, Gibson and Harmon",us-central
DR-160641,Mr. Caleb Singh MD,Pratt-Reyes,us-west
DR-661621,Sarah Sullivan,Clark-Wall,us-west
DR-156342,Carolyn Mendoza,"Montgomery, Walton and Hudson",us-central
DR-619512,Jason Mcknight,Garcia PLC,us-west
DR-144765,Lauren Evans,"Douglas, Lopez and Smith",us-central
DR-161530,Cindy Arnold,"Williams, Lopez and Hendricks",us-central
DR-424033,Michael Powers,Ortiz-Larson,us-west
DR-501613,Christina Thomas,"Chandler, Mathews and George",us-central
DR-162991,Andrea Richards,Brock-Marshall,us-central
DR-898455,Gregory Riley,Joyce Inc,us-west
DR-612597,George Oconnor,Hartman Ltd,us-west
DR-130919,Douglas Hodge,Gross Ltd,us-central
DR-402843,Andrew Johnson,Hart-West,us-west
DR-670488,Candice Benton,"Giles, Castillo and Jimenez",us-central
DR-904220,Patrick Sosa,Smith LLC,us-central
DR-466107,Sydney Richmond,Zimmerman Group,us-west
DR-590613,Elizabeth Jones,Blevins LLC,us-west
DR-771679,Alyssa Quinn,"Baker, Nixon and Lopez",us-central
DR-774477,David Townsend,"Hays, Contreras and Padilla",us-central
DR-362551,Alicia Quinn,Bartlett-Barker,us-central
DR-902429,Michelle Smith DDS,Bailey Ltd,us-central
DR-629702,Brianna Alvarado,Kelly and Sons,us-central
DR-583792,Ashley Johnson,"Hunt, Shaw and Alexander",us-west
DR-265082,Angela Butler,"Macias, Hill and Bradley",us-west
DR-194563,John Tate,Stephens Inc,us-west
DR-396881,Jordan Rodriguez,Price Ltd,us-central
DR-253678,Peter Hernandez,Garcia-Park,us-west
DR-695698,Tara Mccarty,"Miller, Wilson and Bartlett",us-central
DR-399606,Krystal Newman,Schneider-Bailey,us-central
DR-994305,Wendy Whitaker,Rowe-Salinas,us-central
DR-880814,Brandy Holland,Diaz LLC,us-west
DR-804107,Clinton Brown,"Zavala, Webb and Dunn",us-west
DR-961844,Darlene Garrison,Prince and Sons,us-central
DR-913638,Jessica Allen,Nichols PLC,us-central
DR-747593,Lindsey Ayala,Parrish-Brown,us-central
DR-177233,Karen Ponce,"Mcgrath, Williams and Mitchell",us-central
DR-692537,Christopher Poole,Stewart and Sons,us-central
DR-566087,Amanda Potter,"Powell, Solis and Harrell",us-west
DR-650720,Kathryn Jackson,"Williams, Anderson and Barnes",us-west
DR-474678,Sharon Huff,Norman-Salazar,us-central
DR-758310,Kimberly Vasquez,Robinson-Miller,us-central
DR-968564,Kelly Murphy,Dennis-Orozco,us-central
DR-566499,Deborah Bates,Dickerson-Harris,us-west
DR-289313,Christina Clarke,Rogers and Sons,us-west
DR-382687,Madison Hernandez,Roberson-Clark,us-central
DR-619516,Stephen Mayer,"Sullivan, Fry and Jones",us-west
DR-539790,Shannon Russell,"Matthews, Levine and Foley",us-west
DR-269928,Brianna Briggs,"Paul, Hubbard and Ferguson",us-west
DR-290165,Erin Martin,Cervantes Group,us-central
DR-110933,Alexander Jackson,"Rowe, Klein and Singh",us-central
DR-405826,Hannah Le,"White, Warner and Mathews",us-west
DR-491894,Trevor Todd,Castaneda-Vaughn,us-central
DR-730285,Juan Olsen,Jones Inc,us-west
DR-305338,Jeremiah Ryan,Coleman Ltd,us-west
DR-475872,Jason Dougherty,Castro Group,us-west
DR-442572,Michelle Oconnor DVM,"Wise, Townsend and Griffin",us-central
DR-443369,Brian Harris,French Ltd,us-west
DR-943922,Haley Duran,"Dunn, Moss and Reynolds",us-central
DR-923442,Caitlyn Lucas,"Clayton, Anderson and Walker",us-west
DR-927372,Victor Ortega,"Watts, Holmes and Bowers",us-central
DR-412052,Julia Andrade,Little Inc,us-west
DR-649089,Christine Petty,"Thomas, Meyer and Tapia",us-central
DR-591541,John Johnson,Crane-Smith,us-west
DR-710317,Todd Conner,Hawkins LLC,us-central
DR-333697,Tiffany Mccullough,"Johnston, Joyce and Kelly",us-west
DR-556070,Melissa Moore,"Contreras, Oconnor and Lee",us-central
DR-268541,Rebecca Santiago,Reid Group,us-central
DR-974213,Erika Ramirez,Kelly PLC,us-west
DR-235445,Nichole Cruz,Arellano-Wilkinson,us-west
DR-975981,Meagan Phelps,Meyers PLC,us-west
DR-185643,Jessica Holt,"Jones, Davis and Cross",us-central
DR-714217,Michelle Robertson,Martin-Warren,us-central
DR-648255,Mary Curry,Peterson-Cruz,us-west
DR-788370,Michael Gonzalez,Church PLC,us-west
DR-697364,Mandy Graham,Franklin Ltd,us-west
DR-546655,Michelle Maxwell,Franklin PLC,us-west
DR-741110,Philip Cook,Erickson-Jones,us-central
DR-611091,Cassandra Williams,Rubio-Reed,us-central
DR-697259,Heather King,"Weaver, Brown and Myers",us-west
DR-145181,Earl Hernandez,Carr-Grant,us-central
DR-731536,Ashley Wall,"Adkins, Williams and Parks",us-west
DR-649182,Rebecca King,"Murphy, Farrell and Casey",us-central
DR-209952,Caleb Phelps,Jackson-Turner,us-central
DR-985353,Alan Curry,Jimenez-Hill,us-central
DR-941581,Eric Contreras,"Davis, Munoz and Ross",us-west
DR-751734,Roy Mann,"Mitchell, Smith and Johnson",us-central
DR-734793,Bryan Morrison,Wright-Brooks,us-west
DR-837403,Emma Evans,"Patterson, Conner and Cook",us-west
DR-934603,Philip Chavez,Ramos-Mullen,us-central
DR-667388,Vanessa Flores,Brown Inc,us-central
DR-949540,Chelsea Thompson,"Pacheco, Odom and Wilson",us-central
DR-366303,Mary Lynch,Taylor-Washington,us-central
DR-516617,Steven Fritz,"Rodriguez, Huffman and Hernandez",us-central
DR-629392,Taylor Clark,Lowery-Diaz,us-central
DR-604899,Ryan Lopez,Powell LLC,us-west
DR-288494,Cynthia Nguyen,Perez-Richard,us-central
DR-209381,Christopher Ruiz,Terry-Howard,us-central
DR-961634,Mr. George Hicks Jr.,Smith PLC,us-west
DR-314754,Deborah Jennings,"Davis, Gutierrez and Shepherd",us-central
DR-449166,Elizabeth Lucero,Brown-Oneill,us-central
DR-438985,Andrew Carter,Gonzalez and Sons,us-central
DR-791590,Jason Robertson,May-Poole,us-west
DR-430685,Brandy Gonzalez,Brown-Mayer,us-central
DR-636953,Patrick Stewart,Weaver Inc,us-central
DR-172504,Daniel Mitchell,Fleming and Sons,us-central
DR-950335,Justin Hunter,Hawkins-Perez,us-west
DR-146708,Beth Scott,Benton Ltd,us-west
DR-795427,Greg Barnes,Keith and Sons,us-central
DR-615208,Matthew Kelley,Whitney-Mason,us-central
DR-965616,Robert Ho,"Patterson, Levy and Johnson",us-west
DR-340432,Robin Strong,"King, Dixon and Brooks",us-central
DR-451791,Jessica Wright,Roberts-Buck,us-central
DR-387953,Allison Lambert,Green-Powell,us-central
DR-205612,Paul Cabrera,"Figueroa, Padilla and Saunders",us-west
DR-874021,Stephanie Payne,Bird-Hampton,us-west
DR-160306,Anna Bass,Vasquez-Bradley,us-west
DR-348148,Barry Grant,"Davis, Miles and Hicks",us-central
DR-348744,Samuel Miller,"Bradley, Owens and Frank",us-central
DR-883282,David Sandoval,Love-Garrett,us-west
DR-726822,Jared Glenn,"Hunt, Oconnell and Rubio",us-west
DR-696577,Vanessa Rogers,Peterson-Thompson,us-central
DR-823106,Haley Barber,"Farley, Nelson and Jackson",us-west
DR-403579,Kenneth Norris,Spencer-Jones,us-west
DR-817256,Eric Collins,"Miller, James and Reed",us-central
DR-370763,Jonathan Long,"Parker, Knight and Espinoza",us-west
DR-483316,Nathaniel Johnson,Martin-Daniels,us-central
DR-615482,Timothy Bryant,"Hansen, Mcmillan and Burke",us-central
DR-506858,Valerie Fernandez,Robinson LLC,us-west
DR-158875,Stephanie Stewart,Hayden Ltd,us-central
DR-388901,Jessica Cole,Miller Inc,us-central
DR-480841,Bianca Nguyen,Sosa Ltd,us-west
DR-138036,Sandra Johnson,Johnson Inc,us-central
DR-308902,Timothy Jackson,Boyd-Valenzuela,us-central
DR-201808,Jerry Buchanan,Kline-Johnson,us-central
DR-716320,Jennifer Garcia DDS,Clark Group,us-central
DR-129274,Denise Scott,Brown-Swanson,us-west
DR-739704,Stephen Brown,Hammond-Black,us-west
DR-348339,David Weaver,Murphy-Arnold,us-west
DR-414157,Jeffrey May,Jackson Group,us-west
DR-420491,Benjamin Burke,Brown-Perez,us-west
DR-532705,Julie Skinner,"Gray, James and Bailey",us-west
DR-721677,Tiffany Bryan,Stephens-Johnson,us-west
DR-824390,Paul Jackson,Rivers-Cole,us-west
DR-398325,Joshua Castro,Bennett-Foster,us-central
DR-837386,Elizabeth Thomas,"Warren, Green and Hicks",us-west
DR-277567,David Mitchell,Ford Group,us-central
DR-453040,John Lawson,Clark-Thomas,us-central
DR-196180,Chad Williams,Berry Inc,us-west
DR-633918,Katelyn Rios,Harvey LLC,us-central
DR-946391,Daniel Warner,"Wise, Flores and Zimmerman",us-central
DR-541757,Leonard Owens,"Carter, Kaufman and Perez",us-west
DR-337702,Scott Stout,"Williams, Yates and Thomas",us-central
DR-214445,Mr. Chad King,Perez-Mills,us-west
DR-989317,Donald Harvey,Jimenez-Carter,us-west
DR-608590,Timothy Little,"Edwards, Cooper and Zuniga",us-west
DR-911824,Amanda Martin,"Greene, Reyes and Vance",us-west
DR-651801,Sarah Parker,Richardson PLC,us-west
DR-687266,Russell Brooks,Gonzales Inc,us-central
DR-862519,Mr. Charles Barrett,"Sanchez, King and Dalton",us-central
DR-791928,Larry Barnes,"Baker, Hicks and Berry",us-central
DR-965669,Sarah Johnson,Freeman Group,us-central
DR-996445,Jennifer Thompson,Gregory PLC,us-central
DR-667081,Ashley Wang,Michael Ltd,us-west
DR-845438,Brianna Johnson,"Evans, Davis and Webb",us-central
DR-276922,Christopher Perry,Mcgee Inc,us-west
DR-393965,Christopher Wright,Knight Ltd,us-central
DR-402310,Cory Cox,Brown-Valdez,us-central
DR-703874,Caitlin Lambert,Miller-Mcbride,us-west
DR-380741,Thomas Paul,Gonzales Ltd,us-west
DR-535755,Tony Thompson,Jackson-Bush,us-west
DR-881577,Sara Spencer,Wiley Ltd,us-central
DR-106389,Marcus Kelly,Hurst-Ramirez,us-west
DR-194257,Michael Smith,Luna-Smith,us-west
DR-294857,Katrina Carter,Booth-Compton,us-central
DR-146799,Thomas Cherry,"Mcclure, Davis and Hernandez",us-west
DR-679268,John Thornton,"Wang, Welch and Archer",us-west
DR-762417,Karen Bryant,"Christian, Long and Huerta",us-central
DR-795047,Jacqueline Sims,"Villa, Pena and Castro",us-west
DR-834136,Dr. Cindy Fox DDS,Saunders and Sons,us-central
DR-646559,Jose Tate,Manning PLC,us-west
DR-266522,Anne Roman,Peck-Johnson,us-west
DR-487009,Tammie Fowler,Ferrell Group,us-central
DR-310978,Matthew Floyd,Hanson-Rivera,us-west
DR-542459,Christopher Rose,"Larson, Dixon and Molina",us-west
DR-937561,Melissa Mccarthy,Perez-Hall,us-central
DR-899211,Francisco Nguyen,"Daniels, Sherman and Lopez",us-west
DR-854905,Cynthia Gonzalez,Serrano PLC,us-west
DR-418962,Renee Meyer,Shaw-Lewis,us-central
DR-143885,Mrs. Kelly Castro,"Miller, Lewis and Boyle",us-west
DR-195857,Melissa Molina,"Jackson, Mullins and Olsen",us-west
DR-136837,Patrick Haynes,"Freeman, Bowers and Vasquez",us-central
DR-954543,Elizabeth Alvarez,"Martinez, Manning and Kennedy",us-west
DR-365722,Kyle Herring,"Allen, Roberts and Ellison",us-west
DR-872317,Kimberly Rodriguez,Cochran-Martinez,us-west
DR-993913,Courtney Montgomery,Jenkins-Barnes,us-west
DR-708551,Shane Perez,Young Group,us-west
DR-410003,Theresa Soto,"Miller, Johnson and Berry",us-central
DR-232645,Sean Sanchez,"Steele, Bell and Chang",us-central
DR-215935,David Braun,"Jackson, Friedman and Vazquez",us-west
DR-566369,Kelly Andrews,"Mcdowell, Diaz and Brown",us-central
DR-289532,Rita Wong,"Gonzalez, Hughes and Anthony",us-central
DR-622746,Kayla Woods,Nunez-Gray,us-central
DR-532070,Chelsea Valencia,Hodges Inc,us-central
DR-259416,Christopher Bell,"Perez, Rivera and Perry",us-central
DR-880846,Tyler Bailey,Gutierrez-Webster,us-central
DR-516309,Karen Massey,"Kennedy, Townsend and Bradley",us-west
DR-664884,David Smith,Rivera-Taylor,us-west
DR-934122,Karen Smith,Hale LLC,us-central
DR-774130,Jenna Hoffman,Thompson Inc,us-west
DR-365339,Jose Townsend,Vazquez Inc,us-central
DR-866915,Terry Lawson,"Bennett, Chapman and Davis",us-west
DR-841973,Oscar Gonzalez,Quinn-Martin,us-central
DR-860399,Kevin Pierce,Byrd-Moore,us-west
DR-394210,Ashley Gonzalez,White LLC,us-west
DR-448855,Gregory Lopez,"Shields, Hudson and Gonzalez",us-central
DR-662218,Angela Larson,"Sullivan, Mckenzie and Delgado",us-central
DR-304292,Henry Brown,Fisher LLC,us-west
DR-458073,Christina Bennett,Jones Ltd,us-central
DR-158365,Sherry Nguyen,Weaver-Cole,us-west
DR-848345,Carlos Tanner,Lyons-Rivera,us-west
DR-233866,Lucas Arroyo,"Conrad, May and Wilcox",us-west
DR-708771,Janice Noble,Thompson Group,us-central
DR-913405,Jenny Nichols,"Garcia, Hickman and Williams",us-central
DR-434263,Kenneth Griffith,"Parker, Anderson and Ortiz",us-west
DR-343085,Sarah Watson,Roberts and Sons,us-west
DR-313364,Kyle Holt,Wilson-Powers,us-west
DR-320847,Matthew Harrington,Meadows-Martin,us-west
DR-262471,Maureen Parker,Mack-Cherry,us-west
DR-254306,Maria Fisher,Campbell and Sons,us-central
DR-339939,Sherri Wilson,Austin Inc,us-west
DR-384616,Annette Richard,"Ellis, Williams and Watson",us-central
DR-221300,Danny Walton,Vincent Inc,us-west
DR-774864,Melissa Smith,"Collins, Smith and Russell",us-central
DR-463959,Rodney Cook DVM,Little-Lucas,us-west
DR-368601,Dennis Kelly,Vaughan and Sons,us-central
DR-786733,Becky Gomez,Anderson-Bender,us-west
DR-789920,Randy White,"Avila, Arnold and Bishop",us-central
DR-969017,Sara Graves,Gomez Ltd,us-west
DR-909415,Rachel Madden,"Downs, Wilson and Simmons",us-central
DR-776277,Jacqueline Anderson,Hughes Inc,us-west
DR-237421,Danny Edwards,"Robinson, Hill and Willis",us-west
DR-524256,Richard Lewis,Walker-Richardson,us-west
DR-500130,Andrew Peck,Morgan-Drake,us-central
DR-528354,Dale Garcia,Chambers LLC,us-west
DR-678971,Devin Cruz,Gomez-Thompson,us-west
DR-619630,Amanda Cooper,Fowler-Thomas,us-west
DR-773054,Anita Ortega,"West, Hardin and Burke",us-west
DR-157059,Rebecca Holmes,"Bernard, Gibson and Flores",us-west
DR-984583,Todd Mccarthy,"Thomas, Meadows and Miller",us-central
DR-661635,Kimberly Coleman,Petersen-Griffin,us-central
DR-618225,Amy Jackson,Harper-Manning,us-west
DR-472015,Michael Wright,Fields-Miles,us-west
DR-187050,John Olsen,Miranda Inc,us-west
DR-318104,James Hickman,"Hicks, Harrison and Hickman",us-central
DR-596916,Rhonda Alexander,Rice PLC,us-central
DR-384717,Michael Strickland,Murphy-Phillips,us-west
DR-402312,Samuel Conley,Rose Inc,us-west
DR-598677,Nicole Evans,"Johnson, Hansen and Harris",us-west
DR-547992,Kaitlyn Carr,Stewart-Booker,us-west
DR-175546,Pamela Barnett,Patel Inc,us-west
DR-214563,Tyler Craig,"Munoz, Kemp and Caldwell",us-central
DR-354213,Joseph Rollins,Stanley-Smith,us-central
DR-809983,Jodi Williams,"Barton, Lambert and Donovan",us-west
DR-780477,Timothy Barnett,Anderson Inc,us-central
DR-546712,Laura Morris,"Martin, Lewis and Higgins",us-central
DR-218803,Jeremy King,"Williams, Barnes and Martinez",us-west
DR-101984,Heather Kerr,Brown and Sons,us-west
DR-217343,Elizabeth Mendoza,Alexander LLC,us-west
DR-809968,Jacqueline Morrison,Garcia-Cole,us-west
DR-885272,Jane Mcdaniel MD,"Brennan, Taylor and Hudson",us-central
DR-206001,Daniel Zavala,Nelson Group,us-central
DR-710528,Barbara Anderson,"Ross, Ramirez and Burnett",us-west
DR-888397,Anita Webster,West PLC,us-central
DR-679155,Marie Carter,Kane-Kennedy,us-central
DR-976629,Kenneth Huff,"Jacobs, Smith and Robinson",us-central
DR-359394,Joe Pennington,Pope Inc,us-west
DR-718358,Matthew Medina,"Bradley, Moore and Taylor",us-west
DR-397497,Isaac Martin,Rogers PLC,us-central
DR-408045,Leonard Barrera,Turner-White,us-central
DR-248396,Lori Jordan,Fields-Perez,us-west
DR-717474,Howard Hernandez,Sanchez Group,us-west
DR-671936,Brandi Marshall,Barber-Chambers,us-west
DR-809526,Mike Freeman,Williams PLC,us-central
DR-260391,Rebecca Harris,Brooks PLC,us-west
DR-777786,David Rosales,"Baker, Mitchell and Vaughn",us-central
DR-335280,Wendy Gonzalez,"Wright, Harris and Banks",us-central
DR-655269,Sarah Brown,Vaughn-Morris,us-central
DR-923710,Brad Myers,Black-Maldonado,us-central
DR-883119,William Robertson,Stewart-Miller,us-central
DR-280375,Katherine Allen,Scott LLC,us-west
DR-788415,April Adams,Anderson-French,us-west
DR-868346,Jenna Pham,Ward Ltd,us-west
DR-338182,Cory Sparks Jr.,Tate LLC,us-central
DR-667187,Michael Sawyer,Webb-Hanson,us-west
DR-147368,John Mckenzie,"Matthews, Moore and Carlson",us-central
DR-915996,Miss Elizabeth Mayer MD,"Kramer, Smith and Adkins",us-central
DR-546034,Dawn Martin,Coleman Ltd,us-west
DR-567170,Christopher Hernandez,"Lamb, Nielsen and King",us-west
DR-564900,Crystal Schwartz,"Martinez, Ball and Cervantes",us-west
DR-559860,Sherry Brown,Dixon-Robinson,us-west
DR-495236,Duane Kane,"Waller, Moore and Brown",us-central
DR-987911,Patricia Ross,Smith LLC,us-central
DR-149878,Mark Lewis,Ayala and Sons,us-west
DR-114661,Matthew Hanson,Williams-Hernandez,us-central
DR-584109,Christian Vaughn,"Hoover, Clark and Robinson",us-central
DR-693366,Tim Mcgee,Lewis-Russell,us-west
DR-722126,Stephanie Mcneil,Brown Ltd,us-west
DR-630980,Anna Anderson,"Marsh, Gonzalez and Davis",us-west
DR-791074,William Kaufman,"Barton, Ortega and Powell",us-west
DR-336492,Patrick Reynolds,Burns LLC,us-west
DR-161816,Sylvia Davis,"Torres, Hall and Jackson",us-central
DR-472517,Julie Mercer,Mullen PLC,us-west
DR-160486,Matthew Mckinney,Nelson LLC,us-central
DR-599212,Caroline Smith,Matthews PLC,us-central
DR-851358,Timothy Holmes,"Fuller, Bates and Valdez",us-west
DR-655612,Charlene Wilkinson,Meadows Inc,us-west
DR-389028,Elizabeth Jones,Campos-Chen,us-central
DR-261293,Colton Jenkins,"Mcguire, Ibarra and Sanders",us-central
DR-672514,Brittany Arnold,"Schultz, Mcclain and Williams",us-central
DR-342582,Terry Mora,Blackwell Inc,us-central
DR-601009,Mark Nguyen,"Wagner, Flores and Mclean",us-west
DR-881519,Samantha Shields,Cox-Simon,us-west
DR-113241,Jamie Singh,"Weeks, Stewart and Rivers",us-west
DR-304415,Kevin Poole,Brown LLC,us-central
DR-194052,Jesus Hernandez,Castro Inc,us-central
DR-696327,Katherine Campbell,Roberts Group,us-central
DR-578679,Jared Ruiz,"Torres, Flores and Rivers",us-west
DR-804697,Caitlin Bennett,Black Ltd,us-west
DR-370542,Paul Carrillo,"Mueller, Dean and Brown",us-central
DR-289342,James Nelson,"Williams, Bennett and Ortiz",us-west
DR-442843,Kathleen Bridges,"Fisher, Russell and Mooney",us-west
DR-806184,Gabrielle Bailey,"White, Bishop and Bradley",us-central
DR-796770,Christopher Knight,"Clark, Sweeney and Young",us-west
DR-401779,Ronnie Thomas,Brown-Arnold,us-west
DR-139214,Scott Sanchez,Torres Inc,us-west
DR-920667,Kristina Fitzpatrick,"Bean, Hogan and Brown",us-central
DR-918949,Seth Pittman,James-Trujillo,us-central
DR-241567,David Lopez,Diaz-Lee,us-central
DR-769242,Jesse Daniels,Rivera-Stewart,us-central
DR-823578,Gerald Morales,Mendoza-George,us-central
DR-284384,Miguel Powell,Hernandez Group,us-west
DR-969074,Daniel Reilly,Collins LLC,us-west
DR-448108,Jocelyn Aguilar,Edwards LLC,us-west
DR-752248,Kristy Francis,Davis Group,us-central
DR-341898,Eric Wagner,"Edwards, Johnson and Holt",us-central
DR-145753,Crystal Love,Stanley-Boyer,us-central
DR-536805,Walter Greer,Nelson PLC,us-central
DR-490110,Matthew Lynch,Peterson-Burnett,us-central
DR-207148,Denise Glover MD,Torres PLC,us-west
DR-759717,Sergio Tyler,Jones Inc,us-west
DR-579787,Wayne Roberson,"Lester, Baldwin and Rodriguez",us-west
DR-906979,Tracy Schultz,"King, Dickson and Ray",us-west
DR-711655,Alyssa Banks,"Murphy, Thomas and White",us-central
DR-828925,Victoria Wright,Hahn-Olson,us-west
DR-992530,Ann Morris,"Howard, Sanchez and Fitzgerald",us-west
DR-456825,Angel Harris,Mullins Inc,us-west
DR-687921,Jessica Davis,Collins LLC,us-west
DR-964272,Edward Nichols,Ware Group,us-central
DR-610147,Darren Aguirre,"Smith, Baldwin and Callahan",us-central
DR-238851,David Williams,Gould-Holmes,us-central
DR-109331,Pamela Cardenas,Sharp-Phillips,us-west
DR-178196,Cheryl Barnes,Howell-Dalton,us-west
DR-104298,John Griffin,Jackson LLC,us-central
DR-983403,Sheena Lynch,Welch PLC,us-central
DR-857893,Brittany Anderson,Burgess and Sons,us-central
DR-647066,Robert Garcia,"Bentley, Lane and Palmer",us-central
DR-219545,Gregory Jones,"Lucas, Valencia and Phillips",us-west
DR-226446,Brianna Orr,"Stevenson, Rivers and Landry",us-central
DR-426342,Christopher Norman,"Ewing, Duncan and Powell",us-central
DR-997709,Dana Stone,"Miller, Oconnor and Williams",us-central
DR-793638,Jason Jimenez,Randall-Hines,us-west
DR-932610,Casey Perry,Moran-Parker,us-west
DR-959172,Mr. Taylor Olson,Anderson LLC,us-west
DR-877958,Melissa Ali,Andrews and Sons,us-central
DR-712511,Katherine Byrd,Smith-Goodman,us-central
DR-935858,Cynthia Nixon,"Curry, Sandoval and Wheeler",us-central
DR-379536,John Luna,"Frank, Franklin and Watts",us-central
DR-748981,Maria Mason,"Jones, Wheeler and Schmidt",us-central
DR-761401,Victoria Haynes,"Horn, Hahn and Daugherty",us-central
DR-293352,Erin Collins,"Powell, Gregory and Dixon",us-west
DR-727677,Russell Davis,Fernandez and Sons,us-west
DR-638718,Amber Sanchez,Graham Group,us-central
DR-669073,David Cabrera,"Duarte, Schroeder and Morales",us-central
DR-929473,Jessica Powell,Whitney-Ross,us-central
DR-671080,Jacob Jenkins,Anthony and Sons,us-west
DR-727137,Garrett Holt,"Robinson, Cross and Robles",us-west
DR-981398,Jay Moreno,Carpenter Ltd,us-central
DR-562080,Kevin Alexander,"Erickson, Richards and Morrison",us-west
DR-756121,Philip Mack,Vasquez PLC,us-central
DR-823238,Stacy Molina,"Morales, Brooks and Wood",us-west
DR-406969,Kristin Brown,Henderson-Kirk,us-west
DR-474355,Monica Velasquez,Huff-Collins,us-west
DR-469963,Harold Myers,Hernandez-Anderson,us-central
DR-247040,Matthew Aguirre,Bailey-Rhodes,us-central
DR-273730,Laura Lawson,Stanley Inc,us-central
DR-588163,Christina Boyd,Carroll Group,us-west
DR-204906,Jason Briggs,Thomas Group,us-west
DR-497999,Angela Reid,Hughes-Thomas,us-west
DR-528670,Tammy Silva,Moore Ltd,us-central
DR-771345,Zachary Wyatt,"Singh, Callahan and Jones",us-central
DR-433285,Robert Moore,Soto Inc,us-west
DR-130374,Angela Smith,"Smith, Hobbs and Bailey",us-west
DR-918282,Steve Jones,White-Miller,us-central
DR-399480,Amanda Garcia,Chavez-Martinez,us-west
DR-416735,Mr. Bradley Vazquez,Davis Inc,us-west
DR-436050,Judy Jackson,"Anderson, Fitzpatrick and Blankenship",us-west
DR-366961,Kim Burnett,Jackson-Lambert,us-west
DR-738425,Dr. Mark Ramirez,"Smith, Hardy and Bender",us-west
DR-889403,Robert Blake,Williams-Smith,us-central
DR-983140,Jonathan Mcknight,Rodriguez-Rojas,us-west
DR-173257,David Richardson,"Hampton, Williams and Downs",us-central
DR-177063,Shannon Deleon,Castro Group,us-west
DR-533402,Janice Gonzalez,"Smith, Wang and Smith",us-west
DR-693519,Nicole Lewis,Bailey Inc,us-central
DR-194171,Jonathan Martinez,Whitaker-Snow,us-west
DR-464071,Cristian Mendez,Ford-Santos,us-west
DR-744501,Michelle Sanford,Lopez-Horne,us-central
DR-384048,Kathryn Freeman,Fleming-Carrillo,us-west
DR-971849,Bryan Reed,Green Ltd,us-central
DR-589589,Lisa Wang MD,Estrada and Sons,us-west
DR-806186,Anna Ford,"Marsh, Dillon and Patrick",us-central
DR-843750,Elizabeth Blair,Burns Ltd,us-west
DR-947332,Kathryn Dominguez,Pollard-Savage,us-west
DR-644141,Daniel Patterson,"Bowen, Macias and Smith",us-west
DR-584917,Joann Li,"Cooper, Cohen and Nolan",us-central
DR-779540,James Frederick,Reed-Washington,us-central
DR-194845,Javier Foster,"Taylor, Chen and Parker",us-west
DR-755366,Richard Ford,Jones Inc,us-west
DR-467966,Vanessa Martinez,Calhoun Ltd,us-central
DR-789378,Erin Conner,"Terry, Gonzales and Medina",us-central
DR-589005,Sandra Smith,Little Ltd,us-west
DR-594588,James Noble,"Bowen, Diaz and Brown",us-west
DR-274443,Linda Davis,Middleton-Martin,us-central
DR-914508,Juan Sherman,"Mcfarland, Garcia and Barnett",us-central
DR-728530,Anthony Smith,Calhoun and Sons,us-west
DR-646213,Dr. Stephanie Edwards,Valentine PLC,us-west
DR-820308,Andrew Browning,Tapia-Donaldson,us-central
DR-322114,Mr. Jared Rios,Gray-Robinson,us-west
DR-228624,Sarah Garcia,"Smith, Gould and Norman",us-central
DR-887192,Jenna Walker,Warren-Gates,us-west
DR-697169,Faith Valdez,"Ramsey, Sharp and Hall",us-central
DR-497841,Michael Montgomery,Leonard Group,us-central
DR-922817,Amy Dixon,Cruz Group,us-west
DR-480081,Mary Day,"Wood, Pratt and Butler",us-west
DR-330897,Amber Wood,"Henderson, Martinez and Costa",us-central
DR-579010,Kathleen Greene,Hartman Ltd,us-west
DR-399656,Jennifer Wallace,"Melendez, Cline and Ford",us-central
DR-173530,Johnathan Brown,Miller LLC,us-west
DR-358755,Ronnie Anderson,Herrera PLC,us-central
DR-137574,David Perkins,Barron-Kidd,us-west
DR-618686,Shannon Smith,Rodriguez-Chambers,us-central
DR-871947,Morgan Petersen,"Cherry, Walton and Anderson",us-west
DR-120793,Heidi Martin,Graham Inc,us-central
DR-709715,Paul Nelson,Weber and Sons,us-central
DR-171954,Lisa Alvarado,Black LLC,us-west
DR-225778,Danny Schultz,Burton-Calhoun,us-central
DR-846516,Michael Cardenas,"Phillips, Reynolds and Payne",us-central
DR-629056,Bonnie Hatfield,Shah-Fritz,us-west
DR-854794,David Johnson,Moore-Phillips,us-west
DR-148351,Courtney Fisher,Hall and Sons,us-central
DR-821139,Tyler Morrison,Snyder LLC,us-west
DR-477052,Mr. James Lee,"Silva, Howard and Black",us-west
DR-581705,Robert Jones MD,Hines-Vaughn,us-central
DR-892444,Dillon Becker,"Gardner, Perkins and Carter",us-central
DR-127947,Nicole Cox,Suarez-Scott,us-central
DR-317457,Robert Martin,Terry-Reed,us-west
DR-422759,Shannon Campbell,"Cunningham, Zimmerman and Bailey",us-central
DR-560534,Henry Warren,"Juarez, Hodges and Richmond",us-central
DR-239253,Lisa Dalton,"Carroll, Gould and Lee",us-central
DR-732128,Katherine Henson,"Nunez, Coffey and Barajas",us-central
DR-963594,Juan Paul,Lucas-Stokes,us-west
DR-518289,Derrick Woods,Sullivan-Brown,us-west
DR-915995,Keith Berry,"Horton, Gonzalez and Short",us-central
DR-449169,William Johnson,"Reed, Little and Pitts",us-central
DR-887060,Edwin Howard,Copeland-Jenkins,us-central
DR-301058,Jacqueline Zuniga,"Garrison, Murray and Gonzales",us-central
DR-980396,Stephen Johnson,Davis PLC,us-west
DR-224664,Jenna Wade,Williams LLC,us-central
DR-459743,Jim Norton,"Harris, Wagner and Ortiz",us-west
DR-972666,Kenneth Dennis,Mccall-Fitzpatrick,us-central
DR-912962,Suzanne Elliott,Gutierrez Group,us-central
DR-149947,Daniel Prince,"Lester, Eaton and Murphy",us-west
DR-962497,Erica West,Becker Ltd,us-west
DR-769068,Ian West,Garcia-Clements,us-west
DR-559435,Ashley Mason,Coleman Inc,us-central
DR-185010,Lisa Johnson,Mccoy PLC,us-west
DR-509171,Brett Wade,Lyons Inc,us-west
DR-240537,Sarah Ray,Arnold-Patrick,us-west
DR-995118,Justin Fischer,"Walters, Alvarez and Guerrero",us-central
DR-510455,Ryan Stokes,"Williams, Brown and Lozano",us-west
DR-993061,Andrea Ross,Preston Ltd,us-central
DR-613218,James Ellis,"Baird, Morrow and Smith",us-west
DR-200094,Molly Clark,Tran-Wright,us-central
DR-248543,Richard Chen,Smith-Valentine,us-central
DR-366989,Glen Gordon,"Burns, Lewis and Sanchez",us-west
DR-472305,Patricia Robertson,Young Group,us-central
DR-916764,James Diaz,Mclaughlin-Schmidt,us-west
DR-329216,Bill Hernandez,Navarro Inc,us-central
DR-772094,Kenneth Frazier,"Johnson, Williams and Cook",us-central
DR-458834,Victoria Perry,Gardner LLC,us-central
DR-670324,Mark Crawford,Brown and Sons,us-central
DR-725276,Lori Chandler,Wilson-Wood,us-west
DR-931596,Derrick Williams,Bell-Mcpherson,us-west
DR-230297,Emily Sanchez,"Richardson, Payne and Stanley",us-west
DR-495255,Elizabeth Davis,Garcia-Dyer,us-central
DR-712383,Allison Horne,"Nelson, Crawford and Craig",us-west
DR-192155,Francisco Duffy,Frost-Weber,us-west
DR-523397,Ryan Bryant,Vasquez-Kennedy,us-west
DR-459215,Robert Scott,Hall-Malone,us-central
DR-652817,Judith Hutchinson,"Smith, Spence and Harrison",us-central
DR-924569,Aaron Huffman,Cox and Sons,us-central
DR-851491,Margaret Sanders,Boyd-Griffith,us-central
DR-502357,Larry Gomez,Johnson-Pierce,us-central
DR-797106,Jonathan Robinson,Edwards and Sons,us-central
DR-612721,Sarah Brown,"Castro, Bell and Sandoval",us-central
DR-699543,Linda Wilcox,Brown-Hall,us-central
DR-545302,Richard Rios,Jones Inc,us-west
DR-788851,Andre Baird,Rogers-Johnson,us-west
DR-468024,Gregory Allen,"Robinson, Nunez and Winters",us-west
DR-856575,Eric Stevens,"Williams, Vasquez and Thornton",us-central
DR-853078,Christine Pierce,Johnson-Perez,us-central
DR-166226,Michael Martin,"Mays, Moore and Martinez",us-central
DR-473363,Ashley Allison,Richard PLC,us-central
DR-148093,Anna Merritt,Johnson-Dunn,us-west
DR-802411,Susan Hernandez,"Singh, Benson and Thompson",us-west
DR-598031,Julia Chavez,Roberson-Young,us-west
DR-622333,David Vargas,Burns Inc,us-central
DR-668959,Chelsea Knight,"Davis, Armstrong and Patterson",us-west
DR-323373,Michelle Goodman,Gonzalez Group,us-central
DR-572992,Miranda Scott,"Baxter, Nguyen and Gordon",us-central
DR-476431,Amanda Chase,Brock Group,us-west
DR-531302,Chelsea Bowen,Wright-Powell,us-central
DR-334338,Willie Turner,Mccormick Inc,us-central
DR-487902,Jamie Holmes,Harris LLC,us-west
DR-173229,Richard White,"Young, Stewart and Johnson",us-west
DR-503802,Mark Mcpherson,Meyer-Brown,us-central
DR-889480,Sherri Rodriguez,Miller PLC,us-west
DR-353710,Ryan Wilkins,Bell Ltd,us-central
DR-490739,Jason Hebert,Sheppard-Taylor,us-central
DR-969898,Lisa Castillo,Powers and Sons,us-central
DR-529755,Raymond Ponce,Meadows-Ramirez,us-west
DR-585313,Kimberly Richmond,"Jackson, White and Ali",us-central
DR-782478,Emily Harris,Gibson and Sons,us-central
DR-483215,Aaron Hess,Vasquez-Lewis,us-central
DR-393862,Brandon Raymond,Perez LLC,us-central
DR-209105,Kevin Mccarty,Larsen Inc,us-central
DR-321591,Miss Barbara Stone,"Lewis, Frazier and Briggs",us-central
DR-494887,Jack Benjamin,"Olsen, Walters and Hampton",us-west
DR-255425,Chelsea Norris,"Adams, Woods and Fisher",us-west
DR-167437,Stephanie Lambert,"Jordan, Chavez and Evans",us-west
DR-842430,Michael Lopez,"Thomas, Oliver and Rodriguez",us-west
DR-435261,Brian Howard,Jones Ltd,us-central
DR-321800,Andrea Alvarez,Salas-Blankenship,us-central
DR-377791,Ronnie Chambers,Morales-Long,us-west
DR-587102,James Moreno,Mcintosh and Sons,us-west
DR-666447,Daniel Johnson,"Potter, Taylor and Lowe",us-west
DR-808290,Mary Price,Young-Hughes,us-central
DR-824187,Gregory Zavala,Perez-Torres,us-central
DR-243739,Kelly Woodard,Mendez-Mills,us-west
DR-282974,Bradley Ramos,Moore-Cunningham,us-central
DR-178264,James Smith,"Williams, Jenkins and Acevedo",us-west
DR-839358,Jeffrey Stephens,"Sanchez, Parks and Stanley",us-central
DR-941697,Darryl Charles,Case-Walker,us-west
DR-397176,Dylan Ramirez,"Harris, Collins and Fields",us-central
DR-354533,Kendra Carlson,Lin-Henderson,us-west
DR-146366,Pamela Wise MD,Lucas Group,us-central
DR-221373,Ronald Smith,"Burton, Fuller and Barber",us-west
DR-228333,Sheri Willis,Kennedy and Sons,us-west
DR-113662,Tracy Trujillo,Campbell-Waters,us-west
DR-171285,Susan Arias,Davis-Bailey,us-west
DR-844790,Jennifer Li,Blanchard and Sons,us-west
DR-113943,Michael Martinez,Wood LLC,us-west
DR-773966,Michael Newman,Herman Ltd,us-central
DR-363893,Linda Flores,Smith Group,us-west
DR-448293,Mary Diaz,"Clark, Gonzalez and Yoder",us-west
DR-933664,Randall Summers,Duncan-Shaw,us-west
DR-249820,Abigail Obrien,Nelson Ltd,us-west
DR-832399,Adrienne Joseph,Jenkins PLC,us-central
DR-537692,Charles Stokes,Smith PLC,us-west
DR-861753,Taylor Joyce,Jordan-Lawson,us-central
DR-493303,Melissa Nichols,Hines-White,us-west
DR-280572,Anthony Brown,Spears LLC,us-west
DR-628138,Deanna Rowe,Wallace PLC,us-west
DR-645377,Sheena Gomez,Wallace Inc,us-central
DR-345103,Melissa Miller,Murray-Herring,us-west
DR-746264,Henry Butler,Watson Ltd,us-west
DR-514743,Benjamin Little,Mclaughlin Ltd,us-central
DR-600418,Tiffany Simpson,Reyes-Hall,us-west
DR-679160,Nathan Carpenter,Ward PLC,us-central
DR-726954,Charles Dean,Carter-Mooney,us-central
DR-691090,Allison Lara,"Cox, Grant and Curry",us-west
DR-998600,Richard King,"Dean, Leach and Davidson",us-central
DR-523705,Zachary Martinez,Becker LLC,us-central
DR-934579,Kenneth Reid,"Davis, Nelson and Macdonald",us-west
DR-520730,Ashley Neal,Ortiz LLC,us-central
DR-295370,Nicole Dean,Thomas-Poole,us-central
DR-811182,Mary Mcpherson,Spence-Rodriguez,us-west
DR-453362,Ryan West,Bridges LLC,us-central
DR-216102,Tammy Chavez,"Davis, Vaughn and Davis",us-central
DR-870643,Matthew Mendoza,Ross PLC,us-west
DR-474887,Mr. Zachary Michael,Rodgers PLC,us-central
DR-583318,Shannon Riddle,"Brady, Mcdowell and Johnson",us-central
DR-756344,Edward Bishop,"Pope, Mullen and Allen",us-central
DR-431029,Scott Kline,"Gonzalez, White and Brooks",us-central
DR-297937,Randall Atkinson,"Dennis, Mendoza and Cisneros",us-central
DR-586534,Jennifer Hill,Garcia-Delgado,us-west
DR-568221,Tyler Evans,"Hernandez, Johnson and Jenkins",us-central
DR-604847,Erin Atkins,Kent Group,us-central
DR-305045,Dakota Horne,Mason-Marshall,us-west
DR-240995,Melissa Ballard,Williams Ltd,us-central
DR-803986,Michelle Jones,Williams-Hickman,us-west
DR-132139,Caitlin Palmer,"Schultz, Torres and James",us-west
DR-761621,Nancy Ramirez,Gallegos-Cox,us-central
DR-411051,Rachel Walker,Carter Inc,us-west
DR-618651,Jason Fisher,Rodriguez Group,us-west
DR-308879,Christopher Jacobs,"Robinson, Gonzalez and Garrett",us-central
DR-394224,Lauren Lopez,Harrison-Ali,us-central
DR-918827,Julie Jones,"Sanders, Brooks and Ruiz",us-central
DR-140243,Julie Freeman,"Gibbs, House and Edwards",us-west
DR-466621,Norman Daugherty,"Mitchell, Edwards and Madden",us-west
DR-363970,Shelby Yates,"Evans, Garcia and Bradley",us-west
DR-310566,Douglas Park,"Reid, Graham and Chapman",us-central
DR-220807,Lauren Ellis,Williamson-Wright,us-central
DR-119267,James Woods,"Robinson, Martin and Berry",us-west
DR-518903,Rhonda Mann,Price Ltd,us-west
DR-974660,Ashley Cantu,Barnett Inc,us-central
DR-305848,Joshua Schneider,Holt-Hall,us-west
DR-677972,Matthew Williams,"Lee, Gardner and Harrell",us-central
DR-524678,Lindsay Ewing,Meyer-Farmer,us-west
DR-840338,Andrea Moore,Holder Group,us-west
DR-466831,Shirley Carlson,Francis Inc,us-central
DR-222770,Karen Brown,Miller Group,us-west
DR-836149,Austin Clark,Wilkinson LLC,us-central
DR-756213,Teresa French,"Carson, Taylor and Nolan",us-central
DR-454813,Hannah Dean,Lynch-Flores,us-west
DR-403271,Maria Miller,Taylor Group,us-west
DR-477681,Jason Mcdonald,"Riggs, Young and Hart",us-central
DR-198344,Amy Sanchez,"Chavez, James and Cantu",us-central
DR-105841,Lauren King,"Moses, Johnson and King",us-west
DR-155198,Robert Smith,"Kim, Hughes and Mccarthy",us-west
DR-812001,Katie Cummings,Jennings-Lee,us-central
DR-849588,Edward Yates,Kramer and Sons,us-central
DR-742342,Bill Ward,"Garrett, Shannon and Martinez",us-central
DR-837098,Kevin Phillips,"Long, Jackson and Williams",us-central
DR-712811,Andrew Brown,Boyd-Wells,us-west
DR-635079,Traci Fields,Jones Group,us-central
DR-446877,Lisa Owens,Larson-Atkins,us-west
DR-332198,Katherine Gonzalez,Freeman-Fields,us-west
DR-915613,Tracy Williams,"Grant, Gallegos and Jackson",us-central
DR-620924,Derek Daniels MD,"Lynch, Rivera and Castillo",us-west
DR-323697,Sheri Villarreal,Barker LLC,us-west
DR-888203,Jerry Wright DDS,"Austin, Harrington and Johnson",us-central
DR-710674,Jacob Murphy,"Juarez, Edwards and Dougherty",us-west
DR-651731,Lisa Clark,Garcia-Cook,us-central
DR-500156,Casey Francis,Powell-Mclaughlin,us-west
DR-209280,Cody Santos,Smith Ltd,us-west
DR-969524,Crystal Zhang,"Davis, Stewart and Mcgee",us-central
DR-554403,Crystal Reyes,"Ward, Moore and Jackson",us-central
DR-209716,Samuel Houston,"Shaffer, Rodriguez and Cruz",us-central
DR-141967,Nicole Velasquez,Preston-Griffin,us-central
DR-447612,Toni Miranda,"Wilson, Garcia and Bowman",us-central
DR-913456,Bruce Gallagher,"Turner, Hicks and Little",us-central
DR-221855,Joshua Chavez,Brown Inc,us-west
DR-288669,Valerie Miller,Washington-York,us-west
DR-618923,Melanie Scott,Sharp Ltd,us-central
DR-481281,Ian Robertson,"Sexton, Edwards and Castro",us-central
DR-336886,Michelle Phillips,Stark-Leonard,us-west
DR-748368,Mrs. Jennifer Craig,"Sanders, Curry and Fields",us-central
DR-269352,Edward Harris,Johnson-Galloway,us-west
DR-671680,Antonio Thompson,"Sanchez, Zamora and Best",us-central
DR-500024,Erik Williams,Nash Ltd,us-west
DR-358279,Steven Holland,Alexander Group,us-west
DR-407835,Joanna Taylor,Barnett LLC,us-west
DR-823701,Karina Peters,Scott and Sons,us-west
DR-491493,Ricky Ortega,Williams-Mason,us-west
DR-837829,Elizabeth Smith,Noble-Mckenzie,us-west
DR-117971,Kimberly Scott,Roberts-Greene,us-central
DR-424171,Dale Potts,Salazar-Sexton,us-west
DR-798170,Richard Wells,Hill and Sons,us-central
DR-531008,Pamela Parker,Mitchell LLC,us-west
DR-798292,Leah Martin,Mayer and Sons,us-west
DR-855904,Tiffany Johnson,"Weiss, Diaz and Lopez",us-west
DR-580823,Ryan Lopez,Cantrell-Torres,us-central
DR-476079,Emily Knight,"Robles, Gomez and Rowe",us-central
DR-320477,Lindsey Johnson,Ortega Ltd,us-central
DR-647333,Jacob Blackburn,Gutierrez and Sons,us-central
DR-374514,Thomas Bowen,Ramirez Group,us-central
DR-690539,Brandon Butler,"Miller, Boyle and Taylor",us-central
DR-441858,Matthew Burch,Espinoza-Moyer,us-west
DR-372141,Michael Green,Oconnell-White,us-central
DR-968419,Cody Diaz,Hines Group,us-central
DR-684955,Michael Williams,Goodman Inc,us-west
DR-346303,Nicholas Levy,Ortiz Inc,us-central
DR-192987,Craig Mcdaniel,Martin Inc,us-central
DR-249952,John Caldwell,Harper and Sons,us-west
DR-518726,Monica Smith,Reed Group,us-central
DR-272997,Jessica Duffy,"Chase, Baker and Green",us-west
DR-970407,Elizabeth Sanchez,Miles-Garrett,us-central
DR-387848,Alicia Thomas,Long-Stokes,us-central
DR-949879,Krystal Li,Hall-Brown,us-central
DR-282416,Shawn Shields,Melton Ltd,us-central
DR-810108,Travis Kennedy,Mcneil-Johnson,us-central
DR-248259,Dawn Hooper,Sanchez LLC,us-central
DR-741829,Brett Medina,White-Ayers,us-west
DR-809087,Lori Lane,"Holland, Mccullough and Mcneil",us-central
DR-831647,Cody Everett,"Anderson, Walter and Reynolds",us-west
DR-360836,Mario Davis,Scott-Kemp,us-west
DR-478636,Julia Richardson,"Whitaker, Nielsen and Ramos",us-central
DR-722156,Nicholas Davis,Bautista and Sons,us-west
DR-846012,Linda Valenzuela,"Rodriguez, Barr and Davis",us-central
DR-600977,Jose Wells,Gutierrez Ltd,us-central
DR-822555,Katherine Sellers,Miller-Cline,us-central
DR-270193,Dr. Holly Villarreal,"Mcmahon, Fitzgerald and Miller",us-central
DR-703711,Michele Rivera,"Martinez, Morales and Ross",us-central
DR-122858,Mark Gonzales,Sullivan-Warren,us-central
DR-270848,Norman Vazquez,"Lane, Freeman and Alvarado",us-west
DR-879292,Angela Rodriguez,Barton-Walker,us-central
DR-233036,Christopher Scott,Carson-Clark,us-central
DR-264652,David Nolan,"Williams, Horn and Patel",us-central
DR-128761,Lauren Wood,Jones-Johnson,us-central
DR-926879,Barry Davis,Castro-Clark,us-central
DR-976991,Jennifer Bishop,Singh-Cuevas,us-west
DR-978623,Karen Knight,Morrow LLC,us-west
DR-274576,Jennifer Petty,Ross-Green,us-central
DR-125552,Maria Lopez,Fisher and Sons,us-west
DR-296518,Katherine Phelps,"Jones, Buchanan and Johnson",us-west
DR-106232,Kenneth Perez,Orr-White,us-west
DR-405833,Thomas Wright,Liu and Sons,us-west
DR-831361,Tracey Henderson,Castro Inc,us-west
DR-147464,Christine Allen,"Jackson, Williams and Mcgrath",us-west
DR-898437,Denise Holt,"Mann, Anderson and Garcia",us-west
DR-656357,Anthony Chapman,"Medina, Murphy and Wilson",us-west
DR-531804,Sonya Kelly,"Johnson, Hatfield and Fitzpatrick",us-west
DR-196895,Patricia Holland,Williamson Group,us-central
DR-551824,Kevin Morrison,"Evans, Mccann and Wiley",us-west
DR-838593,Tyler Trujillo,Wallace Group,us-central
DR-344850,Lisa Walker,Davis LLC,us-west
DR-475709,Melissa Horn,"Clayton, Terry and Burgess",us-central
DR-171049,Mark Branch,"Watson, Murphy and Ramirez",us-west
DR-645115,Erica Duncan,Hamilton Ltd,us-west
DR-622924,Scott Maldonado,Watkins-Wade,us-west
DR-930722,Tracy Cole,Cervantes-Fritz,us-central
DR-647648,Patricia Myers,Wood-Garner,us-west
DR-239219,Elizabeth Sheppard,Rodriguez LLC,us-west
DR-532718,Patrick Cervantes,Coffey and Sons,us-west
DR-757046,Cindy White,Lopez-French,us-central
DR-733052,Cory Jones,"Gonzalez, Johnston and Parker",us-central
DR-263674,Joy Rose,Norman-Stafford,us-west
DR-460038,Shelia Taylor,"Brown, Davis and Carter",us-central
DR-773923,Margaret Scott,Johnson and Sons,us-central
DR-949211,Wendy Johnson,Lewis-Aguirre,us-west
DR-637924,Jody Duncan,Smith Group,us-central
DR-381228,John Zuniga,Mora Group,us-west
DR-159187,Caroline Garrison,Martinez LLC,us-west
DR-757577,Gregory Yu,Thomas-Martinez,us-west
DR-965593,Thomas Gates,Roy Inc,us-west
DR-317038,Madison Frost,Taylor Inc,us-west
DR-220526,Paul Coleman,"Figueroa, Kennedy and Sanchez",us-central
DR-697343,Noah Le,Warren-Shaffer,us-central
DR-181295,David Myers,Morgan-Gross,us-central
DR-490757,Joseph Valentine,"Roberts, Alexander and Vasquez",us-west
DR-466238,Grant James,"Cruz, West and Farley",us-west
DR-248427,Frederick Lindsey Jr.,Christian-Nelson,us-west
DR-519897,Joshua Lawrence,Cline Inc,us-central
DR-188069,Donna Page,Hunter and Sons,us-west
DR-668123,Jeffrey Turner,Porter and Sons,us-central
DR-566302,Linda Hammond,"Brown, Anderson and Gates",us-west
DR-570802,Haley Goodwin,Martinez Ltd,us-west
DR-393692,Molly Dawson,Parker-Stephens,us-west
DR-731006,Kristen Santos,Williams-Hall,us-central
DR-497971,Amanda Patterson,Davis-Valencia,us-west
DR-683045,Sue Moran,"Campbell, Gardner and Copeland",us-central
DR-846257,Stephanie Huff,Wiggins-Brown,us-central
DR-981975,Crystal Melton,Mitchell LLC,us-west
DR-133203,Megan Long,Williams Group,us-central
DR-704031,Crystal Hernandez,Gray-Lopez,us-west
DR-714485,Casey Meyers,Rich-Buck,us-west
DR-149446,Matthew Wilson,Lynch-Hartman,us-central
DR-155407,Dwayne Kidd,Olson-Campbell,us-west
DR-454132,Jacqueline Nunez,"Patterson, Hines and Mcdonald",us-west
DR-634878,Christopher Doyle,"Lee, Taylor and Lee",us-central
DR-782089,Keith White,Caldwell-Rose,us-west
DR-936364,Susan Johnson,"Moore, Cooley and Farmer",us-west
DR-281105,Robert Reid,Kelly PLC,us-central
DR-319217,Charles Gardner,Williams-Silva,us-central
DR-654812,Anna Blanchard,Taylor PLC,us-west
DR-539280,Sarah Lindsey,Kline-Dunlap,us-central
DR-699683,Erin Smith,Schwartz-Patel,us-west
DR-959427,Anna Casey,Cain-Gray,us-central
DR-345399,Stuart Wilkins,"Ross, Crawford and Ross",us-west
DR-438348,Nicole Johnson,West-Morris,us-west
DR-174603,Jonathan Wolfe,Tyler Group,us-central
DR-610402,Ian Henderson,Hayes-Ward,us-central
DR-506882,Juan Lewis,Thomas Inc,us-west
DR-489985,Kimberly Sanchez,"Wiggins, Morrison and Craig",us-west
DR-367404,David Fleming,"Kennedy, Combs and Sutton",us-central
DR-356315,Jeffery Anderson,Graham Inc,us-central
DR-172936,John Smith,Hill Inc,us-central
DR-635430,Michelle Kelly,Salinas PLC,us-west
DR-904012,Carol Stevenson,Calderon-Bowman,us-central
DR-414245,Sandra Anderson,Brown-Herring,us-central
DR-285196,Bobby Lawson,"Schmitt, Malone and Smith",us-central
DR-529279,Brian Campbell,"Franklin, Anderson and Tate",us-west
DR-582597,Juan Thomas,Hernandez-Smith,us-west
DR-130128,Mrs. Karen Espinoza,Cunningham-Martinez,us-central
DR-599088,Tracy Yu,Thomas-Green,us-central
DR-193527,Thomas Love,"Caldwell, Lopez and Evans",us-central
DR-368566,Daniel Miller,Clark Ltd,us-west
DR-239379,Leslie Cortez,Rush-Rogers,us-central
DR-250412,Kelly Powers,"Carr, Hall and Nolan",us-west
DR-695907,Benjamin Mills,Lowe PLC,us-west
DR-649509,Catherine Taylor,"Foster, Garcia and Ryan",us-west
DR-498774,Mark Chaney,"Ball, Watkins and Hunt",us-central
DR-498809,Melinda Gutierrez,Dixon and Sons,us-west
DR-586675,John Price,Thompson Inc,us-west
DR-272417,Gary Gay,Horton-Tate,us-central
DR-928192,Lindsey Jones,"Decker, Mcintyre and Johnson",us-central
DR-254686,Randy Bailey,Young and Sons,us-central
DR-916843,Christopher Johnson,"Ponce, Atkins and Newman",us-central
DR-893725,Nicole Mcneil,"Murphy, Thompson and Ruiz",us-west
DR-423910,Amanda Mayer,Hansen-Johnson,us-central
DR-359002,Justin Zavala,Jimenez-Miller,us-west
DR-162078,Jeffery Munoz MD,Lee and Sons,us-central
DR-118590,Steven Taylor,"Walker, Hamilton and Wood",us-west
DR-827173,Stacey Wagner,Brown Group,us-west
DR-719835,Kelly Rodriguez,Gray-Weber,us-central
DR-920782,Joseph Cummings,"Miranda, Campbell and Melendez",us-west
DR-651068,Marcus Horn,"Gillespie, Herman and Kim",us-west
DR-609100,Tyler Carter,"Silva, Banks and Navarro",us-west
DR-141689,Dale Snyder,Morales and Sons,us-west
DR-814479,Elizabeth Thomas,Green-Torres,us-central
DR-779527,Victor Barnes,Perez-Rogers,us-central
DR-981397,Matthew Jones,"Ross, Martin and Johnson",us-west
DR-241779,Brandon Cline,Barron and Sons,us-west
DR-576579,Steven Baldwin,Thomas-Curry,us-central
DR-549022,Denise Cooper,Morton-Warren,us-central
DR-492900,Erika Jones,"Wise, Brooks and Navarro",us-central
DR-615618,Jennifer Williams,Simon-Cherry,us-west
DR-350240,Erik Duffy,Coffey Inc,us-central
DR-509479,Dustin Graham,"Greene, Garcia and Watson",us-central
DR-872846,Nathan Brown,Hernandez-Jefferson,us-west
DR-767339,Brian Walters,Taylor Inc,us-central
DR-703981,Anthony Bennett,"Ramirez, Bailey and Miller",us-west
DR-546426,Angela Baldwin,"Price, Cruz and Kelly",us-west
DR-832774,Derek Navarro,"Goodwin, Kline and Blair",us-central
DR-963457,Jennifer Hudson,"Prince, Watts and Williams",us-central
DR-506669,Alexis Davies,"Ramos, Hurst and Jones",us-west
DR-568548,Cindy Wilson,Turner-Mcbride,us-west
DR-162646,Tyler Ruiz,Haney Inc,us-central
DR-645952,Vernon Smith,Skinner-Warren,us-central
DR-688305,Craig Mendoza,Mosley and Sons,us-west
DR-262361,Michael Smith,Jones Inc,us-west
DR-357116,John Burnett,Fischer-Zimmerman,us-central
DR-948061,Kiara Rice,Wagner Ltd,us-central
DR-624760,Carlos Flores,Rasmussen-Frye,us-central
DR-953833,Christina Kim,"Summers, Chavez and Burch",us-central
DR-857107,Patricia Murphy,West PLC,us-central
DR-208226,Jordan Pitts,Franklin-Baker,us-west
DR-611691,Benjamin Logan,Miller PLC,us-central
DR-971438,Krista Davies,"Bridges, Doyle and Williams",us-west
DR-512269,Mario Cortez,"Stone, Adkins and Dickson",us-central
DR-859782,Barbara Briggs,Boyd-White,us-central
DR-640140,Stephanie Rosales,"Ali, Knight and Gross",us-central
DR-542620,Sarah Clark,Bennett and Sons,us-central
DR-523803,Scott Morrison,"Levy, Huerta and Clark",us-central
DR-343579,Elizabeth Madden,White-Pierce,us-west
DR-139812,Madeline Boone,Allen Ltd,us-west
DR-935759,Kristin Bautista,"Walters, Long and Olson",us-west
DR-678974,Mrs. Lauren Martinez,"Hernandez, Lewis and Howard",us-central
DR-289610,April Winters,Lopez LLC,us-west
DR-264124,Samantha Perry,Juarez-Jordan,us-central
DR-315191,Johnny Turner,Chapman Ltd,us-central
DR-319043,Monique Freeman,Green-Kidd,us-central
DR-848355,Mark Harding,Fuentes Group,us-central
DR-801203,Adrian Hill,Gomez-Wiley,us-central
DR-291912,Amy Booth,Rivas Ltd,us-west
DR-948639,Justin Johnson,"Jones, Bennett and Newman",us-central
DR-490887,Tyler Calderon,Rivers PLC,us-west
DR-476174,Kathy Rogers,Price and Sons,us-central
DR-133600,Barbara Hardin,Lang Inc,us-west
DR-312235,Margaret Williams,"Cortez, Irwin and Carter",us-central
DR-425318,Kimberly Bennett,"Ramirez, Newman and Jones",us-west
DR-735343,Penny Sanchez,Collins Group,us-central
DR-525837,Mark Lane,Mcgrath LLC,us-central
DR-359269,Kelli Rodriguez MD,Smith Ltd,us-west
DR-945025,Morgan Smith,"Stanley, Guzman and Brewer",us-central
DR-435422,Karen Vega,King-Rosales,us-central
DR-781524,Riley Payne,"Nelson, Brown and Lee",us-central
DR-388455,Jonathan Bailey,"Mullins, Henderson and Avila",us-central
DR-226875,Pamela Adams,Gibbs and Sons,us-central
DR-235025,John Jones,"Miller, Boyer and Espinoza",us-west
DR-656592,Joseph Duarte,Martinez-Greene,us-west
DR-986092,Noah Clark,Lewis-Tucker,us-west
DR-533868,Katherine Barber,Anderson-Marshall,us-west
DR-339766,Ryan Bowman,Williams PLC,us-west
DR-723970,Jon Morris,Mcdonald LLC,us-west
DR-744913,Samantha Webster,"Nash, Taylor and Duncan",us-west
DR-208253,Jasmine Thompson,"Parker, Jones and Crane",us-central
DR-469747,Catherine Martin,Wall Ltd,us-central
DR-196482,James Hobbs,Wright and Sons,us-central
DR-916874,Sabrina Copeland,Duarte PLC,us-west
DR-914088,Jacob Jackson,"Hamilton, Moore and Schmidt",us-west
DR-388719,Matthew Davenport,"Sanchez, Peck and Mclaughlin",us-central
DR-823429,Patrick Brown,"Johnson, Johnson and Mcgrath",us-central
DR-576572,Elizabeth Conner,"Edwards, Smith and Martin",us-central
DR-379962,Joshua Williams,Wilkinson Inc,us-central
DR-189309,Michael Cordova,"Haney, Thompson and Hall",us-west
DR-123821,Patricia Silva,Kane LLC,us-central
DR-984744,Robert Alvarez,"Jones, Brown and Harris",us-central
DR-373520,Antonio Griffin,"Larson, Jones and Jackson",us-central
DR-482951,Joshua Thompson,"Pope, Gonzalez and Knight",us-west
DR-775463,Charles Hughes,Turner Group,us-west
DR-327168,Christopher Clark,Byrd LLC,us-west
DR-825123,Jared Smith,"Pitts, Bauer and Martinez",us-central
DR-224622,Zachary Murphy,Contreras PLC,us-central
DR-128932,Donna Mccarthy,Hester Ltd,us-west
DR-281337,Elizabeth Harris,Castillo Group,us-west
DR-419907,Gary Rodriguez,"Keller, Irwin and Small",us-central
DR-899687,Shannon Oliver,"Rivera, Perez and Martinez",us-central
DR-335545,Christopher Wolf,Vance-Little,us-central
DR-268990,Patty Walker,Wilson and Sons,us-west
DR-653442,John Gonzales,"Solomon, Grant and Davis",us-west
DR-541156,Daniel Nolan,Gonzalez Group,us-west
DR-766165,Karen Roberts,Mitchell-Byrd,us-west
DR-470956,Shannon Carter,"Robertson, Jimenez and Torres",us-central
DR-988772,Jennifer Mosley,Jordan LLC,us-west
DR-168506,Jennifer Johnson,"Ramirez, Kane and Taylor",us-central
DR-993103,Paul Harrison Jr.,"Fletcher, Flores and Mcclain",us-west
DR-318931,Courtney Livingston,Allen-Saunders,us-west
DR-234369,Audrey Gray,Rios-Carpenter,us-west
DR-182951,Garrett Hernandez,Sullivan-Hopkins,us-west
DR-719412,Eduardo Lane,Morris PLC,us-west
DR-804889,Emily Hoffman,Randolph-Berry,us-west
DR-134703,Scott Martinez DDS,"Brooks, Morgan and Nguyen",us-central
DR-755054,Lauren Jackson,Carson-Gregory,us-central
DR-745757,Scott Johnson,Davis Group,us-central
DR-938350,Jill Best,"Coleman, Wright and Mosley",us-west
DR-679727,Theresa Thompson,Wilcox-Ryan,us-central
DR-364520,William Morris,"Erickson, King and Miller",us-central
DR-708114,Laura Clarke,"Valenzuela, Payne and Myers",us-west
DR-271710,Elizabeth Franco,Trujillo-Ruiz,us-central
DR-579702,Elizabeth Espinoza,"Kim, Hansen and Cook",us-west
DR-994820,Dr. Brooke Walker,Dunn-Holmes,us-central
DR-488346,Samantha Tucker,"Sharp, Ferguson and Perez",us-central
DR-773566,Lindsay Richard,"Terry, Scott and Douglas",us-central
DR-789966,Debra Graham,Long-Carlson,us-west
DR-227816,Thomas Fletcher,Hamilton Group,us-central
DR-467054,Bruce Simmons,Campbell-Short,us-west
DR-205359,Angela Morgan,Alvarez-Taylor,us-central
DR-194734,Kelly Clark,"Thompson, Moss and Vance",us-west
DR-386799,James Warner,Cooper-Hooper,us-west
DR-127986,Vincent Gaines,Mueller Ltd,us-west
DR-438365,Benjamin Rasmussen,"Baker, Gonzales and Wheeler",us-central
DR-637253,Dr. Michelle Walker,Walsh-Medina,us-central
DR-398994,Katherine Short,Oneal PLC,us-central
DR-984427,Daniel Holmes,Gilmore-Rodriguez,us-central
DR-345517,Amanda Valdez,Hines and Sons,us-west
DR-130671,Alexander Myers,Jackson LLC,us-central
DR-253706,Preston Smith,Phillips-Strickland,us-central
DR-516896,Albert Zimmerman,Kline-Washington,us-west
DR-446249,Kyle Maxwell,Johnson-Edwards,us-central
DR-350215,Nancy Castillo,Rivers-Thornton,us-west
DR-928586,Brian Christensen,"Lynn, Barr and Howard",us-central
DR-381082,Jessica Campbell,Jones-Scott,us-west
DR-689100,David Rowe,Carey-Clay,us-central
DR-814031,Brenda Rodgers,"Weber, Wright and Franklin",us-central
DR-963865,Michael Ayala,Peters Ltd,us-central
DR-675647,Sonya Johnson,Zamora-Chan,us-central
DR-740578,James Long,"Serrano, Moore and Holder",us-central
DR-381238,Matthew Hamilton,"Brown, Rivers and Sanchez",us-west
DR-937267,Tammy Hinton,"Payne, Washington and Graham",us-west
DR-788910,Amanda Stone,Golden-Vazquez,us-central
DR-775110,Sean Mendoza,Hernandez Ltd,us-central
DR-929426,Tiffany Sherman,Jones Group,us-central
DR-351949,Elizabeth Oliver,"Rodriguez, Mcknight and Mitchell",us-west
DR-134182,Angela Wolf,Davis Group,us-west
DR-170778,Kathy Stewart,Jordan and Sons,us-central
DR-365053,Jeffrey Martinez,Collins PLC,us-central
DR-171030,Tamara Wagner,"Holder, Cook and Mitchell",us-central
DR-623064,Jessica Simmons,"Fuller, Campbell and Morris",us-central
DR-233074,Raymond Campbell,"Robertson, Weber and Holden",us-west
DR-916740,Brooke Kent,Ramirez LLC,us-west
DR-144139,Christopher Kelly,Contreras and Sons,us-central
DR-381136,Judith Foster,Gordon Group,us-west
DR-762015,Cindy Perez,"Ruiz, Estrada and Arias",us-west
DR-315169,Keith Smith,"Robbins, Simmons and Klein",us-central
DR-618448,Misty Smith,"French, Murray and Bailey",us-west
DR-383270,Amy Maddox,Roberts-Young,us-west
DR-614778,Kevin Koch,Butler Group,us-central
DR-579352,George Hansen,Donovan Ltd,us-west
DR-582862,Jason Jones,Savage-Barnett,us-west
DR-995335,Daniel Lynch,"Morris, Wilson and Lewis",us-west
DR-401148,Brandon Diaz,Curtis-Jackson,us-central
DR-108326,Melinda Lewis,"Lin, Johnson and Ross",us-west
DR-822942,Steve Smith,Lowery-Johnson,us-central
DR-798380,Nicholas Moore,Cuevas Inc,us-west
DR-297746,Crystal Massey,Stafford Inc,us-central
DR-821112,Robert Lin,Torres Ltd,us-west
DR-348107,Tanner Watson,Hernandez-Atkinson,us-west
DR-647978,Samantha Kramer,Henson and Sons,us-west
DR-401452,Michael Knight,Cantrell Inc,us-west
DR-964943,Ashley Morris,"Jackson, Rocha and Waters",us-west
DR-686944,Aaron Hernandez,Ramos PLC,us-west
DR-868800,Johnny Ruiz,"Turner, Walker and Odonnell",us-central
DR-272716,Raymond Melendez,Boyd-West,us-west
DR-487891,Melissa Davis,Chavez Group,us-west
DR-791446,Daniel White,"Christensen, Todd and Cervantes",us-central
DR-358843,Anita Orr,"Joseph, Park and Carlson",us-west
DR-319687,Richard Pham,Vargas-Esparza,us-central
DR-876878,Joseph Fuentes,Howard-Freeman,us-central
DR-701212,Robin Gray,"Cortez, Miller and Bates",us-west
DR-958419,Troy Sanders,Cardenas-Ortega,us-west
DR-821637,Dawn Smith,Hernandez Group,us-west
DR-627506,Mary Garcia,"Powell, Hardy and Ortiz",us-central
DR-976203,Jeremy Parker,"Benson, Lewis and Sexton",us-west
DR-495082,Scott Ramirez,Smith Group,us-central
DR-377540,Laura Gray,"Cox, Roberts and Alvarado",us-west
DR-512439,Carolyn Bryant,Meza Group,us-central
DR-649704,David Wilson,Baker-Chaney,us-west
DR-174554,Andre Jennings,Mcpherson and Sons,us-central
DR-637708,Diane Gentry,"Ortega, Williams and Butler",us-central
DR-885852,Jessica Butler,Baker Ltd,us-west
DR-242791,Teresa Miller,"Barnes, Clark and Bentley",us-central
DR-184978,Benjamin Willis,Ortiz PLC,us-central
DR-473885,Jacqueline Haas,Olsen-Jones,us-west
DR-879127,Duane Long,Hall and Sons,us-west
DR-503005,Alexander Ortega,Fox-Kim,us-central
DR-992097,Christine Chang DVM,Mccoy-Lutz,us-central
DR-770574,Cynthia Downs,Patel-Brown,us-west
DR-334461,Tanya Torres,Powell LLC,us-west
DR-528240,Dawn Powell,Perez-Sullivan,us-central
DR-319976,Kerry Garza,Obrien-Alvarado,us-west
DR-408953,Kelli Fields DDS,Smith-Romero,us-central
DR-389725,Sabrina Gallagher,Dixon PLC,us-central
DR-437164,Jeffrey Miranda,"Jefferson, Robertson and Banks",us-central
DR-148746,Crystal Lin,Donaldson-Garcia,us-central
DR-802779,Matthew Stewart,George Inc,us-west
DR-181308,Taylor Larsen,Cruz PLC,us-west
DR-110380,Barbara Reyes,Hunt Ltd,us-west
DR-208430,Susan Richardson,Hamilton Group,us-central
DR-368553,Christian Mendoza,"Mueller, Rice and Woods",us-central
DR-941394,Michael Robinson,Ford PLC,us-central
DR-627619,Gregory Craig,"Nelson, Miller and Smith",us-central
DR-618675,Russell Nielsen,Garrison-Waters,us-central
DR-873199,Miranda Wood,"Sanchez, Mckay and Barrera",us-west
DR-228365,Joann Murray,Hogan-Oneill,us-west
DR-870080,William Mejia,"Martin, Jensen and Esparza",us-central
DR-204243,Eric Graham,Freeman-Williams,us-west
DR-170690,Jacob Richards,Willis and Sons,us-central
DR-366719,James Hernandez,Smith-Miller,us-central
DR-981143,Amanda Mcbride,Cruz-Soto,us-west
DR-411555,Erica Campos,Simmons Group,us-central
DR-795092,Melissa Little,Cantu-Davis,us-central
DR-973635,Stephen Keller,"Garcia, Brown and Coleman",us-west
DR-518253,Carrie Curtis,Sherman LLC,us-central
DR-801449,Julie Dorsey,Solis-Henson,us-west
DR-445557,Emily Walker,Poole Group,us-central
DR-683716,Katherine Barnes,"Parker, Jones and Roy",us-central
DR-351804,Marisa Noble,Wood-Ryan,us-west
DR-509760,Rachel Brown,Matthews-Schmidt,us-central
DR-364603,Christopher Mckee,"Smith, Baker and Allen",us-west
DR-546192,Zachary Brown,"Briggs, Jones and Harper",us-west
DR-926175,Connor Anderson,"Frost, Romero and Marshall",us-central
DR-926319,Daniel Miller,Grant-Hunt,us-west
DR-242167,James Rice,King and Sons,us-west
DR-511701,Edward Miller,Turner and Sons,us-central
DR-404774,Arthur Mccarty,Walters-Smith,us-central
DR-458553,Christina Lewis,"Weiss, Osborne and Anderson",us-west
DR-517992,Kathryn Johnson,"Buchanan, Watts and Wright",us-west
DR-242793,Peter Mcdaniel,Brown-Davis,us-central
DR-926869,Ronald Cline,"Welch, Alvarez and Benson",us-central
DR-570167,Melinda Adams,Rodriguez-Taylor,us-central
DR-839082,Charles Davis,Humphrey PLC,us-west
DR-823616,Joseph Williams,Garcia-Hale,us-west
DR-136495,Joel Greene,Roman LLC,us-central
DR-266746,Howard Cantu,Sanchez PLC,us-west
DR-853862,Megan Arnold,Burke-Mays,us-west
DR-888336,Steven Hanson,Hayes-Hutchinson,us-central
DR-947047,Dr. Emily Carlson MD,Finley Inc,us-west
DR-443113,Martin Marquez,"Rivera, Baker and Wells",us-central
DR-291118,Brandi Mcmillan,Neal-Galloway,us-central
DR-192410,Sheila Torres,Flores PLC,us-west
DR-147118,Sarah Campbell,"Morales, Phillips and Cox",us-central
DR-774948,Monica Fletcher,Harper-Ray,us-west
DR-457703,Michael Brown,Hawkins-Adams,us-central
DR-435637,Michael Gardner,"Sherman, Ali and Norman",us-central
DR-925089,Jeremiah Taylor,Nielsen PLC,us-central
DR-444961,Hector Holden,"Hardy, Perez and Johnson",us-central
DR-561246,Rebecca Stanley,"Vasquez, Schroeder and Howell",us-west
DR-997816,David Cross,Gonzales PLC,us-central
DR-911417,Alicia Crawford,"Hicks, Pierce and Terrell",us-central
DR-565541,Joseph Lozano,Melton and Sons,us-central
DR-176008,Grace Jones,Sims Group,us-west
DR-786096,Maureen Thompson,Thompson-Callahan,us-central
DR-629161,Kellie Allen,"Brown, Duffy and Mcclure",us-central
DR-572368,Angelica Gallegos,Dorsey-Glenn,us-west
DR-294302,Mr. Matthew Phillips MD,Pugh Group,us-central
DR-656247,Ashley Diaz,Thomas Ltd,us-central
DR-158089,Megan Williams,Williams PLC,us-central
DR-505115,Jeffrey Heath,Strong and Sons,us-west
DR-192895,Kendra Fischer,Parks LLC,us-west
DR-561660,Kimberly Boone,Nelson-Harvey,us-central
DR-265813,Thomas Brown,Taylor-Austin,us-west
DR-221241,Zachary Mcmahon,Smith-Smith,us-west
DR-198766,Jeffrey Alexander,"Parker, Cantrell and Avery",us-west
DR-268972,James Thomas,"Mccullough, Jimenez and York",us-west
DR-757674,Charles Sweeney,Banks-Mathis,us-central
DR-255620,Tammy George,Frazier and Sons,us-west
DR-901260,Lori Morrison,Simmons Inc,us-west
DR-733500,Bradley Daniels,Molina-Wallace,us-west
DR-850809,Steven Spence,Dixon PLC,us-west
DR-758694,Joseph Garcia,Hill PLC,us-central
DR-467597,Barbara Morrison,Brown and Sons,us-west
DR-173238,Connie Valdez,Fisher-Kelly,us-west
DR-755192,Christopher Kerr,"Ponce, Weeks and Boone",us-west
DR-816464,Whitney Woods,Watkins Group,us-central
DR-573728,Lisa Mitchell,Sanchez-Lucas,us-west
DR-680780,Leroy Barajas,Miller-Deleon,us-central
DR-363541,Christopher Tucker,"Ruiz, Wood and Miller",us-west
DR-389044,Helen Curry,Buchanan-Stephens,us-west
DR-338019,Mary Martinez,"Andrews, Marshall and Baker",us-central
DR-975266,Martin Torres,Stout LLC,us-central
DR-419364,Alex Schneider,Tyler-Ferguson,us-west
DR-581859,Zachary Oneill,Walsh Ltd,us-west
DR-319770,Joseph Davila,"Haney, Smith and Fitzgerald",us-central
DR-985956,Alex Mckinney,"Morales, Chapman and Flores",us-central
DR-411705,Brittney Gray,Parsons-Brown,us-west
DR-615457,Melissa Jacobs,"Anderson, Marshall and Johnson",us-west
DR-504958,Michelle Sullivan,Hall-Sanchez,us-central
DR-494200,Kari Williams,Ruiz Group,us-central
DR-800680,John Holland,"Klein, Washington and Scott",us-central
DR-257015,Julie Nolan,Hill Inc,us-central
DR-780262,Andrew Mcguire,Gross-Wilson,us-west
DR-259506,Erica Reyes,Turner-Joseph,us-central
DR-293327,Brenda Allen,Carter-Munoz,us-west
DR-932192,Anthony Huerta,"Mcfarland, Johnson and Wolf",us-central
DR-259660,John Frazier,Ryan Ltd,us-central
DR-477883,Christie Jones,Clark-Ashley,us-west
DR-337314,Ashley Mendoza,Hodge Inc,us-west
DR-819333,Brandi Howe,"Fleming, Hays and Guzman",us-central
DR-872243,Matthew Morrow,"Jenkins, Bush and Anderson",us-west
DR-826647,Valerie Carter,"Brown, Wood and Freeman",us-west
DR-995527,Michael Wilkinson,"Thompson, Phillips and Adams",us-central
DR-644189,Rachel Smith,Lloyd-Bartlett,us-central
DR-346616,Cassandra Ponce,Johnson-Hanson,us-central
DR-482109,Mark Garcia,Paul Group,us-central
DR-129231,David King,Torres-Cruz,us-central
DR-972957,Francisco Roberts,"Medina, Preston and Aguirre",us-west
DR-909705,Robert Jimenez,"Palmer, Anderson and Krueger",us-central
DR-182943,Jordan Anderson,Hoover Group,us-west
DR-223515,Karen Adams,"Stephens, Harrell and Rodriguez",us-central
DR-404529,Natalie West,Coleman LLC,us-central
DR-703365,Raven Kim,Blankenship-Williams,us-central
DR-218776,Douglas Underwood,Harrison-Wells,us-central
DR-666502,Sarah Boone,Cunningham and Sons,us-west
DR-681548,Louis Reyes,Reed-Whitney,us-west
DR-720535,Ashley Vargas,"Brennan, Moore and Simpson",us-central
DR-275191,Dana Douglas,Nelson LLC,us-central
DR-550130,Crystal Stephens,Russell-Moyer,us-west
DR-603107,Nicholas Cook,Carter PLC,us-central
DR-819124,Corey Baker,"Villegas, Gibson and Collins",us-west
DR-107934,William Sanders,Wilson Group,us-west
DR-297282,James Pearson,"Morgan, Walters and Morales",us-west
DR-462176,Alexandra Simmons,"Roberts, Alvarado and Goodman",us-west
DR-450973,Jerry Lee,Martinez-Johns,us-central
DR-447060,Kimberly Contreras,"Jones, Bradshaw and Lee",us-central
DR-247057,Andrea Hahn,Rivera Ltd,us-west
DR-684630,Denise Noble,Lopez Ltd,us-west
DR-180210,Michelle Sanchez,Brown and Sons,us-west
DR-141164,Kiara Adams,"Wade, Koch and Santos",us-central
DR-329043,Justin Moore,Jones-Hood,us-central
DR-400122,Sarah Brown,Saunders-Simmons,us-central
DR-906531,Elizabeth Vang,"Reeves, Smith and Herrera",us-west
DR-251095,Joseph Mills,Buckley PLC,us-west
DR-511788,Joyce Reynolds,Morales-Davis,us-west
DR-773037,Alexander Cooper,Cervantes PLC,us-west
DR-549974,Sara Gill,Robbins-Torres,us-central
DR-708847,Emily Webb,Morgan-Wilson,us-west
DR-276528,Pamela Horton,Phillips-Thompson,us-central
DR-671627,Jessica Armstrong,Sellers Inc,us-west
DR-280694,Robin Coffey,"Murray, Reynolds and Lowe",us-west
DR-738861,Sean Wang,Martinez PLC,us-central
DR-133211,Jon Walsh,Greene-Sanders,us-central
DR-595903,Matthew Hernandez,Williams Ltd,us-central
DR-390502,David Villarreal,Moore-Carr,us-west
DR-810997,Carolyn Robinson,Banks Ltd,us-west
DR-221995,David Nelson,Ortiz and Sons,us-west
DR-673442,Spencer Simon,"Martin, Fitzgerald and Henry",us-central
DR-101774,Ryan Villarreal,Smith Ltd,us-west
DR-649257,Mary Frost,Meyer Ltd,us-west
DR-462299,Cameron Guzman,"Murray, Smith and Ferguson",us-west
DR-955524,Stephanie Peterson,Hicks Inc,us-central
DR-664100,Emily Thompson,"Baker, Logan and Ochoa",us-west
DR-273856,Dr. Lisa Compton,Weber-Lane,us-central
DR-596906,Jennifer Jones,"Johnson, Hayden and Patel",us-central
DR-961763,Lisa Pierce,"Hart, Jones and Jones",us-central
DR-439230,Daniel Nelson,Phillips Ltd,us-west
DR-253004,Stephanie Nelson,"Brown, Smith and Sherman",us-central
DR-263780,Casey Gray,Francis-Bradford,us-central
DR-421588,Samuel Schmitt,"Rodriguez, Ross and Nelson",us-west
DR-487141,Hannah Rivera,"Smith, Olson and Ali",us-west
DR-820528,Richard Payne,Olsen-Miller,us-central
DR-989555,Leah Cruz,"Hale, Padilla and Lambert",us-west
DR-907856,Lynn Garcia,Wright-Dominguez,us-west
DR-484944,Christina Fletcher,"Yang, Melton and Ho",us-central
DR-218758,Robert Wheeler,Brown PLC,us-west
DR-980771,Ashley Mullins,"Herman, Gallegos and Anderson",us-west
DR-421841,Jennifer Juarez,"Bennett, Phelps and Holland",us-central
DR-607432,David Johnson,Rubio and Sons,us-west
DR-689125,Heidi Carlson,Boyd-Flores,us-west
DR-645213,Adam Little,Finley and Sons,us-west
DR-222859,Jeff Moses,Flores-Bridges,us-central
DR-909679,Michael Robertson,Phillips-Kelley,us-west
DR-828119,Ruth Miller,Thompson and Sons,us-west
DR-886000,Deborah Dillon,Smith-Brooks,us-west
DR-548611,Kristina Garcia,Bonilla-Anderson,us-central
DR-269646,Jonathan Li,Cobb Inc,us-west
DR-802502,Juan Moore,Anderson-Powell,us-west
DR-714865,Kathy Hill,Taylor-Peterson,us-central
DR-458297,Kelly Wolfe,Hicks-Perez,us-central
DR-414881,Eileen Torres,Jensen Ltd,us-central
DR-874737,Taylor Bowman,Nixon-Collins,us-central
DR-195964,Thomas Schultz,Johnson-Beltran,us-west
DR-321112,Carolyn Arnold,Stevens and Sons,us-central
DR-740694,Kirk Powers,Taylor-Hampton,us-west
DR-340830,James Kelly,Phillips and Sons,us-west
DR-242765,Patrick Howard,Ramirez PLC,us-central
DR-743751,Allen Hall,Sanchez Group,us-west
DR-603261,Samuel Castro,"Braun, Evans and Kelly",us-west
DR-772928,Johnny Barajas,Roberts-Hodges,us-west
DR-567335,Tyler Rich,"Larson, Dudley and Smith",us-central
DR-893206,Alexandra Owen,Moreno Group,us-west
DR-725431,Thomas Day,Jenkins-Gardner,us-west
DR-633325,Courtney Glover,"Oliver, White and Allen",us-central
DR-199845,Kimberly Davidson,Crane Ltd,us-central
DR-809525,Amy Rogers,Powell-Atkins,us-west
DR-912761,John Johnson,"Cummings, Schultz and Hayes",us-west
DR-670258,David Gray,"Howard, Anderson and Smith",us-central
DR-932501,Stephen Clay,"Patel, Juarez and Thomas",us-central
DR-148407,Brett Harper,Fields LLC,us-central
DR-403020,Christina Nixon,Lewis-Perez,us-west
DR-436720,Regina Webster,Yoder-Gould,us-central
DR-911099,James Swanson,"Wright, Evans and Olson",us-west
DR-221458,Edward Anderson,"Hall, Vincent and Lambert",us-west
DR-201552,Danielle Jones,Graham Group,us-central
DR-278112,Michael Fields,"Irwin, Duncan and Carter",us-west
DR-779231,Robert Washington,Reeves LLC,us-west
DR-540050,Rhonda Carr,Clay LLC,us-west
DR-906017,Steven Gross,Simmons-Jones,us-central
DR-307542,William Dougherty,Hurley-Wallace,us-west
DR-979701,Dr. Megan Reynolds,"Rodriguez, Duran and Bird",us-central
DR-464711,Stephanie Nunez,Bailey and Sons,us-central
DR-904041,Mark Meyer,"Blake, Gamble and Barrett",us-central
DR-793891,Juan Schultz,Koch-Green,us-west
DR-797611,Debbie Robertson,Lester-Wilkinson,us-central
DR-571160,Aaron Gutierrez,"Davis, Cooper and Hickman",us-central
DR-620411,Kristen Coleman,Foster-Howard,us-west
DR-221697,Kiara Sanchez,Walsh Group,us-central
DR-619237,Michelle Miller,Collins PLC,us-central
DR-195576,Geoffrey Kelly,"Taylor, Villarreal and Fox",us-central
DR-481725,Jean Washington,Barnes Ltd,us-west
DR-286169,Joshua Jackson,Bishop-Diaz,us-central
DR-616493,Deborah Sawyer,Wilson-Elliott,us-central
DR-883128,Christopher Valdez,Gray LLC,us-central
DR-673466,Maurice Russell,Young Ltd,us-central
DR-585616,Vanessa Liu,Hernandez-Guzman,us-central
DR-307447,Jill Norman,Hines-Cameron,us-west
DR-947933,Adam Dodson,Stephenson Inc,us-central
DR-306018,Alexander Herrera,Gonzales Group,us-central
DR-673883,Kelsey Stephenson,Martin LLC,us-central
DR-190442,Jacqueline Ball,Williams Ltd,us-central
DR-992159,Shannon Arnold,Peters-Francis,us-west
DR-940685,Gina Cox,Martinez Inc,us-west
DR-740082,Yvonne Herman,"Smith, Brown and Vaughan",us-west
DR-424115,Craig Woods,"Duran, Rios and Baird",us-west
DR-787115,Anthony Jordan,Terrell-Mcgee,us-west
DR-968518,Paul Padilla,Mata-Bruce,us-central
DR-875630,Alexander Powers,Grimes-Berg,us-west
DR-583941,James Bailey,"Hunter, Carter and Reyes",us-central
DR-382083,Amy Martin,Wise-Robles,us-central
DR-622495,John Guerrero,"Warren, Webster and Hall",us-west
DR-168025,Destiny Daniels,Ellis Inc,us-west
DR-627834,Stephanie Smith,Ramirez-Tapia,us-west
DR-232662,Ray Johns,"Gardner, Grant and Mosley",us-west
DR-318903,Kristin Miranda,"Bradley, Randolph and Simmons",us-west
DR-403364,Melanie Castro,Johnson and Sons,us-west
DR-694139,Michele Casey,Jenkins Ltd,us-central
DR-539557,Linda Johnson,Freeman Group,us-west
DR-137008,Sabrina Maddox,Hurst LLC,us-central
DR-160324,Tami Lara,Smith PLC,us-central
DR-270010,Erin Foster,Anderson-Christensen,us-west
DR-620879,Janet Murphy,"Mclaughlin, Vargas and Cunningham",us-west
DR-549062,Katherine Rollins,Gaines-Watts,us-west
DR-760273,Anne Gonzalez,Moon-Zamora,us-central
DR-380289,Jeffrey Castro,Landry-Marshall,us-west
DR-832458,John Bates,"Martinez, Allen and Smith",us-central
DR-109445,Pamela Jones,Cherry-Smith,us-west
DR-880879,Christopher White,"Lee, Underwood and Stark",us-central
DR-478525,Barbara Moore,"Miller, Brown and Young",us-west
DR-880474,Kimberly Johnson,"Rubio, Davis and Eaton",us-central
DR-349250,Vincent Zimmerman,Whitney and Sons,us-west
DR-728460,Warren Roberts,Miller-Carson,us-west
DR-594032,Chad Turner,Perez and Sons,us-west
DR-199136,Melissa Lawson,Thomas-Huang,us-west
DR-905219,John Summers,Lee and Sons,us-west
DR-194948,Troy Moore,Miles Inc,us-central
DR-477182,Jose Decker,Black PLC,us-central
DR-255594,Jeremy Welch,Mendoza-Martinez,us-west
DR-266727,Carolyn Moreno,Soto-Sandoval,us-central
DR-652768,Jamie Parks,Garcia-Fuller,us-central
DR-814510,Joseph Benson,Robinson-Ferguson,us-central
DR-865489,Dean Zuniga,Lewis Inc,us-west
DR-337112,Daniel Wang,Thomas-Savage,us-west
DR-244669,Ashley Turner,Horton-Hicks,us-west
DR-939689,Katie Cuevas,Rich PLC,us-central
DR-634779,Patrick Smith,Wilkins-Ward,us-central
DR-343255,David Smith,Cook Group,us-west
DR-348170,Daniel Owen,Smith-Love,us-west
DR-854306,Mrs. Jessica Alvarez MD,"Jefferson, Hale and Hale",us-central
DR-281185,Michael Rodriguez,"Carroll, Warner and Boyd",us-central
DR-496298,Connie Morales,"Davis, Ramos and Mathews",us-west
DR-646353,Troy Smith,Garcia-Bernard,us-west
DR-462965,Melinda Jones MD,Castillo-Sandoval,us-central
DR-391590,Tony Wheeler,"Snow, Perez and Hicks",us-central
DR-117851,Jessica Wise,Phillips Inc,us-west
DR-542894,Cynthia Walker,Smith and Sons,us-central
DR-841331,Ryan Donovan,Jimenez-Proctor,us-central
DR-656982,Jesse Hernandez,Phelps Group,us-west
DR-396433,Gloria Tanner,Holland-Hammond,us-west
DR-586135,Linda Johnson,"Allen, Thompson and Nguyen",us-west
DR-462938,Zachary Medina,Mosley PLC,us-west
DR-891832,Mary Mcgee,"Sutton, Roberts and Cohen",us-west
DR-190256,Jennifer Winters,Joyce-Rivera,us-central
DR-180986,William Barnes,Morales-Dixon,us-central
DR-884087,Tony Bright,Thomas-White,us-west
DR-787384,Ronald Evans,King Inc,us-central
DR-246794,Joseph Reyes,Hickman and Sons,us-central
DR-730195,Lisa Jones,"Anderson, Brown and Schultz",us-central
DR-642974,Sandra Myers,"Wood, Dunn and Smith",us-central
DR-719095,David Bennett,Stanton-Wong,us-west
DR-704631,Emily Reeves,Johnson-Coleman,us-west
DR-997727,Ana Flores,Williams and Sons,us-west
DR-392475,Janice Patterson,"Aguilar, Gilbert and Stein",us-west
DR-515487,Amanda Franklin,Weaver-Rose,us-west
DR-928771,Carla Banks,Watson-Bernard,us-west
DR-359245,Katie Henderson,"Ramirez, Smith and Jones",us-west
DR-168940,Christopher Diaz,Flynn PLC,us-central
DR-346477,Fernando Weber,Nguyen PLC,us-central
DR-881307,Paul Ross,"Sutton, Baker and Nelson",us-central
DR-656411,Andrew Oliver,"Wong, Mcmillan and Turner",us-west
DR-160471,Joseph Garcia,Brown-Clark,us-west
DR-191805,Jessica Lowe,"Christian, Bell and Johnson",us-central
DR-390974,Joseph Ochoa,Davidson-Freeman,us-west
DR-583776,Patricia Stark,Rivera Inc,us-west
DR-294142,Michelle Hamilton,Leon PLC,us-west
DR-615015,Jesse Bailey,Thompson-Daniels,us-central
DR-196271,Edward Kemp,Espinoza-Turner,us-central
DR-258309,Frank Smith,"Jackson, Carrillo and Melton",us-west
DR-609900,Alexandria Smith,"Smith, Perez and Jenkins",us-west
DR-806248,Ashley Cobb,Buchanan-Watson,us-central
DR-993876,April Kane,Sharp-Hernandez,us-west
DR-219937,Nicholas Craig,Howard Inc,us-central
DR-487807,Beth Morrow,Sweeney-Mendez,us-west
DR-870917,Zachary Pitts,"Lewis, Stevens and Hensley",us-west
DR-743092,Jesse Brown,"Bennett, Smith and Mullen",us-west
DR-678340,John Pitts,"Tyler, Mclean and Brooks",us-west
DR-943259,Laura Obrien,"Torres, Baxter and Mills",us-west
DR-805637,Amanda Flowers,"Mathews, Harris and Jones",us-west
DR-849977,Mr. Gregory Lee,"Lee, Kennedy and Riddle",us-central
DR-136240,Ronald Stein,"Cooley, Leblanc and Church",us-central
DR-229875,James Knight,"Fernandez, Williams and Stanley",us-central
DR-237550,Samuel Chung MD,Smith Group,us-central
DR-529210,Michael Romero,"Taylor, Mccarthy and Moran",us-west
DR-917469,Christina Murray,Brown-Harmon,us-west
DR-684422,David Duncan,Alvarez PLC,us-central
DR-524227,Gregory Nielsen,Rose-Moore,us-west
DR-554828,Misty Miller,Brown-Cooper,us-central
DR-747898,Bethany Conrad,"Horn, Marquez and Day",us-west
DR-891542,April Watson,Weaver-Martin,us-west
DR-454703,Matthew Ryan,Coleman-Freeman,us-west
DR-821851,Carl Fischer,Villa and Sons,us-west
DR-116387,Julie Mejia,Estrada Inc,us-west
DR-580493,Lori Snyder MD,"Vega, Cook and Oliver",us-west
DR-493952,Dennis Mahoney,West Group,us-west
DR-930782,Jennifer Kramer,"Vance, Holmes and Vaughan",us-central
DR-342480,Richard Rivers,Reyes-Allen,us-west
DR-570625,Amber Osborne,Mckee Ltd,us-west
DR-566566,Donna Gray,Bryant Group,us-central
DR-295190,Jennifer Wilkinson,"Martinez, Massey and Weaver",us-west
DR-881714,Shawn Allen,"Combs, Mccarthy and Solomon",us-west
DR-457750,Kevin Dominguez,Stanley PLC,us-central
DR-523447,Mary Robinson,Taylor Ltd,us-west
DR-492168,Andrew Stein,"Everett, Boyd and Brown",us-west
DR-178204,Roger Martinez,Lynn-Graham,us-central
DR-124004,Robert Thompson,Nelson PLC,us-central
DR-620951,Micheal Wells,Ball and Sons,us-west
DR-417238,Erik Kline,Anderson-Brown,us-central
DR-533132,Barbara Hernandez,Reyes Ltd,us-west
DR-564767,Lori Wilson,Decker-Bauer,us-west
DR-487293,Rachael Peterson,Hopkins-Jackson,us-central
DR-680233,Katelyn Gray PhD,Crosby Inc,us-central
DR-975669,Justin Vega,"Taylor, Sweeney and Ferguson",us-west
DR-520334,Jonathan Brown,Ross-Jones,us-central
DR-620261,Emily Carey,Noble LLC,us-central
DR-324694,Robert Thomas,"Jordan, Reyes and Beasley",us-west
DR-178090,Anthony Burns,"Baker, Allen and Ross",us-west
DR-528496,Matthew Gomez,"Ortega, Roberts and Robertson",us-west
DR-777401,Grace Allen,Bean Inc,us-west
DR-910172,Sabrina Hampton,Lambert Ltd,us-west
DR-312693,Courtney Martinez,Kim-Stewart,us-west
DR-643302,Alexander Marquez,Molina Group,us-west
DR-851351,Jonathan Barker DVM,Smith-Mayer,us-central
DR-692274,Rachel Delgado,Perez Group,us-central
DR-664977,David Fisher,Hernandez LLC,us-central
DR-948163,Michele Kim,"Vasquez, Bowen and Anderson",us-west
DR-125746,Destiny Martinez,Hall-Gibson,us-west
DR-257431,Gary Foster,Johnson Inc,us-west
DR-743226,Miguel Graham,"Hutchinson, Martinez and Elliott",us-central
DR-265083,Barbara Moss,Garcia-Bates,us-central
DR-413297,Albert Davis,Wells-Peck,us-west
DR-344109,Daniel Jackson,"Gutierrez, Gallagher and Hamilton",us-west
DR-572777,Taylor Willis,Leblanc-Ramos,us-central
DR-751063,Daniel Lewis,"Mcbride, Mann and Pacheco",us-west
DR-968648,Ralph Brooks,Salazar Inc,us-west
DR-334052,Adam Singleton,Smith-Meyer,us-central
DR-798397,Brian Wise,"Macdonald, Phillips and Harris",us-west
DR-645398,Ryan Hernandez,Watkins-Johnston,us-west
DR-239535,Anthony Adams,Grant PLC,us-west
DR-184896,Rachel Patel,Huang Ltd,us-west
DR-748700,Dr. Charles Wallace DDS,Williamson LLC,us-central
DR-862821,Amber Walls,Holmes PLC,us-west
DR-412568,Tina Mcintyre,Davenport-Sutton,us-central
DR-339905,Jessica Walker,Perez LLC,us-west
DR-962120,Stephanie West,"Delgado, Mcgee and Ryan",us-west
DR-847836,Brian Ballard,"White, Bruce and Moore",us-west
DR-449400,Paul Powell,Oliver-Carter,us-central
DR-961517,Bridget Smith,"Jones, Duncan and Francis",us-west
DR-455993,Brittany Perez,"Miller, Jensen and Yates",us-west
DR-451742,Joan Andrews,Foley Group,us-west
DR-648052,Amanda Roy,Spencer Group,us-west
DR-437765,Christine Thomas,"Johnson, Fernandez and Anderson",us-west
DR-243353,Gabriella Martinez,"Hernandez, Scott and Johnson",us-central
DR-717901,Cheryl Martinez,Warren-Miller,us-central
DR-722808,Shannon Daniel,Daniels-Miller,us-central
DR-199167,Gary Bolton,"Gonzalez, Franklin and Hill",us-west
DR-515150,Tammy Gomez,"Walters, Griffin and Lawson",us-west
DR-889555,Anthony Strickland,Cole LLC,us-west
DR-459923,Heidi Gonzales,Lopez-Hendricks,us-west
DR-811541,Lori Jones,Brown LLC,us-west
DR-223300,Tracey Small,Lopez-Gonzalez,us-central
DR-928110,Amanda Wallace,Ellis and Sons,us-west
DR-551923,Rachel Morgan,Rivera-Steele,us-west
DR-481979,Sierra Anderson,"Saunders, Perkins and Gentry",us-west
DR-163991,Jill Butler,Marshall Inc,us-central
DR-803049,Mr. Zachary Ford,Vincent and Sons,us-west
DR-308282,Cristian Scott,Vasquez-Bell,us-west
DR-642929,Kathleen Glover,Morgan-Smith,us-central
DR-247387,Tracy Lewis,"Bennett, Gonzales and Bond",us-west
DR-937723,Erin Montoya,Jackson-Martinez,us-west
DR-591299,Jose Martin,Gordon PLC,us-west
DR-937656,Danielle Shannon,"Estes, Schaefer and Smith",us-west
DR-344477,Brent Wilson,Mcdonald-Walsh,us-central
DR-743229,Katie Jordan,Ellis and Sons,us-west
DR-309914,Amanda Norman,Moon PLC,us-central
DR-568742,Alan Hernandez,Gibson Group,us-central
DR-262747,Andrew Perez,"Rodriguez, Riddle and Wright",us-west
DR-492003,Mark Orr,Bell and Sons,us-west
DR-802109,Amy Armstrong,"Bell, Wolfe and Spears",us-west
DR-980460,Mark Watkins,Copeland-Cardenas,us-central
DR-366843,Lauren Garcia,"Ryan, Jones and Rogers",us-central
DR-221819,Douglas Nunez,Jones-Clark,us-west
DR-304500,Amy Kennedy,Long Ltd,us-central
DR-321650,Olivia Hunt,Taylor-Bailey,us-west
DR-226254,Joshua Hughes,"Hill, Monroe and Morse",us-central
DR-851720,Jacqueline Taylor,Cherry LLC,us-central
DR-786263,Carolyn Thompson,"Browning, Campbell and Moses",us-central
DR-932347,Alisha Washington,Allen-Smith,us-central
DR-679075,Karen Harris,Freeman-Stanton,us-west
DR-550486,Anthony Carter,"Horton, Price and Rivera",us-central
DR-586353,Ethan Wiggins,Carey-Martin,us-west
DR-667872,Sandra Fields,"Allen, Clark and Lewis",us-west
DR-420644,Chelsea Lester,Lawson Ltd,us-central
DR-201364,Earl Ross,Tucker Group,us-west
DR-608146,Carl Young,Fields Ltd,us-west
DR-942426,Brian Haynes,"Hunt, Cortez and Davenport",us-central
DR-801340,Ashley Morales,"Hall, Johnson and Hayes",us-central
DR-310084,Stefanie Fisher,Le-Phillips,us-west
DR-809216,Tyler Brown,Carter-Marshall,us-central
DR-239429,Thomas Castro,Phillips-Smith,us-central
DR-797907,Melinda Alvarez,Young-Copeland,us-central
DR-479976,Stacy Robinson,Gordon-Wiley,us-central
DR-776820,Albert Morse,Johnston-Lee,us-central
DR-411892,Isaac Watson,Thompson-Taylor,us-central
DR-892213,Joyce Mckenzie,Thompson-Wong,us-west
DR-109020,Sara Lewis,Hess PLC,us-west
DR-656517,James Gonzalez,"Figueroa, Solis and Smith",us-central
DR-733393,David Alexander,Collins-Diaz,us-west
DR-555593,Jamie Conner,Mitchell-Murphy,us-west
DR-762270,Janet Little,"Wilson, Ramirez and Mejia",us-central
DR-398666,Dawn Obrien,Shea PLC,us-central
DR-630029,Brandon Hoover,"Mcpherson, Adams and Hughes",us-west
DR-514817,Monica Brooks,Cox-Park,us-west
DR-671070,Douglas Mora,"Washington, Coleman and Daniels",us-west
DR-291458,Dwayne Campbell,Knight-Lynn,us-central
DR-139408,Jason Parker,"Garcia, Calhoun and Smith",us-central
DR-566361,Richard English,Johnson-Smith,us-central
DR-927168,Martin Werner,"Ortiz, Schultz and Jones",us-west
DR-420063,Aaron White,Jackson Ltd,us-central
DR-709586,Douglas Moody,Brown-Bradshaw,us-central
DR-189298,Rebecca Lawson,Cooper-Wang,us-central
DR-170917,Gregory Mann,Ayers and Sons,us-central
DR-888202,Ashley Brown,Mitchell-Bell,us-central
DR-857451,Christopher Frazier,Ochoa and Sons,us-central
DR-596417,Nicole Atkinson,Sanders-Pope,us-central
DR-716120,Hannah Burch,Trujillo Ltd,us-central
DR-108070,Brandi Sloan,Smith-Diaz,us-west
DR-724557,Randall Best,Simmons Inc,us-central
DR-723729,John Acosta,"Rivera, Smith and Smith",us-central
DR-778065,Robert Guerra,Cruz PLC,us-west
DR-393330,Allen Petty,James-Park,us-west
DR-318518,Michael Gonzalez,"Brown, Ware and Schneider",us-west
DR-196241,Matthew Bryant,"Johnson, Martin and Park",us-west
DR-908172,Timothy Rose,"Hughes, Li and Martinez",us-west
DR-545371,Dr. Roberto Williams,Jones-Hernandez,us-central
DR-818473,Matthew West,Moore Group,us-central
DR-343998,John Stephenson,Pope-Haas,us-west
DR-368263,David Waller,"Sanders, Hall and Rodriguez",us-west
DR-130370,Fred Wallace,Mason LLC,us-west
DR-573266,Gene Shannon,Willis-Webster,us-west
DR-339666,Patrick Burns,Martin Ltd,us-central
DR-900151,Amanda Kelly,"Carlson, Jones and James",us-west
DR-857733,Billy Huerta,Mcpherson-Smith,us-central
DR-477500,Patrick Washington,Watts-Tran,us-west
DR-399290,Shannon Cook,Morris-Rodriguez,us-west
DR-218897,Amber Perkins,Peters-Richards,us-central
DR-255592,Angelica Friedman,"Lewis, Hardin and Johnson",us-west
DR-719781,Keith Perez,Davis Ltd,us-central
DR-330140,Mrs. Amanda Cole,Wong Inc,us-west
DR-364267,Madeline Buck,"Long, Bennett and Miller",us-central
DR-645167,Karen Anderson,"Kim, Robinson and Banks",us-west
DR-400328,Julie Stone,Williamson-Burton,us-west
DR-195978,Gene Rivera,"Castillo, Watts and Edwards",us-west
DR-474040,Catherine Ross,Hill-Waters,us-central
DR-888754,Kathleen Cameron,Johnson-Morris,us-central
DR-166493,Taylor Arias,Brown-Blankenship,us-west
DR-666236,Nicole Collins,White-Bass,us-central
DR-224464,Danny Cole,Chapman-Smith,us-central
DR-262393,Rachel Davidson,Luna Inc,us-west
DR-868536,Elizabeth Porter,"Scott, Chandler and Smith",us-central
DR-734505,Lauren Kelly,"Mcdowell, Nelson and Hardin",us-central
DR-711267,Erin Mcpherson,Garcia-Tucker,us-west
DR-956671,Alyssa Le,Newman-Smith,us-central
DR-832499,Holly Lawson,Steele PLC,us-central
DR-579762,Christina Adkins,Berry and Sons,us-central
DR-534469,Travis Joseph,"Salinas, Davenport and Brown",us-central
DR-196062,Felicia Compton,Stuart Ltd,us-central
DR-169445,Tracey Richmond,Jones-Roach,us-central
DR-808332,Stacy Young,Sanders-Baker,us-central
DR-691922,Steven Bradley,"Evans, Walsh and Roberts",us-west
DR-696780,Kelly Reyes,Hubbard Inc,us-central
DR-339643,Anna Fernandez,"Potter, Erickson and Franklin",us-central
DR-180532,Aaron Reese,Conner Group,us-west
DR-813255,Tara Butler,Cox Inc,us-central
DR-372762,Jason Johnson,Burke-Edwards,us-west
DR-569090,Brent Wilson,"Roman, Kane and Gross",us-central
DR-618064,Xavier Williams,"Turner, Mays and Grant",us-central
DR-885053,Sonia Montgomery,Evans-Torres,us-west
DR-365222,Johnny Chen,Herrera Group,us-central
DR-816984,April Murphy,Hernandez-Jacobson,us-west
DR-184441,David Diaz,"Burns, Potter and Webb",us-central
DR-370623,Mark Fry,Bauer-Williamson,us-west
DR-138951,Tony Floyd,"Walker, Cooper and Anderson",us-west
DR-876225,Rodney Ellis,"Lawrence, Keith and Russell",us-west
DR-786674,Lisa Chung,"Ramos, Hernandez and David",us-central
DR-958335,Brandon Black,Nichols-Lowe,us-west
DR-786855,Amy Hartman,Schmidt and Sons,us-west
DR-420340,Ashley Wood,Anderson Inc,us-west
DR-538774,Leslie Bass,"Black, Perez and Carter",us-central
DR-185340,Donna Fowler,Johnson Group,us-west
DR-372088,Christine Jimenez,Dennis-Little,us-central
DR-100218,Eric Turner,Deleon and Sons,us-central
DR-239441,Andrew Williams,Rhodes-Davis,us-central
DR-774314,Maria Phillips,Thornton PLC,us-west
DR-124669,Jamie Murphy,Crosby-Burke,us-central
DR-929553,Scott Fritz,Francis-Stewart,us-west
DR-679948,Robyn Gaines DVM,"Wood, Dougherty and Gay",us-central
DR-281556,Anthony Gonzalez,"Edwards, Frazier and Henderson",us-central
DR-635900,Tiffany Olson,Gonzalez Ltd,us-central
DR-107250,Philip Mcfarland,"Atkinson, Woods and Jordan",us-central
DR-110975,William Shepard,"Glover, Chang and Kerr",us-west
DR-386586,Javier Morris,Thomas-Medina,us-central
DR-921717,Michael Williams,Roberts Group,us-west
DR-450853,Travis Bell,Woodard-Roberts,us-west
DR-729278,Dr. Tristan Bryant MD,Galvan-Martinez,us-west
DR-121512,Yolanda Russell,Lynch-Wood,us-west
DR-360753,Carla Miller,Holloway PLC,us-west
DR-781476,Lindsay Cooper,Silva PLC,us-west
DR-645000,Amanda Dillon,Smith-Davenport,us-west
DR-560131,Megan Humphrey,"Sherman, Adams and Cunningham",us-central
DR-572496,Stephanie Hill,Jackson PLC,us-central
DR-722365,Brandy Montgomery,Welch Inc,us-central
DR-387970,Sandra Matthews,Peterson-Williams,us-central
DR-587651,Curtis Maynard,"Strickland, Shelton and Perez",us-west
DR-601383,Kevin Pratt,Lutz-Clark,us-west
DR-336593,Cynthia Meyer,"Cortez, Torres and Lynch",us-west
DR-440404,Adam Hill,"Roberson, Robinson and Sanchez",us-west
DR-910174,Isaac Cook,Goodwin PLC,us-west
DR-366471,Randy Turner,Kane-Nixon,us-central
DR-988032,Peter Garcia,Daniels-Cox,us-west
DR-665029,Joshua Clark,Sanders-Rush,us-west
DR-235473,Laura Washington,"Torres, Rivera and Mack",us-west
DR-826322,Stacey Patel,"Martinez, Daniels and Mcmahon",us-central
DR-533891,Kimberly Mclean,Green Inc,us-central
DR-184332,Nancy Stanley,Garcia Ltd,us-central
DR-438425,Lisa Moon,Sanders-Blevins,us-west
DR-518553,Susan Jenkins,Dixon-Davis,us-west
DR-734255,Jodi Rice,Campbell-Ford,us-west
DR-153001,Daniel Garcia,Thomas-Carter,us-central
DR-218937,Nicole Hester,"Bush, Bailey and Franklin",us-west
DR-623648,Eric Wright,Nichols PLC,us-central
DR-495705,Matthew Perez,Walsh Ltd,us-west
DR-222087,Allison Bush,Mcmillan PLC,us-west
DR-621031,Christopher Kelley,"Ferguson, Hogan and Rivera",us-west
DR-530082,David Fox,Hodge Group,us-central
DR-295775,Bradley Brooks,Little LLC,us-west
DR-697036,Dr. Erika Thomas,Dixon-Franklin,us-central
DR-876522,Melissa Torres,Pearson Group,us-central
DR-931479,Kimberly Maxwell,Meyers Ltd,us-west
DR-543197,Mary Bailey,"Mendez, Johnson and Sherman",us-central
DR-246127,Lori Clark,"Garcia, Chapman and Camacho",us-west
DR-117815,Jerry Irwin,Hood-Young,us-central
DR-839915,Jeremy Mccullough,May-Harrison,us-west
DR-390053,Eric Robinson,Owens Ltd,us-central
DR-611726,Michael Williams,Valdez-Underwood,us-central
DR-768137,David Foster,Perez-Jordan,us-central
DR-717225,Claudia Salazar,Williamson Ltd,us-central
DR-827955,Colleen White,Roberts LLC,us-west
DR-774571,Tracy Smith,Rodriguez-Tate,us-west
DR-803539,Diane Young,Jensen LLC,us-west
DR-389135,Jessica Montgomery,Becker-Odom,us-central
DR-193412,Tiffany Chapman,"Robinson, Nash and Ray",us-central
DR-658441,Angela Henderson,Johnson-Herman,us-central
DR-419856,Kenneth Khan,"Harris, Cox and Peterson",us-west
DR-412209,John Vance,Bailey-Dickson,us-west
DR-276864,Kevin Hill,Martin and Sons,us-central
DR-895788,Jenna Morris,"Cook, Glenn and Rich",us-central
DR-564433,Molly Perez,Ramsey Inc,us-west
DR-832448,Eric Gardner,"Watkins, Carter and Miller",us-west
DR-319504,Joshua Williams,"George, Woods and Mitchell",us-west
DR-687149,Erin Owens,Miller-Davis,us-central
DR-324019,Daniel Washington,Shea-Scott,us-central
DR-214804,Julie Richardson,Larson and Sons,us-west
DR-741844,Christopher Morris,Acosta-Hawkins,us-west
DR-135696,Hunter Butler,White-Hughes,us-central
DR-855440,Lawrence Price,Chavez-Owens,us-central
DR-224700,Lisa Hebert,Patterson Inc,us-west
DR-436397,Devin Davenport,Joseph Ltd,us-west
DR-816076,Steven Hughes,King-Bass,us-central
DR-998457,Ryan Nelson,"Wilson, Wells and Atkinson",us-central
DR-172686,Eric Jones,Scott-Nguyen,us-central
DR-879320,Teresa Gonzalez,"Morgan, Dudley and Miller",us-west
DR-381739,Cindy Burns,Goodman-Hopkins,us-central
DR-764021,Anna Fernandez,"Turner, Knapp and Banks",us-west
DR-584360,Sandra Thomas,Hernandez-Dunn,us-central
DR-191232,Nicholas George,Johnson-Kim,us-west
DR-457027,Wanda Davis,Cunningham LLC,us-central
DR-232357,Dana Anderson,Potts-Moyer,us-west
DR-264958,Sarah Bradshaw,Gilbert and Sons,us-west
DR-127321,Jerry Edwards,Potter-Chaney,us-central
DR-376295,Justin Brown,Burton-Patterson,us-west
DR-712824,Victoria Dillon,Terrell-Thompson,us-central
DR-981769,David Chandler,"White, Pitts and Castro",us-central
DR-319924,Zachary Jones,Reyes-Bell,us-central
DR-224123,Phyllis Lee,Camacho-Jimenez,us-central
DR-375221,Logan Bennett,"Mays, Reynolds and Walsh",us-west
DR-800659,Christine Price,Murray-Poole,us-central
DR-600493,Courtney Thomas,"Harris, Carter and Marquez",us-west
DR-301030,Carla Roy,"Schmidt, Miller and Clark",us-central
DR-400375,Andrew Yates,Gay Inc,us-central
DR-628714,Lisa Newman,Mason-Stokes,us-west
DR-653173,Tyler Jennings,Allen Ltd,us-central
DR-747334,Erika Mejia,Allen Ltd,us-central
DR-716449,Courtney Harrison,Moore Group,us-central
DR-639969,Chloe Lee,"Sweeney, Thomas and Johnson",us-west
DR-212403,Carrie Smith,Allen LLC,us-central
DR-624175,Craig Barnes,Bowers-Valdez,us-central
DR-927671,Karen Parker,Adams Group,us-central
DR-655778,Danielle Silva,Miller Group,us-central
DR-701790,Christopher Brown,Castillo Inc,us-central
DR-474723,Kevin Wilson,"Daniels, Ortiz and Gray",us-west
DR-136877,Matthew Norris,"Ruiz, Torres and Johnson",us-central
DR-368127,Adam Davies,Lyons-Campos,us-central
DR-581095,Erica Guerra,Flowers-Nelson,us-west
DR-859019,Benjamin Cooper,Bowers Group,us-central
DR-763890,Amanda Baker,Martin-Hopkins,us-central
DR-579441,Charles Lopez,Young-Peck,us-central
DR-808094,John Knight,"Cline, Graham and Rogers",us-west
DR-998762,Cameron Shepard,"Lee, Zuniga and Pugh",us-west
DR-927798,Charles Allen,Anderson-Cruz,us-west
DR-739330,Patricia Morris,Swanson-May,us-west
DR-483415,Jessica Castillo,Chase-Waters,us-central
DR-949604,Jacob Gay,Reed PLC,us-west
DR-880201,Michael Rogers,"Smith, Dunn and Anderson",us-central
DR-802063,Jennifer Patel,"Kelly, Freeman and Barber",us-central
DR-854830,Deborah Ross,"Moss, Berger and Simmons",us-west
DR-906098,Kimberly Davis,Ramirez-Stone,us-central
DR-245443,Laura Hutchinson,Shah-Torres,us-central
DR-662719,Brian Carter,"Dalton, Sherman and Mitchell",us-west
DR-845722,Mary Waters,Blanchard-Nguyen,us-west
DR-577284,Terry Steele,"Bates, Martinez and Clark",us-west
DR-445206,Jerry Olsen,Martinez-Donovan,us-central
DR-917245,Aaron Rodriguez,Jones PLC,us-west
DR-943217,Taylor Roberts,Morgan-Olsen,us-west
DR-209375,Marie Hart,Scott Ltd,us-central
DR-449919,Dennis Dillon,Peters and Sons,us-west
DR-652455,Anthony Campbell,Weiss and Sons,us-west
DR-140736,Dana Jones,"Mack, Curtis and Williams",us-west
DR-893276,Daniel Blake,Massey-Leon,us-central
DR-313455,Frank Fischer,White-Watson,us-central
DR-857731,Curtis Peterson,West Group,us-west
DR-614445,Ian Coffey,Gaines-Dennis,us-central
DR-634849,Lisa Love,Herrera LLC,us-central
DR-557982,Brian Fleming,Garza Inc,us-central
DR-171505,Kyle Duffy,"Lynch, Brooks and Tyler",us-west
DR-531585,Marie Fowler,"Fox, Shepard and Scott",us-central
DR-327335,Robert Gould,"Mayer, Mitchell and Hernandez",us-central
DR-100286,James Conrad,Robinson Ltd,us-west
DR-461501,Andrew Davis,White-Ortega,us-central
DR-767281,Mark Miller,Rogers-Weiss,us-central
DR-974155,James Jones,Wilson Ltd,us-central
DR-215183,Ashley Stein,"Blankenship, Sutton and Hensley",us-west
DR-824040,Barry Garcia,Johnson Ltd,us-west
DR-798020,Mr. Michael Howard,"Arnold, Gould and Mercado",us-central
DR-145993,Terri Anderson,"Yoder, Collins and Stone",us-west
DR-675465,Mary Yang,"Winters, Watkins and Jenkins",us-central
DR-993031,Stephanie Sanders,"Robinson, Davis and Byrd",us-west
DR-888787,Tonya Parker MD,"Jones, Arnold and Ruiz",us-central
DR-539444,Scott Rivera,"Bowman, Cook and Cannon",us-west
DR-842031,Edward Sims,"Escobar, Wells and Taylor",us-west
DR-987834,Elizabeth Mason,Taylor PLC,us-west
DR-792558,Brian Collins,Torres Ltd,us-west
DR-891029,Laura Williams,Calhoun LLC,us-central
DR-150691,Clifford Mckenzie,"Robinson, Fuentes and Roberts",us-central
DR-496292,Michael Cole,Peterson-Cox,us-west
DR-796833,Matthew Miller,"Dickerson, Gilbert and Martin",us-west
DR-379732,Kimberly Hernandez,Patel-Roberts,us-central
DR-834492,Zachary Smith,"Pham, Lewis and Kidd",us-west
DR-630799,Dana Wilson,Travis-Riley,us-central
DR-729413,Sarah White,"Silva, Harris and Ray",us-central
DR-927255,Kenneth Walsh,Hopkins-Burns,us-central
DR-747906,Michael Perez,Delgado Inc,us-west
DR-175953,Adriana Murphy,"Taylor, Austin and Robles",us-west
DR-175057,Brittany Pope,Jones-Roach,us-west
DR-907678,Steven Baldwin,Frazier Ltd,us-west
DR-814978,Christina Parsons,"Stevens, Mcintosh and Fischer",us-west
DR-295799,Nicholas Richards,Duarte Group,us-central
DR-792942,Michelle Miller,Woods-Ferguson,us-central
DR-248746,Mark Mitchell,Hampton Inc,us-west
DR-819595,Terry Rivera,Lee-Ritter,us-west
DR-777297,Caitlyn Lopez,Vazquez and Sons,us-central
DR-592510,Ralph Thomas MD,Holmes-Ali,us-west
DR-309360,Darrell Schmidt,Kaufman Ltd,us-central
DR-671796,Valerie Carr,Mcpherson-Stanton,us-west
DR-847535,Peter Webb,Rivera Inc,us-west
DR-376747,Steve Perez,Robinson-Dickerson,us-west
DR-139113,Betty Cooper,Garza-Hickman,us-central
DR-411408,Amanda Johnson,Roy PLC,us-west
DR-578671,Jeffrey Wood,Ramirez PLC,us-west
DR-616945,Jeanne Tucker,"Hamilton, Bruce and Gray",us-central
DR-642306,Benjamin Moses,Davis LLC,us-west
DR-627153,Angela Rose,Steele Ltd,us-west
DR-803786,Shannon Oliver,Nash-Snow,us-central
DR-564001,Carly Gonzales,Nichols PLC,us-central
DR-949869,Maria Mcmillan,Gomez-Hall,us-central
DR-968422,Michelle Butler,"Gonzalez, Walker and Crawford",us-central
DR-588153,Tiffany Spencer,"Ingram, Young and Graham",us-west
DR-355554,Shannon Brown,Wells and Sons,us-central
DR-879651,Monica Fitzpatrick,"Hill, Ortega and Klein",us-central
DR-247441,Francisco Bradley,Spencer Inc,us-west
DR-969112,Amy Velasquez,Rodriguez Group,us-central
DR-544345,James Acevedo,Walter-Gutierrez,us-west
DR-687228,Cindy Diaz,"Wallace, Blair and Garrison",us-west
DR-528510,Jeffery Stone,Rice Group,us-west
DR-741762,Sean Lewis,Williams-Evans,us-west
DR-531091,Kathryn Palmer,"Lee, Vargas and May",us-west
DR-421170,Peter Smith,"Hernandez, Lawrence and Gould",us-west
DR-564977,Kristina Hawkins,Richardson PLC,us-west
DR-227261,Nathaniel Brown,Turner-Chambers,us-central
DR-534122,Gina Reyes,Mccann-Thomas,us-west
DR-299431,Mr. Stephen Adams MD,Harrington Ltd,us-central
DR-216295,Stephen Gentry,Byrd and Sons,us-central
DR-471932,Andrea Wise,Fleming Inc,us-central
DR-508297,Lydia Jones,Estrada Group,us-central
DR-686408,Michael Gomez,Gilmore-Smith,us-central
DR-993036,Stacy Sullivan,Archer Ltd,us-west
DR-609769,Amanda Hess,Petty-Morris,us-west
DR-695666,Cody Young,Gonzales and Sons,us-central
DR-596882,Andrew Gonzalez,Robinson-Robinson,us-west
DR-232485,Margaret Mitchell,"Newman, Hernandez and Watkins",us-central
DR-346972,Sarah Benitez,Hernandez PLC,us-west
DR-884253,Jerry Stewart,"Hickman, Cuevas and Hughes",us-central
DR-235438,Tonya Turner,"Davis, Pacheco and Ballard",us-west
DR-354267,April Russell,"Turner, Preston and Palmer",us-west
DR-414995,Phillip Zimmerman,Lee Ltd,us-west
DR-234383,Stephen Wright,"Carlson, Smith and Johnson",us-west
DR-771736,James Wise,"Young, Ford and Kelly",us-central
DR-233880,Lisa Vargas,"Cline, Wade and Johnson",us-west
DR-239666,Kathryn Hayes,Rios Ltd,us-west
DR-117695,Shelby Allison,"Arroyo, Oconnor and Smith",us-west
DR-599348,George Bennett,"Lewis, King and Fritz",us-west
DR-712299,Jacqueline Sellers,Miller PLC,us-central
DR-489079,Timothy Gray,Castro and Sons,us-central
DR-624921,Corey Smith,Gordon-Walker,us-west
DR-299491,Stacey Johnson,Thompson-Johnson,us-central
DR-167399,John Gonzalez,Guerrero-Dorsey,us-west
DR-674168,Ariana Simpson,"Vasquez, Fowler and Mann",us-west
DR-931124,Ashley Bryant,"Bruce, King and Williams",us-central
DR-106530,Ariel Brown,"Mcintyre, Schmidt and Schaefer",us-west
DR-178362,Donna Smith,"Wood, Gonzalez and Lopez",us-central
DR-346410,Belinda York,"Moses, Sutton and Hall",us-central
DR-768117,Jonathan Jackson,Garza-Miller,us-central
DR-834507,Carolyn Richardson,Grant LLC,us-central
DR-265276,Logan Mason,"Hayes, Robbins and Wells",us-central
DR-551756,Patrick Hill,"Cisneros, Jones and Page",us-west
DR-289523,Tracy Romero,Kelley-Trujillo,us-west
DR-370361,Brian Evans,Prince PLC,us-west
DR-189096,Ryan Carr,Hurley-Williams,us-west
DR-331780,Robert Hayes,Gilbert-Burns,us-west
DR-600169,Jennifer Miller,"Bailey, Scott and Gill",us-central
DR-969919,Erin Williams,West-Hill,us-west
DR-217879,Shelley Robertson,Dunn Ltd,us-west
DR-428918,Roy Rogers,Thomas-Powers,us-west
DR-909642,Tonya Salas,Reynolds-Cherry,us-central
DR-112685,Evan Sullivan,"Huffman, Bryant and Rivera",us-west
DR-231393,Sarah Johnson,"Conrad, Madden and Phillips",us-central
DR-462727,Christopher Wilson,"Hancock, Sexton and Washington",us-west
DR-422480,Karen Salazar,Brooks-Brown,us-west
DR-536669,Tina Smith,"Friedman, Smith and Miranda",us-west
DR-812090,Craig Ross,Lopez-Davis,us-central
DR-590479,Courtney Garcia,Flores PLC,us-west
DR-471041,Amy Garcia,Lee-Vincent,us-west
DR-337799,Manuel Phillips,"Clay, Wilson and Willis",us-central
DR-105990,Michael Davis,Coleman-Walker,us-central
DR-432973,Jason Mccall,"Clark, Anderson and Robertson",us-central
DR-344257,Matthew Mata,Carter and Sons,us-west
DR-449661,Tyler Smith,Juarez-Mendez,us-central
DR-845271,Amy Morgan,Johnson-Ferrell,us-central
DR-359819,Paul Rodriguez,Stevens-Donaldson,us-central
DR-954546,Ronald Conner,Sandoval-White,us-central
DR-524829,Tiffany Beasley,"Ramirez, Smith and Miller",us-west
DR-605228,Rita Campbell,Abbott Group,us-west
DR-480682,Benjamin Vincent,"Edwards, Arias and Cook",us-west
DR-114768,Daniel Williams,"Fischer, Kelly and Rangel",us-west
DR-233381,Melissa Stevenson,Brown and Sons,us-central
DR-396178,Ashley Williams,"Mclean, Rojas and Mendoza",us-central
DR-231653,Brenda Davila,"Anthony, Castillo and Hodge",us-west
DR-485592,Joe Mitchell,Nelson-James,us-west
DR-557586,Donald Lopez,Brown Group,us-central
DR-227286,Marie Johnson,Levine Inc,us-west
DR-905076,Cameron Johnson,Gonzales Group,us-west
DR-812070,Ronald Garza,Graham-Rodriguez,us-central
DR-677599,Michael Cook,Rose-Wang,us-west
DR-699822,Jacob Sexton,Norman and Sons,us-central
DR-280260,Scott Franco,James-House,us-central
DR-985146,Brett Reynolds,"Maynard, Robertson and Liu",us-west
DR-449849,Christopher Lucas,Lewis-Ortega,us-central
DR-182425,Carrie Davis,"Clark, Williams and Fox",us-west
DR-570543,Madison Singh,Lucas-Ramirez,us-central
DR-364136,Dwayne Benson,Johnson PLC,us-central
DR-240656,Brenda Taylor,Sanders-Stewart,us-central
DR-611044,Rita Long,George-Pollard,us-central
DR-125388,Ronald Knight,"Roberts, Moore and Valdez",us-west
DR-657240,Jennifer Faulkner,Bailey-Gibson,us-central
DR-549420,David Romero,"West, Rollins and Green",us-west
DR-306886,Michael Garcia,Carter PLC,us-central
DR-518921,Sandra Chavez,Daugherty-Wilson,us-central
DR-532320,Cynthia Alvarado,Williams-Johnson,us-west
DR-264984,Kelly Mccormick MD,Brooks Group,us-central
DR-129260,Sherry Stout,"Thompson, Gilmore and Weber",us-central
DR-150800,Rhonda Page,York and Sons,us-central
DR-125349,Christy Hunter,Miller-Marshall,us-central
DR-270398,Peggy Garcia,"Kelly, Flores and Gomez",us-west
DR-825129,John Webb,Smith-Medina,us-central
DR-465959,Alexandria Scott,"Hayes, Estrada and Hernandez",us-central
DR-836494,Denise Wilson,Barnett LLC,us-west
DR-199545,Kelsey Mccarthy,Smith-Gray,us-west
DR-154780,Adriana Jackson,"Lowe, Wilson and Wilson",us-west
DR-538651,Dr. Jose Torres,"Campbell, Bray and Mcdaniel",us-central
DR-375604,Tracy Nguyen,Brown Group,us-west
DR-278080,Matthew Gates MD,Lee-Pennington,us-west
DR-640988,Frank Moses,Turner LLC,us-west
DR-506342,Michael Rosario,Perez Inc,us-west
DR-178452,Janice Walsh,Nelson-Bowers,us-west
DR-772514,Benjamin Henderson,Salazar PLC,us-central
DR-491573,Kim Pennington,Rivera-Kaufman,us-west
DR-783114,James Mitchell,Ortega-Ferguson,us-central
DR-211392,Toni Cooper,Mccullough-Short,us-west
DR-202009,Amanda Delacruz,Nelson-Stark,us-west
DR-102792,Joshua Ortiz,Allen-Perez,us-west
DR-356470,Cynthia Aguilar,Peck Inc,us-west
DR-756839,Michael Owen,Cooley-Brown,us-central
DR-990022,Pamela Williams,Edwards-Woods,us-central
DR-193056,Christine Clark,Crane-Harrell,us-central
DR-312344,Catherine Adams,Sullivan-Jacobson,us-central
DR-169645,Andrew Anderson,Maxwell PLC,us-central
DR-837761,Shelly Rodriguez,Reyes-Hudson,us-central
DR-999151,Jennifer Frederick,Hunter Inc,us-west
DR-620722,Tyler Gallagher,"Ramos, Thompson and Mcgee",us-central
DR-949812,Matthew Gonzales,"Blake, Jacobs and Hernandez",us-west
DR-488559,Nancy Jenkins,"Lynch, Mason and Gibson",us-west
DR-119840,Brenda Davis,Johnson-Jones,us-central
DR-292757,Collin Meyers,"Benjamin, Owen and Spears",us-west
DR-959037,Mike Sandoval,Johnson-Jacobs,us-central
DR-212119,Benjamin Perez,Vargas Ltd,us-central
DR-400593,Kylie Fields,Hunt and Sons,us-central
DR-547173,Roberto Gonzalez,Li-Snyder,us-central
DR-859088,Ashley Pierce,"Terry, Gill and Williams",us-west
DR-278562,Daniel Nelson,"Montgomery, Foster and Lee",us-west
DR-945774,Mary Medina,"Hayes, Sanford and Freeman",us-central
DR-123938,Anthony Williams,"Small, Washington and Bailey",us-central
DR-420847,Laurie Thomas,"Johnson, Jones and Figueroa",us-central
DR-246535,Andrew Green,Greene and Sons,us-central
DR-324745,Dawn Garcia,Martin-Flynn,us-west
DR-417854,Robert Boyd,Burke-Ramirez,us-central
DR-245058,Andrew Hernandez,Fisher Inc,us-central
DR-457450,Julie Griffith,Lewis and Sons,us-west
DR-799573,Jason Delgado,Sandoval-Mendoza,us-west
DR-103645,Luis Kelley,Wang-Mills,us-west
DR-492832,Loretta Rowe,Smith-Pittman,us-west
DR-298124,Kimberly Massey,"Garrett, Jackson and Walsh",us-central
DR-287603,Maxwell Davis,Williams Group,us-west
DR-158188,Dillon Olson,Martin PLC,us-central
DR-323587,Sara Alexander,"Lyons, Cannon and Copeland",us-west
DR-453783,Lisa Bryant,"Gutierrez, Thompson and Bright",us-central
DR-278356,Thomas Ballard,"Cruz, Phillips and Clark",us-west
DR-702848,Tracy Callahan,White-Graham,us-west
DR-311857,William Soto,"Payne, Davis and Butler",us-west
DR-121594,Patricia Williams,Brown Inc,us-central
DR-958730,Rebecca Farrell,"Luna, Nunez and Nelson",us-west
DR-310549,Geoffrey Lynch,"Rodriguez, Williams and Maxwell",us-west
DR-933843,Beth Carter,Brown and Sons,us-west
DR-262516,Sara Anderson,"Fisher, Schneider and Williams",us-central
DR-336260,Charles Ramirez,"Gibbs, Reed and Gonzalez",us-west
DR-824384,Stephen Hodge,Scott-James,us-west
DR-652809,Anita Johnson,Gray Inc,us-central
DR-846372,Kristina Robertson,Nolan-Weaver,us-west
DR-849578,Charles Williams,"Jones, Melton and Kirk",us-west
DR-525822,Jamie Snyder,Torres PLC,us-west
DR-173295,Terri Barrett,"Hodge, Savage and Patton",us-central
DR-735157,Mark Price,Peterson LLC,us-west
DR-129909,Edwin Russell,"Lee, Jordan and Andrews",us-west
DR-170188,David Sanchez,Mckinney-Taylor,us-west
DR-908601,Mrs. Sabrina Blair DVM,"Farley, Spencer and Nguyen",us-central
DR-845482,Stephen Miles,Christensen LLC,us-west
DR-996897,Matthew Stevenson,Padilla-Doyle,us-west
DR-388613,Joseph Brewer,Nunez Inc,us-central
DR-476390,Danielle Hall,Hernandez Ltd,us-west
DR-887441,Laura Rivera,Reyes Group,us-west
DR-942295,Amber Ward,Hunt-Walker,us-central
DR-609340,Tonya Townsend,"Walker, Simon and Hill",us-central
DR-328684,Diane Moses,"Combs, Klein and Meyer",us-west
DR-398808,Natasha Nguyen,Grant-Casey,us-west
DR-382076,Aaron Allison,Durham LLC,us-central
DR-864394,Crystal Gray,"Rios, Kent and Brooks",us-central
DR-136750,Christopher Dodson,Castillo-Goodman,us-central
DR-686993,Nina Matthews,"Sanders, Valdez and Hines",us-west
DR-181238,Brett Morales,Leonard-Taylor,us-west
DR-320972,Sarah Williams,"Singh, Gonzalez and Jones",us-central
DR-135596,Guy Palmer,"Daniels, Mendoza and Crawford",us-west
DR-422244,Mrs. Megan Pham MD,Walters PLC,us-central
DR-578133,John Krueger,"Martinez, Gomez and Castro",us-central
DR-239938,Jessica Ramirez,"Smith, Gonzalez and Arias",us-west
DR-254669,Latasha Stout,"Summers, Ross and Sandoval",us-west
DR-866566,Ronald Smith,"Wilson, Smith and Wilson",us-west
DR-892705,Willie Jordan,Carr-Casey,us-central
DR-494863,Jerry Gardner,Mcdonald LLC,us-west
DR-660051,Timothy Bailey,"Mckee, Wright and Williams",us-central
DR-402351,Donna Stevens,Stewart-Frank,us-central
DR-137466,Ashley Duncan,Shaw-Rodriguez,us-west
DR-953394,Kimberly Mcgee,"Gonzalez, Ramirez and Thomas",us-central
DR-782203,Steven Suarez,Smith Ltd,us-central
DR-346482,Juan Klein,"Jones, Martinez and Eaton",us-west
DR-332217,Danielle Fletcher,Bowman-Ward,us-central
DR-533575,Jo Oneal,Stein Group,us-central
DR-914339,Molly Jones,Ross-Fitzpatrick,us-central
DR-225786,James Galloway,Rodriguez and Sons,us-central
DR-355043,Katelyn Hall,"Soto, Floyd and Reynolds",us-west
DR-835193,Lisa Michael,"Garrett, Poole and Parks",us-west
DR-883390,Mary Ryan,Davis LLC,us-west
DR-306688,Eric Hart,"Scott, Parks and Long",us-west
DR-572164,Cristina Benjamin,Brennan Inc,us-central
DR-168777,Cassidy Morris,Boyle-Ross,us-central
DR-627378,Jonathan Jackson,Taylor-Vega,us-central
DR-791477,Cathy Smith,Torres LLC,us-central
DR-228988,Michael Henry,Finley Inc,us-central
DR-904057,Jill Daniels,"Johnson, Tucker and Lee",us-central
DR-714090,Tiffany Giles,"Dawson, Wiggins and Cisneros",us-central
DR-522891,Erika Mccann,"Perez, Robinson and Cole",us-central
DR-597336,Alicia Rowland,Herring-Anderson,us-central
DR-247437,Gabriela Ochoa,"Miller, Henderson and Vang",us-central
DR-465838,Leon Russo,Rodriguez LLC,us-central
DR-953574,Laura Vaughn,Adams-Smith,us-central
DR-520099,Amy Ross,Raymond-Graham,us-west
DR-156748,Susan Dunn,Brown-Weber,us-central
DR-292087,Elizabeth Elliott,"Woods, Hickman and Wilson",us-west
DR-335730,Mrs. Frances Thompson,Davis-Mckee,us-west
DR-853450,Roger Bray,Foster-Hensley,us-central
DR-744093,Dennis Hancock,Spencer PLC,us-west
DR-652202,Mary Perry,Goodman-Bean,us-west
DR-905696,Ashley Sexton,Nelson-Jenkins,us-central
DR-334072,Matthew Gregory,"Burgess, Phillips and Davis",us-central
DR-313498,Heather Brady,Gonzalez Inc,us-central
DR-674833,Destiny Stephenson,Decker PLC,us-central
DR-553809,Elizabeth Tanner,"Lindsey, Zimmerman and Trujillo",us-central
DR-541955,Michael Silva,Beasley-Trujillo,us-west
DR-338874,Michelle Martinez,Black-Wang,us-west
DR-977790,Stephanie Kidd,"Aguilar, Murray and Wilson",us-central
DR-762691,Danielle Carson,Wilson Group,us-west
DR-515629,Jermaine Thomas,Abbott-Bell,us-central
DR-163728,Craig Ramirez,Jacobs Ltd,us-west
DR-775620,Donald Brown,Miller LLC,us-west
DR-981332,Larry Parker MD,"Gomez, Lewis and Barrett",us-central
DR-388908,Alexis Melton,"Diaz, Brown and Pearson",us-west
DR-619560,Juan Martinez,"Stewart, Larson and Gutierrez",us-west
DR-489676,Susan Hoffman,Sanford PLC,us-west
DR-822755,Andrea Carroll,Calderon-Cabrera,us-west
DR-996571,Amanda Johnson,Johnson LLC,us-central
DR-620161,Ashley Shepherd,"Smith, Phillips and Sullivan",us-west
DR-398851,Jennifer Freeman,Casey Ltd,us-central
DR-116629,Patrick Elliott,Smith and Sons,us-west
DR-558108,Daniel Gray,Gallagher-Odom,us-west
DR-170098,Shawn Richardson,Stone-Mcbride,us-west
DR-728687,Richard Sanchez,"Miller, Perez and Cunningham",us-west
DR-411596,William Stone,"Allen, Washington and Andrews",us-west
DR-871314,Laura Booker,"Lambert, Lang and Jackson",us-central
DR-752246,Ryan Diaz,"Adams, Wagner and Dunlap",us-west
DR-144195,Sheila Hart,Clements-Howard,us-west
DR-823419,Shannon Aguilar,"Brown, Garcia and Bennett",us-central
DR-637274,Mr. Robert Fry,Cook-Melendez,us-west
DR-744338,Paul Lee,Hernandez Ltd,us-central
DR-519275,Jennifer Ford,Brown Group,us-west
DR-635197,Andrew Harper,Clark-Goodman,us-west
DR-572234,Julie Roberts,Mullen Group,us-central
DR-137824,Jimmy Warner,Mejia LLC,us-west
DR-556809,Emily Berry,"Stone, Dunn and Montes",us-west
DR-827991,Jeanette Curry,Valencia-Kane,us-central
DR-460459,George Bailey,Gonzalez Group,us-west
DR-406949,Mrs. Alyssa Armstrong,Sanchez PLC,us-west
DR-110473,Renee Conway,Campbell-Waller,us-central
DR-257695,Anna Holt,"Werner, Shaw and Mason",us-central
DR-967227,Walter Franklin,"Parks, Rogers and Brown",us-west
DR-265581,David Daniels,Wood Ltd,us-west
DR-972255,Tiffany Franklin,Carter-Hardin,us-west
DR-253617,Chelsea Campbell,"Ortiz, Lewis and Sherman",us-central
DR-793373,Ashley Wood,"Moreno, Hendricks and Odonnell",us-central
DR-695686,Samantha Macdonald,"Hicks, Horn and Terry",us-west
DR-851832,Jasmine Carter,Pierce-Spears,us-west
DR-965918,Cory Wagner,Barry LLC,us-west
DR-753059,Karen Smith,Leblanc-Baxter,us-west
DR-905604,Caleb Stanton,Evans PLC,us-west
DR-161165,Joseph Watson,Lamb-Pugh,us-central
DR-500406,Peggy Meza MD,Nash-Clay,us-west
DR-675578,Ethan Schultz,Conley Group,us-west
DR-460079,Alfred Neal,Morrison-Reid,us-central
DR-707269,Angela Mitchell,Mays-Terrell,us-west
DR-172886,Kristen Smith,"Gutierrez, Hines and Fitzgerald",us-central
DR-575707,Rita Hudson,Lozano Ltd,us-west
DR-834548,Katie Pierce DDS,Salinas-Livingston,us-west
DR-966529,Thomas Wilson,Sherman-Kelley,us-central
DR-246161,Michael Lyons,"Wallace, Scott and Green",us-west
DR-256807,Brian Craig,Lee Ltd,us-west
DR-964688,Kenneth Smith,"Mooney, Wilson and Gonzalez",us-central
DR-592684,Gabriel Mendoza,"Horn, Chen and Singh",us-west
DR-525387,Leonard Gonzalez,Hickman Ltd,us-central
DR-239657,Ashley Vazquez,"Ellis, Farmer and Blackburn",us-central
DR-311634,Virginia Mcdonald,Medina and Sons,us-central
DR-730587,Cindy Bell,Rodriguez-Boyer,us-west
DR-392246,Eric Watkins,Tran-Ingram,us-central
DR-132615,Geoffrey Anderson,Dominguez and Sons,us-central
DR-854113,Marcus Richardson,"Webster, Richmond and Reed",us-west
DR-841888,Benjamin Terry,Mccall Inc,us-west
DR-882697,Steve Ponce,Olsen Ltd,us-west
DR-885060,Robert Roach,Martin LLC,us-west
DR-430140,Sean Hoover,Johnson-Hale,us-central
DR-158798,Christina Cameron,"Young, Gonzalez and Brown",us-central
DR-205784,Mrs. Angela Lewis,Potter PLC,us-west
DR-159120,Douglas Carlson,Pierce LLC,us-west
DR-811195,Joshua Green,Tucker PLC,us-west
DR-858163,Tracy Sanchez,Mack-Velasquez,us-central
DR-291775,Aaron Moore,"Evans, Graves and Hernandez",us-central
DR-811199,Joshua Wade,"Horton, Moore and Willis",us-west
DR-209545,William Hunt,Robinson Ltd,us-west
DR-450954,Rhonda Cunningham,Thomas and Sons,us-central
DR-268882,Karen Ryan,Rogers-Mann,us-central
DR-697809,Megan Holden,"Reyes, Smith and Banks",us-central
DR-636217,Tyler Barnett,Ray-Huynh,us-west
DR-100913,Brian Gonzalez,Mason Group,us-west
DR-517790,Angela Keller,Perez-Allen,us-west
DR-508954,Jennifer James,"Martin, Morrow and Thompson",us-central
DR-633948,Jonathon Patel,Guerra and Sons,us-central
DR-351730,Connie Foster,Wheeler-Murray,us-west
DR-407580,Bridget Fields,Frost LLC,us-central
DR-389065,Alan Walker,"Peters, Michael and Merritt",us-west
DR-594722,Amanda Taylor,Jones and Sons,us-west
DR-473559,Amanda Rivera,Smith Ltd,us-west
DR-506411,Allison Gutierrez,"Romero, Sanders and Mendez",us-central
DR-892800,Thomas Adams,Rosales-Davis,us-central
DR-136382,Jeremy Fuller,George-Yates,us-west
DR-367580,Jacob Peters,"Shea, Coleman and Maxwell",us-central
DR-726466,Michelle Galloway,"Lane, Rice and Mendoza",us-central
DR-604978,Michael Mendez,Ray Inc,us-west
DR-696039,Ashley Miranda,Mitchell-Baxter,us-central
DR-362807,Ryan Davis,"Romero, Nunez and Gregory",us-west
DR-332927,Courtney Ramirez,"White, Choi and Adams",us-west
DR-185202,Jamie Davis,Lawrence Group,us-central
DR-201715,Kimberly Harmon,Reynolds Inc,us-central
DR-287389,Cindy Walsh,Barnett and Sons,us-west
DR-503915,Jamie Wheeler,Johnson Group,us-west
DR-629543,Brian Esparza,"Mahoney, Cherry and Brennan",us-west
DR-148627,Rebecca Smith,Sims-Turner,us-west
DR-221414,Yolanda Lucas,Camacho-Stewart,us-central
DR-191786,Kristin Stark,Dickerson-Sanchez,us-west
DR-227905,Deborah Johnson,"Johnson, Brady and Bowers",us-west
DR-738134,Daniel Jackson,Marshall PLC,us-central
DR-450290,Philip Cannon,Harris-Durham,us-west
DR-962753,Jonathan Taylor,Powell-Smith,us-west
DR-142070,Bryan Hall,Malone-Russell,us-central
DR-300572,Trevor Howard,Jones-Ibarra,us-central
DR-762358,John Tanner,Drake Inc,us-central
DR-306165,Mark Clark,Hester-Rodriguez,us-west
DR-245905,Mrs. Rachel Moreno,Lambert-Nguyen,us-west
DR-968995,Lisa Rodriguez,Gordon PLC,us-central
DR-482959,Rachael Duncan,Mendoza-Blanchard,us-central
DR-969830,Mr. James Vang MD,Stephens-Thompson,us-central
DR-712446,Jerome Jones,"Wood, Elliott and Molina",us-central
DR-463989,Kenneth Mendez,Aguilar PLC,us-west
DR-844968,Allen Schultz,Montgomery LLC,us-central
DR-253326,Sarah King,"Gonzales, Sutton and Martin",us-central
DR-233879,George Orozco,"Gonzalez, Stevenson and Jensen",us-west
DR-852235,Olivia Black,"Mendoza, Green and Richards",us-central
DR-502484,Melissa Harding,Bailey-Jones,us-west
DR-721737,Joshua Pratt,Anderson PLC,us-central
DR-479358,Melissa Swanson,Mayer-Martin,us-central
DR-612453,Patrick Olsen,Mosley-Rodriguez,us-west
DR-172969,Joshua Brooks,Simmons Inc,us-west
DR-692798,John Davies,"Ward, Cole and Espinoza",us-west
DR-756822,Natalie Jones,Miller-Kelly,us-west
DR-146396,Kristen Wood DVM,Jones Inc,us-central
DR-601688,Michael Avery,"Holland, Collier and Keller",us-central
DR-631597,Ryan Cabrera,Burch Ltd,us-central
DR-995924,Eric Doyle,Garcia-Carter,us-west
DR-102595,Matthew Robinson,Davis Group,us-west
DR-163875,Kristin Hall,"Moss, James and Donovan",us-central
DR-859335,Rachel Vega,"Perkins, Wagner and Thomas",us-west
DR-681450,Jennifer Mendoza,Howard and Sons,us-west
DR-216495,Ashley Jackson,Monroe and Sons,us-central
DR-205141,Joann Willis,Jackson-Williams,us-west
DR-533660,Andrew White,Barnes and Sons,us-central
DR-264101,Carol Lopez,Young-Thomas,us-central
DR-628501,James Garza DDS,Henry-Perez,us-central
DR-398321,Melinda Nelson,Williams Group,us-central
DR-363631,Danielle Gates,"Sandoval, Mckenzie and Lang",us-west
DR-819344,Fred Moore,Cruz Ltd,us-west
DR-722680,Frederick Lawson,"Miller, Wheeler and Ortiz",us-central
DR-951859,Brad Dawson,Brown-Kidd,us-central
DR-544877,Kaitlyn Carter,"Le, Parks and Young",us-central
DR-953943,Sarah Bowen,"Wilson, West and Fischer",us-west
DR-126044,Anthony Jones,Young LLC,us-central
DR-451855,Regina Mcmillan,Washington-Hinton,us-central
DR-497284,Tony Pace,"Rubio, Hill and Obrien",us-west
DR-576996,Lisa Miller,"Burke, Sandoval and Jackson",us-central
DR-296601,Stephen Gomez,"Woods, Miller and Marshall",us-west
DR-132123,Thomas Vaughn,Moreno-Henderson,us-central
DR-783676,Alfred Martin,Thomas-Smith,us-central
DR-927044,Lisa Johnston,Hernandez Inc,us-central
DR-446284,Vincent Jackson,"Knight, Tucker and Hernandez",us-west
DR-749595,Stacy Mitchell,Howard Inc,us-central
DR-318382,David Stephens,Hunter PLC,us-central
DR-644103,Ricky Rasmussen,Hart-Butler,us-west
DR-486601,Beverly Vance,"Wright, Francis and Mills",us-central
DR-941550,Hector Williams,Brown PLC,us-central
DR-335573,Molly Harrell,Nguyen-Ramirez,us-central
DR-913907,Kimberly Lopez,Hart-Yoder,us-central
DR-719476,Susan Baker,Bridges-Baker,us-west
DR-939025,Bradley Acosta,Williams-Alvarado,us-central
DR-293929,Holly Jennings,Patterson and Sons,us-central
DR-700014,Jason Sosa,Blair-Turner,us-west
DR-637207,Jeffrey Henderson,"Price, Thompson and Fuller",us-central
DR-402250,William Vega,Morales-Flowers,us-west
DR-275092,Denise Collins,Thomas Group,us-central
DR-560126,Chris Mckee,"Cisneros, Price and Miles",us-central
DR-201358,William Burgess,"Williamson, Warren and Barnes",us-central
DR-436938,Connie Mosley,"Nichols, James and Willis",us-west
DR-751463,John Watkins Jr.,"Kelly, Flores and Stewart",us-west
DR-184135,Melissa Vargas,"Gordon, Wise and Evans",us-central
DR-328298,John Vega,"Keith, Guerrero and Johnston",us-central
DR-172995,Debra Mann,Montoya Inc,us-central
DR-140229,Kevin Johnson,Tran LLC,us-central
DR-980045,Monica Park,Lee-Finley,us-central
DR-391049,Donna May,"Carey, Smith and Hubbard",us-central
DR-657807,April Stafford,"Williams, Payne and Guerra",us-central
DR-332582,Nathan Peters,Norton-Harrison,us-central
DR-820635,Michelle Harris,Lee-Dillon,us-central
DR-332370,Kimberly Hays,Ballard LLC,us-west
DR-721769,Brenda Rogers,"Schroeder, Oneill and Mann",us-west
DR-385127,Melissa Mckinney,"Young, Weaver and Gonzalez",us-central
DR-801763,Joel Maxwell,Freeman-English,us-west
DR-466336,Gary Bond,Brown-Park,us-west
DR-549571,Thomas Baker,Riley-Allen,us-west
DR-583183,Jeffrey Pham,Brown PLC,us-west
DR-828572,Willie Ferguson,"Garcia, Steele and Harrington",us-west
DR-842955,Stacey Ramos,Shaw Group,us-west
DR-143868,Lori Stanley,Powell-Mcbride,us-central
DR-763888,Wesley Harris,"Barnes, Flores and Cruz",us-central
DR-415766,Mark Jenkins,"Serrano, Roberts and Roberts",us-central
DR-817151,Brenda Baker,Jones-Brown,us-west
DR-638573,Elizabeth Wilson,Foster-Welch,us-west
DR-704366,Paul Wallace,Banks-Beltran,us-west
DR-704616,Miss Patricia Mayo MD,Garza and Sons,us-central
DR-483408,Jessica Obrien,"Gomez, Wolf and Johnson",us-west
DR-406891,Samantha Flores,Vaughan-Austin,us-west
DR-684359,Brendan Cruz,Simpson-Fitzpatrick,us-central
DR-624405,Amanda Flowers,"Hahn, Mendez and Webb",us-west
DR-276541,Douglas Zhang,"Thompson, Nolan and Smith",us-west
DR-967846,Lorraine Rowland,King PLC,us-west
DR-604508,Christina Sanchez,Johnson-Perkins,us-central
DR-122922,Melanie Woods,Kennedy-Vaughan,us-west
DR-963871,Sarah Abbott,"Turner, Reed and Myers",us-west
DR-733287,Jonathan Butler,"Gonzalez, Bradley and Francis",us-central
DR-923185,Robin Henson,"Ramos, Lee and Davis",us-central
DR-398257,Ernest Silva,Brown Inc,us-central
DR-928120,Angela Kennedy,Maldonado and Sons,us-central
DR-890615,Sheri Orozco MD,Gibson-Porter,us-central
DR-761517,Alexis Huynh,"Wilkins, Simon and Carson",us-west
DR-600524,Jessica Carpenter,Evans and Sons,us-west
DR-655567,Brenda Villarreal,Barber Ltd,us-west
DR-167842,Terry Blair,Jimenez-White,us-central
DR-194917,Steven Flowers,Marshall Group,us-west
DR-186987,Paula Crawford,Crawford Ltd,us-central
DR-570956,Bonnie Hernandez,Terry-Clark,us-west
DR-867457,Timothy Martin,Osborne-Burgess,us-west
DR-527011,Kimberly Kaufman,"Neal, Doyle and Forbes",us-west
DR-731714,Jacob Torres,Hughes and Sons,us-central
DR-571792,Michael Cooley,Williams PLC,us-west
DR-165653,Tina Beard,Mcmahon-Anderson,us-west
DR-466359,Alexander Maldonado,Gonzales LLC,us-central
DR-877214,Alex Davis,Miller-Edwards,us-west
DR-258885,Sarah White,Barton and Sons,us-west
DR-199045,Sergio Mckinney,Carter PLC,us-central
DR-908778,Larry Hernandez,Stokes and Sons,us-west
DR-106541,Christopher Young,"Navarro, Rhodes and Beck",us-central
DR-486134,Jeremy Meyer,"Zimmerman, Young and Rivera",us-west
DR-180992,Alexis Day,Haynes-Mueller,us-central
DR-898337,Stephanie Hayden,Cooper-Ross,us-west
DR-233644,Jeremy Dixon,Walker-Davis,us-central
DR-123785,Julie Vargas,"Castillo, Hernandez and Vega",us-central
DR-975592,Steven Smith,Adams-Riley,us-west
DR-939022,Chris Prince,Smith-Taylor,us-west
DR-649647,Brett Padilla,Ho LLC,us-central
DR-781467,Angela Prince,"Barnett, Ramos and Miller",us-west
DR-244610,Melissa Green,Mason-Black,us-central
DR-702454,Alexander Green,"Campbell, Hunter and Nelson",us-central
DR-728152,Tiffany Terry,Gates Ltd,us-central
DR-657875,Thomas Smith,"Jones, Robinson and Salazar",us-west
DR-689246,Alyssa Garcia,"Phillips, Ford and Schneider",us-central
DR-652302,Rachel Parker,"Bradley, Rose and Miller",us-west
DR-369266,Rhonda Harvey,"Bishop, Odonnell and Wilson",us-west
DR-280277,Jacqueline Erickson,"Tapia, Davis and Marks",us-west
DR-317419,Amy Ruiz,"Hatfield, Escobar and Gonzales",us-central
DR-669808,Michael Spencer,Marquez-Shaw,us-central
DR-489996,Charles Powers,Thompson PLC,us-central
DR-193498,Benjamin Sampson,Peterson-Kline,us-central
DR-861741,Robert Harris,"Ward, Wade and Rodriguez",us-central
DR-699421,Linda Kennedy,Walker and Sons,us-central
DR-980640,Johnny Haley,Garcia-Jones,us-central
DR-461565,Peter Norris,Cherry and Sons,us-west
DR-209513,Kenneth Cole,Mcgee-Wilson,us-west
DR-266754,Diana Kelly,Byrd PLC,us-west
DR-332616,Karen Perry,"Fitzgerald, Hart and Hammond",us-central
DR-857494,Anthony Charles,Kemp-Keller,us-central
DR-703132,Melissa Castro,White-Arias,us-central
DR-367885,Jesse Holmes,"Williams, Davidson and Pierce",us-central
DR-546590,Eugene Gomez,Davis and Sons,us-central
DR-469690,James Day MD,Walters-Morales,us-central
DR-125445,Jacob Joseph,Ramirez LLC,us-central
DR-171264,Tracy Hall,"James, Torres and Mckenzie",us-central
DR-363309,Jack Villarreal,Thomas-Stevens,us-west
DR-522855,Crystal Powell,Thomas Ltd,us-central
DR-521778,Renee Morales,Herrera LLC,us-central
DR-851117,Johnny Miller,"Coleman, Roberts and Munoz",us-central
DR-672196,Tammy Gomez,Castillo-Woods,us-west
DR-571563,Jenna Whitney,"Brown, King and Singleton",us-central
DR-799643,Connie Mendoza,"Marshall, Green and Campbell",us-west
DR-876325,Kimberly Robinson,"Cruz, Martinez and Davis",us-west
DR-488264,Nicole Tate,Olson-Chen,us-west
DR-532875,Michael Stevens,"Blevins, Cooper and Gordon",us-central
DR-165050,Rebecca Smith,Love Group,us-central
DR-586105,Zachary Powell,"Jenkins, Young and Rivera",us-central
DR-550614,Kelsey Williams,Villa-Hamilton,us-central
DR-254350,Jodi Nguyen,Herrera-Shah,us-central
DR-782526,John Mills,"Hayes, Krause and Carter",us-central
DR-485696,Ann Shepard,Hansen-Graves,us-central
DR-551623,Martin Phillips,Osborn-Esparza,us-central
DR-486609,Brian Walker,"Sosa, Smith and Ortiz",us-west
DR-878884,Samuel Sanchez,Alvarado-Black,us-west
DR-125182,Thomas Barr,Ramirez Ltd,us-west
DR-972374,Robin Graham,Smith Group,us-west
DR-254418,Jeanette Erickson,"Leblanc, Reed and Burns",us-central
DR-162373,Gregory Johnson,Moore-Green,us-central
DR-244263,Emily Martin,Bridges and Sons,us-central
DR-596430,Jasmine Castaneda,Higgins LLC,us-central
DR-231967,Crystal King,Shields and Sons,us-central
DR-677191,Megan Garcia,Young-Nelson,us-central
DR-777105,Tina Solis,Obrien-Russell,us-central
DR-376823,Eric Santos,"Tucker, Wiley and Brown",us-central
DR-201619,Miguel Wilcox,Carter LLC,us-west
DR-681060,Kimberly Smith,Cobb and Sons,us-west
DR-144622,Jordan Mcclure,Espinoza and Sons,us-central
DR-788130,Larry Kennedy,Wilcox PLC,us-central
DR-218722,Ronald Simmons,Casey-Sherman,us-west
DR-470413,Michael Lee,Lopez LLC,us-west
DR-167768,Derek Harvey,Butler-Perez,us-central
DR-194549,Benjamin Zuniga,Fischer-Garcia,us-central
DR-247400,Amy Long,Black-Mason,us-west
DR-924981,Katie Thompson,Bailey Group,us-west
DR-345538,Lauren Kramer,"Martinez, Roach and Waller",us-west
DR-353511,Mary Barnett,Molina-Williams,us-west
DR-838633,Olivia Wilson,Thomas-Baker,us-west
DR-308576,Richard Mcclure,"Freeman, Martin and Faulkner",us-central
DR-208477,Wayne Johnson,Moore-Arnold,us-west
DR-210005,Ashley Morgan,Cherry-Mcintyre,us-central
DR-270902,Matthew Townsend,Boyd-Travis,us-central
DR-515492,Natasha Lewis,Lucas-Richardson,us-central
DR-446388,Colin Hill,"Woods, Sharp and Miller",us-central
DR-134441,Robert Moreno,Graham Inc,us-central
DR-584960,William Obrien,"Boyer, Mccarthy and Foster",us-west
DR-690677,Timothy Bauer,"Gaines, Perez and Holmes",us-west
DR-155160,Cassandra Patel,"Russell, White and Donovan",us-central
DR-476825,Christopher Gonzalez,"Spears, Roberts and Ortega",us-central
DR-700234,David Wiley,Davies and Sons,us-west
DR-737555,Brandon Burke,Spence-Fields,us-west
DR-121710,Scott Bell,Henry-Ross,us-west
DR-252293,Kevin Oliver,Valdez-Maldonado,us-west
DR-723162,Emily Sanchez,Mendoza-Richard,us-west
DR-321765,Juan Sanders,Hammond-Martinez,us-west
DR-307047,Ricky Johnson,Oliver-Delgado,us-central
DR-859625,Melanie Anthony,Graham-Bryant,us-west
DR-282829,John Smith,"Robbins, Thompson and Roberson",us-west
DR-777538,Tyler Jordan,Fleming and Sons,us-west
DR-247764,Beth Buchanan,"Morris, Ward and Elliott",us-central
DR-690840,Bradley Hendrix,Frost-Johnson,us-central
DR-564567,Tina Stone,Green PLC,us-west
DR-146143,Vanessa Ho,"Wilson, Gray and Scott",us-central
DR-164938,Timothy Franco,Lewis PLC,us-central
DR-855056,Ricardo Mcpherson,"Lewis, Austin and Lopez",us-west
DR-202233,Yvonne Johnson,Hicks-Evans,us-central
DR-632322,Thomas Knox,Jones-Smith,us-central
DR-922428,William Snyder,Quinn-Smith,us-west
DR-875488,Jessica Young,Tyler Inc,us-central
DR-472303,Linda Townsend,"White, Mills and Mcfarland",us-west
DR-664725,Kari Mccormick,Sutton Group,us-west
DR-974816,Daniel Green,Smith-Foster,us-central
DR-211672,Pamela Payne,"Roberts, Garcia and Young",us-west
DR-470256,Jordan Sanders,Herrera-Allen,us-west
DR-730107,Ryan Tran,Schwartz and Sons,us-central
DR-453179,Brian Meyer,"Wolfe, Weber and Velez",us-central
DR-227851,Timothy Hatfield,"Phillips, Carrillo and Craig",us-west
DR-940634,Casey Valencia,Martinez and Sons,us-west
DR-869442,Sonya Gonzales,"Smith, Hutchinson and Johnson",us-west
DR-249106,Heather Stone,"Foster, Zuniga and Nichols",us-west
DR-787209,Jamie Dalton,"Watkins, Hernandez and Drake",us-west
DR-408981,Mary Dixon,"Johnson, Smith and Friedman",us-central
DR-630884,Jeremy Williams,"Alexander, Ford and Griffin",us-central
DR-306799,Edward Myers,Reyes-Miranda,us-west
DR-819628,Brooke Anderson,Thornton PLC,us-central
DR-910381,Lindsey Fisher,Gonzales-Nash,us-west
DR-394513,Barbara Johnson,Herrera Ltd,us-central
DR-323870,John Tyler,Sloan-Floyd,us-central
DR-751763,Kyle Chapman,Black Group,us-central
DR-723064,Ronald Contreras,Francis Inc,us-central
DR-410380,Daniel Brandt,Ryan-Andrews,us-central
DR-127140,Kelly Valenzuela,"Baird, Jones and Reid",us-central
DR-620474,Chad Duncan,Taylor Ltd,us-west
DR-280780,Courtney Gonzalez,"Mitchell, Jackson and Smith",us-west
DR-527779,Thomas Walton,"Davis, Brown and Ramos",us-west
DR-631341,Patricia Long,Gray-Schwartz,us-central
DR-262147,Mrs. Lori Lynch,Marquez-Buckley,us-west
DR-806326,Jeffery Werner,Nguyen-French,us-central
DR-441284,Dr. Joseph Woods,Mccann Inc,us-central
DR-498347,Timothy Armstrong,Rowe and Sons,us-west
DR-548053,Casey Perkins,Pugh and Sons,us-central
DR-417380,Lawrence Moore,Long LLC,us-west
DR-358552,Cindy Baker,"Wells, White and Day",us-central
DR-779050,Cynthia Morris,Davis-Mullen,us-west
DR-255822,Taylor Wilson,Jensen Group,us-central
DR-518414,Timothy Miller,Greene LLC,us-central
DR-380584,Nina Turner,Bates-Pope,us-west
DR-991381,Susan Hill,Crane LLC,us-west
DR-589393,Samantha Roberts DVM,Frazier-Fisher,us-west
DR-760076,Patricia Bell,Brooks-Acosta,us-central
DR-488011,Lynn Leach,Steele and Sons,us-west
DR-685758,Todd Hill,"Owens, Ramirez and Stone",us-central
DR-506403,Kenneth Anderson,House-Cooper,us-west
DR-145220,Michael Steele,"Meyer, Harris and Perry",us-west
DR-263783,Michael Sanders,Pollard-Shaffer,us-west
DR-365049,Dr. Kevin Reeves Jr.,Johnson-Fleming,us-west
DR-943699,Angela Valdez,"Moreno, Hernandez and Wiggins",us-west
DR-100522,Aaron Hammond,"Wilson, Haney and Lopez",us-west
DR-641316,Michelle Mccarthy,Burns-Chavez,us-west
DR-488390,Julie Gallagher,Williams-Garza,us-west
DR-499378,Laura Mcmahon,Gonzalez-Alvarez,us-west
DR-323227,Bailey Lee,"Payne, Garza and Robinson",us-central
DR-916966,Lauren Clements,"Black, Cochran and Owens",us-central
DR-753134,Sherri Lucas,Young-Dillon,us-central
DR-719663,Brendan Henry,"Mitchell, Moore and Glover",us-west
DR-839503,Stacey Tyler,Martin-Durham,us-west
DR-428198,Jason Simpson,Green Ltd,us-west
DR-877244,Phillip Patel III,White-Young,us-central
DR-159057,Peter Pruitt,Robinson-Patrick,us-west
DR-134178,Shawn Johnson,Lozano-Miller,us-central
DR-587177,Cheryl Johnson,Ramos Ltd,us-central
DR-299363,Amy Miller,Lopez-Fisher,us-west
DR-713209,Kelly Harris,Mann PLC,us-west
DR-705562,Tina Mcknight,Powell and Sons,us-central
DR-211207,Shawn Austin,Cole and Sons,us-west
DR-646711,John Thomas,"Brown, Young and Jackson",us-west
DR-268812,John Owens,Peters-Sloan,us-central
DR-198893,Steven Thomas,"Meza, Smith and Jones",us-central
DR-950522,Miss Melissa Walters DVM,Ramirez LLC,us-west
DR-767945,Leslie Schmidt,"Armstrong, Daniels and Harvey",us-central
DR-292192,Morgan Hampton,"Blair, Hamilton and Gilbert",us-west
DR-411187,Brian Hodges,Wright-Swanson,us-central
DR-874894,Tanya Miller,"Butler, Johnson and Martin",us-central
DR-419754,Shane White,"Williams, Tapia and Herrera",us-central
DR-475096,Robert Parker,"Moore, Parks and Walker",us-west
DR-379257,Jodi Porter,Skinner Group,us-west
DR-442243,Patrick Freeman,Bender Ltd,us-west
DR-892738,Brian Lyons,Miller Ltd,us-west
DR-287839,Susan Smith,Taylor Group,us-central
DR-674547,Erik Barnes,Jones-Mendez,us-central
DR-200835,Teresa Moore,"Hartman, Marsh and Moody",us-west
DR-148683,Paul Hull,Kirby Group,us-central
DR-198884,Brenda Brooks,Lozano Ltd,us-west
DR-505916,Kara Allen,Donaldson Inc,us-central
DR-901339,Shelby Tran PhD,"Johnson, Graham and Patel",us-west
DR-167262,Jared Patel,"Kelly, White and Humphrey",us-west
DR-958986,Megan Robertson,Rubio-Rodgers,us-central
DR-467937,Jennifer Harrison,Allen Inc,us-central
DR-780677,Holly Anthony,"Sanford, Hudson and Moody",us-west
DR-949573,Travis Cooke,Barnes PLC,us-west
DR-383566,Brian Day,"Hess, Potts and Walker",us-central
DR-810203,Cindy Watkins,Martinez-Lang,us-central
DR-845984,Mackenzie Jordan,Flores-Miller,us-west
DR-182966,Jessica Herrera,"Smith, Munoz and Thompson",us-west
DR-251206,Lisa Lewis,Navarro-Woodard,us-west
DR-322523,Jill Barton,Holloway-Mathis,us-west
DR-638721,Shawn Davis,Berger-Williams,us-west
DR-576711,Edward Garrett,"Wilson, Gonzales and Ford",us-west
DR-456240,Gina Gray,Garcia-Logan,us-central
DR-314197,Scott Wagner,"Nguyen, Lindsey and Thomas",us-west
DR-737596,Christian Armstrong,Morgan-Mora,us-central
DR-530372,Gloria Cook,Hood-Johnson,us-west
DR-261862,Elizabeth Moore,"Wood, Fuentes and Brown",us-central
DR-518221,Justin Forbes,Young-Moon,us-west
DR-845163,Kim Ortiz,"Phillips, Rivera and Liu",us-west
DR-920563,Steven Torres,Fowler PLC,us-central
DR-886726,Ashley Wilcox,Lewis-Collins,us-central
DR-695832,Mrs. Diane Brown DVM,Vance PLC,us-west
DR-358120,Rebecca Davis,Martin-Contreras,us-central
DR-885803,Derek Fletcher,Simpson-Dodson,us-central
DR-568738,Rita Turner,Norman and Sons,us-central
DR-366654,William Owens,"Schmidt, Fuller and Moss",us-central
DR-872600,Linda Leon,Wright-Torres,us-central
DR-821311,Jessica Salazar,Moreno PLC,us-central
DR-240951,Monica Johnson,Moore Ltd,us-central
DR-581107,Paul Murray,Bowen Ltd,us-central
DR-263941,Joe Gonzalez,Benton Inc,us-central
DR-336555,Autumn Hester,Mullins and Sons,us-west
DR-126242,Joseph Marquez,"Flores, Thompson and Cox",us-central
DR-941373,Ryan Pruitt,"Bauer, Romero and Gallagher",us-central
DR-753218,Drew Watts,Bowen-Gomez,us-west
DR-792008,Mr. Patrick Graham,"May, Santiago and Brown",us-west
DR-647838,Kimberly Ward,Ortiz Group,us-west
DR-689738,Jessica Park,Jimenez Group,us-central
DR-236015,Luis Gregory,White-Rollins,us-central
DR-988767,Randall Martin,Richmond-Rodriguez,us-west
DR-639284,Tommy Delacruz,Stone-Cummings,us-west
DR-257000,Barbara Ritter,Price-Davis,us-central
DR-903624,Stephanie Mosley,"Ramos, Porter and Baird",us-central
DR-298437,Keith Clark,Roberts-Johnson,us-central
DR-919184,Andrea Mitchell,"Sanders, Green and Fuller",us-central
DR-938765,Judy Rogers,Hart Group,us-central
DR-450445,Jessica Hamilton,Boyd-Thompson,us-west
DR-416002,Barbara Jones,Schroeder-Holt,us-west
DR-731337,David Saunders,Hunter-Burke,us-central
DR-947063,Jasmine Miller,Davis PLC,us-central
DR-160875,Tina Davis,"Dyer, Farrell and Peck",us-central
DR-767295,Christopher Bryant,Cantu LLC,us-west
DR-696818,Erica Hines,Williams-Ryan,us-west
DR-466258,Peggy Olson,"Barnes, Martin and Graham",us-central
DR-578434,Anita Mclean,Mack PLC,us-west
DR-893582,Elizabeth Mayer,"Freeman, Wall and Schneider",us-central
DR-180989,Kristin Cooper,Cole-Howard,us-central
DR-130307,Jessica Callahan DDS,"Wheeler, Rogers and Green",us-west
DR-990087,Donald James,"Young, Williams and Jackson",us-west
DR-266256,Maria Paul,Phillips-Kramer,us-west
DR-158709,Mr. William Cline,Sanders Inc,us-central
DR-404401,Billy Brown,Buchanan Ltd,us-central
DR-598478,Sydney Webb,"Bradley, Cobb and Moran",us-central
DR-677267,Michelle Wise,"Cruz, Lopez and King",us-central
DR-759312,Jonathan Patterson,Munoz-Fowler,us-central
DR-566043,John Leblanc,Wilson Inc,us-west
DR-295603,Anthony Davis,Davis Inc,us-west
DR-854734,Luke Golden,Robinson Inc,us-central
DR-781950,Christopher Castillo,Fisher-Coffey,us-west
DR-923321,Kaitlyn Gregory,Curtis PLC,us-central
DR-174761,Samantha Johnson,"Jimenez, Miller and Cunningham",us-west
DR-784433,Melissa White,Rivera Ltd,us-west
DR-638210,Mr. Benjamin Huang,Johnson Group,us-central
DR-509673,Roger Lee,Vargas Ltd,us-central
DR-975295,Troy Rivera,Evans PLC,us-west
DR-880946,Sandra Mejia MD,Hodges-Fuller,us-central
DR-784713,Darryl Smith,Kirby Inc,us-west
DR-741099,Michael Alexander,"Ryan, Reeves and Hall",us-west
DR-203330,David Pennington,"Spears, Johnson and Gomez",us-central
DR-597362,Monica Anderson,Conley-Martinez,us-west
DR-594877,Rachel Lowery,Sosa Ltd,us-central
DR-694905,Nicholas Nielsen,Beard LLC,us-central
DR-289188,Kayla Barnes,Nelson Ltd,us-central
DR-625815,Tonya Giles,Salazar-Dawson,us-central
DR-813022,Thomas Moore,"Smith, Smith and Ramos",us-west
DR-280187,Wyatt Hooper,Johnson-Evans,us-west
DR-312522,Gary Francis,Young-Stone,us-west
DR-886028,Samantha Vang,"Nichols, Parks and Golden",us-west
DR-980563,Lisa Mendoza,"Thomas, Aguilar and Duran",us-central
DR-547518,Bobby Mata,"Mitchell, Ward and Herring",us-central
DR-285649,William Ho,Kaufman Group,us-west
DR-119305,Emily Stevens,Barnes-Smith,us-west
DR-516996,Mark Parsons,"Campos, Solis and Moore",us-central
DR-481351,Michael Daniels,"King, Rowe and Nelson",us-central
DR-603428,Robert Ward,Sanchez Ltd,us-west
DR-985809,Jennifer Ware,"Wiggins, Wells and Johnson",us-west
DR-608382,Michael Mckinney,"Byrd, Rose and Chen",us-west
DR-593649,Charles Good,Brady and Sons,us-west
DR-393530,Shane Gibson,Young LLC,us-central
DR-454454,Michelle Bryant,Vincent-Torres,us-west
DR-211328,Brian Riggs,Ramirez Inc,us-central
DR-275477,Benjamin Townsend,"Hoffman, Harris and Nguyen",us-west
DR-874122,Jamie Turner MD,Smith and Sons,us-central
DR-929309,Steven Gregory,"Washington, Leon and Neal",us-west
DR-539142,Doris Smith,Cain Ltd,us-central
DR-537704,Joe Kennedy,"Lee, Alvarado and Davis",us-west
DR-621198,Allen Ali,"Snyder, Taylor and Sims",us-central
DR-418396,Daniel Munoz,Fitzgerald Inc,us-west
DR-146476,Laura Fox,"Ballard, Jensen and Wood",us-west
DR-241995,Kenneth Alvarado,Anderson LLC,us-west
DR-351011,Michael Clay,Delgado-Ryan,us-central
DR-529642,Nicholas Weaver,Baker LLC,us-west
DR-342318,Craig Erickson,"Miller, Simpson and Smith",us-central
DR-179239,Emily Prince,Brown LLC,us-central
DR-717318,Amber Howell,Scott-Kelly,us-central
DR-953741,Casey Patterson,"Garcia, Jimenez and Perkins",us-west
DR-168062,Miranda Price,Hunt-Cook,us-central
DR-794918,Amanda Walsh,Brown LLC,us-west
DR-494652,Charles Garcia,Gray and Sons,us-west
DR-611109,Joseph Horton,James LLC,us-central
DR-444759,Stacey Adkins,Grant Inc,us-west
DR-666716,Patricia Downs,Johnson-Turner,us-central
DR-920153,Timothy Jones,"Rodriguez, Wilson and Kirk",us-central
DR-655663,Mark Houston,Vargas LLC,us-west
DR-482599,Kimberly Ross,Mitchell-Gill,us-west
DR-430674,Brian Sullivan,"White, Smith and Holmes",us-west
DR-856718,Alicia Hooper,"Jackson, Gray and Patterson",us-central
DR-739418,Jessica Barnes,Dunn Ltd,us-west
DR-960958,Jeffrey Simmons,Miller-Mayer,us-west
DR-730497,Patricia Klein,Burns Inc,us-west
DR-879093,Sheri Lee,Hale Inc,us-west
DR-430129,Sherri Christensen,Gould-Harrison,us-central
DR-557662,David Williamson,Robles PLC,us-west
DR-154143,Daniel Walker,Holt Group,us-west
DR-784667,Joseph House,"Wheeler, Pearson and Reynolds",us-central
DR-763523,Alexis Martinez,Johnson-Ball,us-west
DR-625803,Lisa Ortega,Mcdonald-Underwood,us-west
DR-449244,Charles Larson,"Combs, Johnson and Downs",us-west
DR-175743,Robert Garcia,"Wilson, Mccoy and Nelson",us-west
DR-627134,Nicholas Hancock,Williams PLC,us-west
DR-673744,John Lopez,"Garcia, Love and Harrison",us-central
DR-490688,Shelly Waller,"Mills, Lopez and Calhoun",us-west
DR-149648,Lindsay Clark,"Proctor, Williams and Howard",us-west
DR-202624,Ricardo Harrington,"Price, Williams and Perez",us-central
DR-246707,Michael Porter,Jordan and Sons,us-central
DR-376115,Susan Martin,Cole LLC,us-central
DR-331655,Christina Adams,Wilson-Hensley,us-west
DR-940375,Adam Gibson,Miller-Reed,us-west
DR-112505,Andrew Brooks,"Silva, Gonzalez and Smith",us-central
DR-569765,Tracy Lynch,Walls LLC,us-central
DR-688393,Jennifer Smith,Smith-Smith,us-central
DR-688528,Maria Wade,Murphy PLC,us-central
DR-878288,Dorothy Pittman,Adams-Elliott,us-west
DR-514332,Vanessa Watson,Copeland-Powell,us-central
DR-632074,April Valdez,"Green, Jones and Johnson",us-west
DR-701831,Oscar Taylor,Meadows-Williams,us-central
DR-832939,Kristen Reeves,Lopez-Odom,us-west
DR-545516,John Lynch,Franklin and Sons,us-central
DR-120981,Angela Sanchez,West and Sons,us-west
DR-432266,Nicole Atkins,"Aguilar, Christensen and Johnson",us-west
DR-121713,Stephen Roberts,"Clark, Bruce and Clark",us-west
DR-960192,Shannon Schultz,"Ballard, Carter and Fernandez",us-central
DR-452478,Deborah Sullivan,"Harrison, Santana and Schneider",us-west
DR-371456,Austin Rios,"Knight, Lucero and Sanchez",us-west
DR-193492,Ashley Sherman,"Cooper, Quinn and Harper",us-west
DR-166492,Joy Davis,"Chambers, Duke and Frazier",us-central
DR-635553,Travis Herrera,Richard Group,us-west
DR-482963,Laurie Garcia,Hall-Duran,us-west
DR-324758,Tony Stark,Jackson-Merritt,us-west
DR-237064,Courtney Perez,Noble-Reese,us-west
DR-504968,Katie Howell,Johnson-Rodriguez,us-west
DR-298217,Michael Kent,Hernandez-Gutierrez,us-central
DR-785695,Malik Kim,Thomas-Allen,us-west
DR-827182,Debbie Johnson,Preston-Cline,us-central
DR-949396,Mr. Robert Cook,"Mcmillan, Anderson and Myers",us-central
DR-392350,Cynthia Reyes,Cisneros Inc,us-central
DR-865976,Erin Rowe,"Moore, Farrell and Parker",us-west
DR-490233,Lisa Garcia,Taylor-Lewis,us-central
DR-611119,Becky Keller,Williams Group,us-central
DR-617496,Carla Cohen,Young-Moss,us-west
DR-898482,Adriana Hall,Mccoy-Cooper,us-central
DR-181077,Fernando Wilson,Martinez-Clark,us-west
DR-175627,Charles Williams,Maldonado Inc,us-west
DR-435577,Adam Perez,Graham PLC,us-central
DR-212891,Michael Bradshaw,"Reyes, Nielsen and Myers",us-west
DR-482304,Mario Lucas Jr.,Ferrell-Griffin,us-west
DR-781775,Jessica Cruz,Mosley-Hill,us-central
DR-126333,Brittney Harris,Thomas Ltd,us-west
DR-536106,Ryan Adams,"Russell, Harvey and Young",us-central
DR-236530,Brian Powell,Petty-Peters,us-central
DR-412111,Michelle Thomas,Wheeler Inc,us-west
DR-524580,Mary Brown,Kramer PLC,us-central
DR-832634,Jason Wagner,Johnson PLC,us-west
DR-789040,Patricia Chung,Randolph Group,us-central
DR-380439,David Foster,Ewing LLC,us-central
DR-926816,Steve Hays,Larson and Sons,us-central
DR-884934,Patricia Hernandez,Huff-Martinez,us-west
DR-687986,Lisa Moore,"Clark, Baker and Yu",us-west
DR-817382,Sara Koch,Dixon-Nicholson,us-west
DR-689496,Mario Hancock,Walker LLC,us-central
DR-238905,John Collins,"Johnson, Morris and Walsh",us-central
DR-111528,Shannon Kelly,Hanson PLC,us-central
DR-564796,Timothy Pruitt,Skinner Ltd,us-central
DR-652088,Alicia Dennis,"Johnson, Garrett and Woods",us-central
DR-829264,Kyle Mcdonald,Hart-Owen,us-west
DR-791536,Brian Gonzalez DVM,"Hensley, Gardner and Fisher",us-central
DR-956757,Lisa Schwartz,Mccann-White,us-west
DR-481090,Michael Luna,Carson-Hill,us-west
DR-876122,Brandon Hudson,Pitts Inc,us-central
DR-296846,Ashley Davis,"Winters, Maldonado and Mcgee",us-west
DR-191557,Matthew Cain,Rubio-Daugherty,us-central
DR-893845,Jessica Walker,Wallace-Pierce,us-central
DR-330485,Cory Alvarado,Pham Ltd,us-west
DR-107313,Rebecca Humphrey,Hoffman-Moreno,us-west
DR-954854,Bethany Novak,Mccullough Ltd,us-central
DR-214652,Beth Brown,Welch-Sims,us-west
DR-538291,Sheri Jones,Schwartz-Hall,us-central
DR-173556,Beth Sanchez,Ross Inc,us-central
DR-422120,Tyler Taylor,"Smith, Lee and Peterson",us-central
DR-322147,Angelica Norman,Cruz-Gonzalez,us-central
DR-249335,Susan Noble,Mathis-Bowman,us-west
DR-278437,Adam Douglas,Wright-Dixon,us-central
DR-719219,Ricky Harris,Maxwell PLC,us-west
DR-292442,Heidi Johnson,Olson-Foley,us-central
DR-167737,Elizabeth Shannon,Mccarthy and Sons,us-central
DR-611826,David Jensen,Humphrey Ltd,us-west
DR-730964,Heather Robinson,"Ramirez, Dominguez and Hale",us-west
DR-956383,Kimberly Scott,Eaton Inc,us-west
DR-768038,Tyler King,Willis-Smith,us-west
DR-547110,Beth Diaz,Jones-Tate,us-central
DR-318964,Diane Morgan,Le-Adams,us-central
DR-451668,Arthur Ayers,Robinson-Johnson,us-central
DR-401686,Lauren Hall,Kelly-Villa,us-central
DR-969005,Daniel Floyd,Clark-Brooks,us-west
DR-662389,Gina Graves,Woodard-Juarez,us-west
DR-471672,Christy Hayes,Holmes Inc,us-central
DR-401507,Robert Schwartz,Skinner and Sons,us-west
DR-239617,Kayla Bailey,"Gonzalez, Reyes and Lopez",us-central
DR-887311,Brian Copeland,"Dalton, Farley and Walker",us-west
DR-964048,James Bryant,"Bradford, Hughes and Hawkins",us-central
DR-990038,Kim Smith,Baker and Sons,us-central
DR-785967,Kyle Smith,Carr-Davis,us-central
DR-583062,Bryan Clark,Rogers-Lynch,us-central
DR-215131,Benjamin Little,Walker-Kramer,us-central
DR-879712,Elizabeth Wang,"Schultz, Perry and Young",us-central
DR-150060,Julie Rodriguez,Smith-Butler,us-central
DR-886709,Jacob Garcia,Gomez and Sons,us-central
DR-633566,Alyssa Johnson,Williams Group,us-west
DR-502198,Julie English,Melendez-Blackburn,us-west
DR-107365,Dean Owen,Lopez PLC,us-central
DR-138350,Jeremy Thomas,"Wallace, Reyes and Miller",us-west
DR-478759,Tyler Armstrong,Cooper-Brown,us-central
DR-690813,Christina Walker,Graham Inc,us-west
DR-187514,Phillip Espinoza,Reyes Ltd,us-west
DR-116167,Natalie Ward,Barnett Ltd,us-west
DR-406946,Mary Clarke,Scott-Martin,us-central
DR-490485,Shannon Heath,"Fields, Whitaker and Brady",us-central
DR-674064,Carrie Wilson,Mccormick PLC,us-west
DR-606030,Garrett Davis,Clark Inc,us-central
DR-198269,Clayton Gutierrez,Weaver PLC,us-central
DR-901475,Matthew Casey,Allen LLC,us-central
DR-462114,Alan Grant,"Howard, Stevens and Kim",us-west
DR-746225,Annette Brown,Hayes-Johnson,us-central
DR-724365,Michael Andrews,"Nichols, White and Peterson",us-central
DR-874438,David Dominguez II,Reyes LLC,us-west
DR-898443,Joseph Rodriguez,"Choi, Cole and Curtis",us-central
DR-924742,Katelyn Combs,Griffin Inc,us-central
DR-246743,Sophia Cruz,Edwards PLC,us-west
DR-515380,Darryl Watson,"Dickerson, Lopez and Johnson",us-central
DR-430534,Leah Young,Franklin-Price,us-central
DR-369474,Lauren Crawford,"Tanner, Santana and Clayton",us-west
DR-320279,Shelley Brooks,Berry-Patton,us-central
DR-913791,Jon Meyer,"Turner, Smith and Little",us-west
DR-418061,Christopher Oconnell,Edwards-Bender,us-west
DR-349380,Sarah Gonzalez,"Brennan, Ryan and Valdez",us-west
DR-481509,Elizabeth Atkins,Anderson-Wolfe,us-west
DR-613559,Daniel Hess,"Washington, Poole and White",us-west
DR-293115,Jenny Lewis,Sanchez-Murphy,us-west
DR-469343,Stephanie Schaefer,Pace-Vance,us-central
DR-966094,Wendy Hunt,Snyder-Mccarthy,us-central
DR-519145,Douglas Perez,Guerrero-Hodge,us-west
DR-972670,Kaitlin Ellis,Mendoza-Stevens,us-west
DR-975801,Edward Pacheco,Blankenship-Walters,us-central
DR-984839,Jose Washington,Hayes Group,us-west
DR-624995,Meghan Martinez,Terry LLC,us-central
DR-493669,Devin Dean,Mccoy-Solomon,us-west
DR-522277,Timothy Rodriguez,"Galloway, Smith and Brown",us-central
DR-664930,Kevin Smith,Collins-Camacho,us-west
DR-338668,Sarah Kent DDS,Powers-Lewis,us-central
DR-541864,Amanda Spencer,Mcintosh-Gonzalez,us-west
DR-500304,Jill Meza,Turner Ltd,us-west
DR-626567,Andrew Ross,Mccormick-Delgado,us-central
DR-841842,Barbara Reeves,"Dean, Page and Young",us-west
DR-175436,Arthur Anderson,"Lang, Hernandez and King",us-central
DR-673486,John Perez,Molina and Sons,us-central
DR-927955,Jason Wells,"Diaz, Lane and Raymond",us-central
DR-681621,Andrew Zavala,James PLC,us-central
DR-705205,Caitlyn Hendricks,"Benjamin, Chambers and Mccarthy",us-central
DR-583583,Nathan Meyer,"Robinson, Weber and Lowe",us-central
DR-263965,Jennifer Mills,Williams Group,us-west
DR-503443,Ryan Farmer,Weber and Sons,us-central
DR-390882,Ronald Nguyen,Anderson Inc,us-west
DR-221468,Holly Elliott,Young-Vance,us-west
DR-615741,Patricia Parrish,Strickland-Webb,us-central
DR-362629,Sean Diaz,Turner Inc,us-central
DR-747918,Jennifer Waters,Sexton-Jones,us-west
DR-619005,Jennifer Frazier,"Sanchez, Le and Duncan",us-central
DR-589193,Michael Thomas,"Harris, Dunn and Davis",us-central
DR-702929,Lindsey Hunt,Moore PLC,us-central
DR-827369,Joshua Conway,Burke and Sons,us-west
DR-592668,Andrew Black,"Delacruz, Howell and Kaufman",us-central
DR-556547,Stanley Preston,Stewart-Robinson,us-central
DR-998244,Samuel Oneal,Ferguson-Ramirez,us-central
DR-920726,Mrs. Brianna Rodriguez,"Thomas, Parker and Rodriguez",us-central
DR-947722,Matthew Watson,Wagner Ltd,us-west
DR-268605,Judy Hatfield,Martinez Ltd,us-central
DR-177653,Cynthia Wallace,Norris LLC,us-central
DR-612177,Kevin Simmons,Lopez and Sons,us-west
DR-906889,Thomas Brown,Taylor LLC,us-west
DR-517640,Cameron Green,Lopez Inc,us-west
DR-402828,Ryan Powell,Salas-Rice,us-central
DR-818882,Joshua Mahoney,Williams-Watkins,us-central
DR-530709,Mrs. Julie Phillips,Morgan-Wood,us-west
DR-318077,Ryan Dixon,Yoder Ltd,us-west
DR-916066,Cody Johnson,Powers-Ross,us-central
DR-633185,Dr. Chloe Morse,Smith-Stafford,us-west
DR-349152,Edward Russell,Liu Group,us-west
DR-929845,David Webb,"Santiago, Alexander and Mcdowell",us-west
DR-600249,Michael Flynn,Peterson and Sons,us-central
DR-515111,Brent Melton,Howell-Matthews,us-west
DR-935687,Pamela Walker,Camacho-Diaz,us-central
DR-938117,Alexis Webb,"Avery, Gentry and Hernandez",us-west
DR-286891,Michael Hill,Meyer Inc,us-west
DR-414738,Michael Roberts,Hayes Inc,us-west
DR-497031,Suzanne Martin,Daniels-Thompson,us-central
DR-206311,Cody White,"Hart, White and Ferguson",us-central
DR-970017,Shawn Gallagher,Strickland Inc,us-central
DR-354924,Katherine Anderson,"Woods, Rose and Wong",us-central
DR-414490,Dustin Marquez,"Martinez, Ferrell and Dixon",us-central
DR-543532,Jasmine Andrade,Cunningham-Anderson,us-central
DR-501238,Jackson Bright,Gillespie-Wilson,us-west
DR-853502,Katherine Little,Shea-Ward,us-central
DR-119266,Courtney Holloway,"Terry, Sherman and Mullins",us-central
DR-754198,Michael Wilkins,"Watkins, Goodwin and Hardy",us-central
DR-202382,Debbie Davis,"Stephens, Villanueva and Higgins",us-west
DR-310109,Jack Mathis,Jones-Lin,us-central
DR-961833,Kelly Long,Brooks PLC,us-central
DR-979023,William Lopez,Flowers-Gallagher,us-west
DR-981822,Marissa Washington,Nichols-Holder,us-central
DR-288781,Amy Johnson,"Nunez, Berry and Baker",us-central
DR-847350,Stacey Whitehead,Lopez LLC,us-west
DR-483645,Maurice Brown,Barron PLC,us-west
DR-399582,Charles Middleton,Norman-Sandoval,us-west
DR-671288,Blake Murillo,Davidson Ltd,us-west
DR-390291,Carla Gomez,"Jefferson, Rose and Chung",us-west
DR-504306,Lori Lopez,"Porter, Forbes and Smith",us-central
DR-380129,William Carlson,Gonzalez-Garcia,us-west
DR-436885,Michael Richard,"Yoder, Henderson and Henderson",us-west
DR-338683,Spencer Villanueva,"Lawson, Hernandez and Carter",us-central
DR-148869,Brittany Logan,Hancock-Jensen,us-west
DR-519690,Kathleen Thomas,Parks-Clark,us-west
DR-902968,Michelle Curtis,Hall-Williams,us-west
DR-508843,Rebecca Williams,Curry LLC,us-central
DR-118445,Danny Robles,Garcia Group,us-central
DR-983668,Debra Gardner,"Glenn, Graham and Jenkins",us-central
DR-939442,Barbara Kennedy,Ortiz-Potter,us-central
DR-285769,Robert Burns,Williams-Hill,us-west
DR-935229,Dennis Castro Jr.,Bush and Sons,us-west
DR-210747,Robert Mitchell,"Anderson, Martin and Navarro",us-west
DR-474854,Paul Hardy,Hahn-Gross,us-central
DR-323139,Tonya Bird,"Herrera, Leonard and Steele",us-central
DR-732234,Alvin Smith,"Cruz, Davis and Barry",us-west
DR-404238,Natasha Gill,"Glenn, Sutton and Olsen",us-west
DR-974512,Chelsea Lynch,"Cook, Lee and Miller",us-west
DR-848815,Robert Manning,Stewart-Morris,us-west
DR-450583,John Price,Smith Inc,us-west
DR-614221,James Cunningham,"Hernandez, Barron and Gonzalez",us-west
DR-978169,James Ortiz,Herring-Harper,us-west
DR-559248,Joanna Miller,Smith-Reynolds,us-west
DR-854269,Pam Jacobs,Edwards Ltd,us-west
DR-779657,Rebekah Smith,Higgins PLC,us-west
DR-368680,Daniel Miller,"Bailey, Kelly and Sanchez",us-central
DR-952687,Brittney Thompson DDS,"Gibson, Hudson and Fischer",us-central
DR-112485,Marissa Young,"Stone, Mcintosh and Padilla",us-central
DR-642391,Debbie Johnson,Lynch-Mills,us-west
DR-326596,Susan Martin,Phillips and Sons,us-west
DR-484802,Erica Richardson,Holland-Cantu,us-west
DR-449017,Evan Martinez,Callahan-Haley,us-central
DR-608003,Stephen Jackson,"Harvey, Nelson and Ross",us-central
DR-864583,Kevin Ryan,Sheppard Inc,us-west
DR-367513,Kimberly Crawford,Taylor Inc,us-central
DR-728973,Jean Nelson,"Caldwell, Allen and Walsh",us-central
DR-381293,Charles Shelton,Fields-Greene,us-west
DR-602909,Kathryn Frazier,Reyes Group,us-central
DR-622531,Daniel Macias,Watts Ltd,us-central
DR-295071,Wendy Anderson,Fernandez-Wilson,us-central
DR-884746,Joseph Sanders,Meyer Ltd,us-central
DR-452593,Samantha Bailey,Nelson-Krueger,us-west
DR-939601,Lori Smith,Watson-Price,us-west
DR-569733,Gabriel Martin,Harris Group,us-west
DR-466464,Dustin Gibson,"Mitchell, Shah and Gutierrez",us-central
DR-520190,Vanessa Flores,Pierce Group,us-central
DR-325060,Lisa Valenzuela,"Williams, Taylor and Mendoza",us-west
DR-791639,Megan Johnson DDS,White Group,us-central
DR-660388,Melissa Edwards,Moody LLC,us-central
DR-861310,Garrett Sanchez,Ballard Ltd,us-west
DR-594349,Kyle Fisher,"Morris, Torres and Hodge",us-central
DR-315000,Derek Rodriguez,Simon-Garrison,us-west
DR-891966,Veronica Johnson,"Miller, Colon and Martinez",us-west
DR-574708,Michael Carter,Thomas LLC,us-west
DR-358757,Robert Raymond,"Lindsey, Brown and Lee",us-central
DR-529568,Jacob Silva,Golden Group,us-west
DR-356301,Kristin Rosales,"Weiss, Vasquez and Torres",us-central
DR-311434,Julie Webster,"May, Li and Williams",us-central
DR-854512,Catherine Becker,Moore-Fisher,us-west
DR-839049,Heidi Gonzalez,"Bridges, Bowman and Kirk",us-central
DR-275860,Tyler Flores,"Gay, Hill and Thomas",us-west
DR-387866,Chelsey Conway,"Ball, Martinez and Ayers",us-central
DR-435680,Shelby Dyer,Martin LLC,us-central
DR-530360,Luke Sanchez,Gomez Inc,us-west
DR-182917,Dawn Hood,"Alvarez, Graham and Williams",us-central
DR-693581,Justin House,"Robinson, Young and Myers",us-west
DR-428764,David Jones,"Jacobs, Beasley and Simpson",us-west
DR-433105,Alicia Fields,"Arnold, Garcia and Delgado",us-central
DR-479924,Rachel Roman,"Lopez, King and Gray",us-central
DR-314620,Christopher Aguilar,"Bailey, Brown and Martinez",us-central
DR-181162,Ann Walsh,Morris-Webb,us-central
DR-723514,Mrs. Jacqueline Scott,Rivera-Cooper,us-central
DR-716653,Nancy Ruiz,Clark and Sons,us-central
DR-747571,Kayla White,Freeman-Stewart,us-west
DR-949747,Bob Carroll,Griffith Ltd,us-west
DR-743689,Andrew Harper,"Buchanan, Jones and Green",us-west
DR-975417,Jessica Castillo,Hampton-Williams,us-west
DR-398177,Donna Merritt,"Webb, Moore and Gregory",us-west
DR-376540,Christopher Roberts,Maynard-Diaz,us-central
DR-906837,Dwayne Johnson,Castillo PLC,us-west
DR-703930,Sean Duncan,Knox Inc,us-central
DR-243490,Joseph Romero,Mccarthy LLC,us-west
DR-402951,Lisa Logan,Lester Group,us-central
DR-559894,Haley Yates,Kim LLC,us-central
DR-934542,Amanda Kelly,"Potts, Ford and Rodriguez",us-west
DR-469905,Christina Murphy,"Taylor, Moon and Graham",us-central
DR-946183,Brittany Chambers,Malone and Sons,us-central
DR-722272,Angela Patterson,Miller Ltd,us-central
DR-372174,Ashley Ferguson,"Lam, Santos and Graham",us-west
DR-158713,Frank Walters,Webb PLC,us-west
DR-866823,Gregory Hansen,Johnson-Maxwell,us-west
DR-412165,Billy Shields,Hooper-Sweeney,us-west
DR-575898,Robert Williamson,Schroeder-Patterson,us-west
DR-817969,Deborah Simmons,"Burns, Rivera and Hill",us-west
DR-537667,Joel Mathis MD,Morgan and Sons,us-west
DR-307253,Jeffrey Thomas,"Brown, Hunt and Horne",us-central
DR-306687,Guy Lambert,Perez Group,us-west
DR-440948,Johnny Gibson,Turner-Johnston,us-west
DR-107886,Jacob Weiss,Vargas Ltd,us-west
DR-270935,William Kent DDS,"Sutton, Ruiz and Eaton",us-central
DR-654647,Hannah Simmons,"Suarez, Warner and Johnson",us-west
DR-918447,Andrew Oliver,"Fowler, Hall and Carter",us-west
DR-483406,Taylor Bishop,Perry-Flores,us-west
DR-746077,James Frost,Sharp-Burgess,us-west
DR-620465,Shaun Warren,"Williams, Ross and Clark",us-central
DR-224494,Michele Anderson,Vaughn-Fitzgerald,us-west
DR-717684,Lisa Walker,Silva and Sons,us-west
DR-710511,Corey Morales,"Walker, Hudson and Martinez",us-west
DR-163798,Kenneth Key,Taylor Inc,us-west
DR-374296,Brenda Leblanc,Hunter and Sons,us-central
DR-539969,Jody Simmons,"Coleman, Arias and Moore",us-central
DR-124812,Christopher Lin,Todd-Thompson,us-central
DR-342379,Alvin Neal,Mcgrath Inc,us-central
DR-984011,Mark Fuller,"Poole, Blackburn and Thompson",us-central
DR-492027,Amy Diaz,"Johnson, Scott and Allen",us-central
DR-349921,Kelsey Meyer,Hernandez-Massey,us-central
DR-775925,Barbara Perez,"Hill, Gonzales and Stewart",us-central
DR-147210,Heather Ramos,Rice Inc,us-west
DR-806008,Shirley Wilkerson,Barr-Lin,us-central
DR-217469,Rachel Parks,"Jones, Ritter and Johnson",us-west
DR-277613,Bryan James,Mcbride LLC,us-central
DR-616411,Megan Bauer,Ortiz-Villanueva,us-central
DR-827408,Dennis Roberts,"Mendoza, Morgan and Hansen",us-central
DR-251900,Paul Greene,Smith Inc,us-west
DR-675455,Sarah Miller,Miller-Wright,us-central
DR-319686,Kimberly Powell,"Johnson, Foster and Garcia",us-west
DR-832949,Seth Kelly,"Wiggins, Michael and Schultz",us-west
DR-116292,Scott Ramirez,"Munoz, Lopez and Abbott",us-west
DR-197426,Thomas Roberts,"Lin, Brown and Harris",us-west
DR-815233,Mr. Thomas Sanchez,Davis Group,us-west
DR-606744,Jose Weber,"Williams, Mcdaniel and Mcdonald",us-west
DR-719034,Jennifer Martin,Best LLC,us-west
DR-586514,Aimee Barber,Robinson PLC,us-west
DR-612272,Lynn Gonzalez,"Conner, Bishop and Rice",us-central
DR-157972,Benjamin Dickson,Lyons-Watkins,us-central
DR-341249,Julie French,"Leach, Hansen and Alexander",us-central
DR-170252,Daniel Goodman,"Powers, Gross and Camacho",us-central
DR-254921,Jill Cook,Santana-Blake,us-west
DR-995686,Natalie Murray,"Becker, Moore and Sharp",us-west
DR-885572,Kevin Hill,Thomas-Smith,us-central
DR-726205,Spencer Harris,"Alvarez, Garcia and Wilson",us-west
DR-486750,Crystal Garcia,Bridges Ltd,us-west
DR-984950,Melissa Torres,Lowe-Glover,us-central
DR-464348,Bryan Harper,"Norris, Anderson and Lee",us-west
DR-186920,Karen Johnson,Allen PLC,us-west
DR-730575,Jose Chan,"Turner, Dixon and Braun",us-west
DR-271959,Brittany Gray,Bond-Mcconnell,us-west
DR-312802,Tamara Rojas,"Espinoza, Martinez and Floyd",us-central
DR-678707,Christopher Clark,Davenport-Jackson,us-central
DR-238045,Cory Jones,King Ltd,us-west
DR-715640,Elizabeth Cervantes,"Watson, George and Rose",us-central
DR-255954,Mary Mueller,Jackson-Christensen,us-west
DR-125621,Amanda Sanders,Harrison-Gonzalez,us-west
DR-275521,Robert Vaughn,Peterson Inc,us-west
DR-580384,Jennifer Pratt,Ward-Jones,us-west
DR-773526,Gabriel Martinez,Armstrong-Jackson,us-central
DR-113672,Seth Hill,Henderson Group,us-central
DR-667394,Carlos Richardson,Diaz-Mitchell,us-central
DR-967594,Dean Short,"Camacho, Perez and Baker",us-west
DR-993409,Mike Brown,Johnson Group,us-west
DR-328778,Brian Pace,"May, Lewis and Avila",us-west
DR-666810,Rhonda Pruitt,"Flores, Thompson and Guzman",us-central
DR-823520,Richard Garcia,Charles-Alvarez,us-west
DR-476535,Christopher Bryant,Zuniga-Lewis,us-central
DR-828104,Mrs. Ann Ward,Burns-Stevens,us-west
DR-784416,Joshua Shelton,Floyd-Baxter,us-west
DR-760828,Misty Marshall,"Gray, Cooke and Henderson",us-central
DR-270937,Charles Neal,"Hurst, Thomas and Carlson",us-west
DR-590772,Ryan Harris,"Hobbs, Smith and Young",us-west
DR-347446,Paul Owen,"Oneill, Jennings and Dennis",us-west
DR-785796,Mackenzie Hansen PhD,Davis Inc,us-west
DR-954292,Mrs. Jennifer Rocha,Lowe-Hughes,us-west
DR-244661,Laura Torres,"Berry, Cook and Soto",us-central
DR-660602,Samantha Reynolds,"Stephens, Jones and Brown",us-west
DR-419759,Danielle Anderson,"Cooper, Murray and Henderson",us-west
DR-157739,Rachel Ramirez,Jacobs Group,us-central
DR-577927,Jennifer Green,"Moore, Cole and Olson",us-central
DR-100502,Donna Collins,White PLC,us-west
DR-217451,Michelle Bradshaw,"Bailey, Buck and Bell",us-central
DR-797023,Cheryl Benjamin,"Ortega, Daniel and Lopez",us-west
DR-159096,Erika Richard,Medina-Carey,us-west
DR-967147,Joshua Baker,Chambers-Ray,us-central
DR-655720,Kelly Rodriguez,Martinez LLC,us-west
DR-713634,Pamela Jackson,Moyer-Butler,us-west
DR-143183,Jordan Clayton,Martin Inc,us-west
DR-625398,Stephanie Ruiz,Frank-Turner,us-west
DR-733898,Jonathan Jones,Williams Inc,us-west
DR-937717,Terry Lopez,Howell-Gill,us-west
DR-183799,William Miller,Wright Group,us-west
DR-384089,John Rodgers,"Cruz, Wilson and Cook",us-west
DR-489453,Kristen Jones,"Mullen, Liu and Ryan",us-west
DR-726862,Michael Martin,"Beard, Padilla and Jones",us-central
DR-770323,Nathaniel Gentry,Pitts Group,us-west
DR-981638,Ian Moore,Hardy PLC,us-west
DR-950648,Jacob Murray,"Hammond, Preston and Guzman",us-west
DR-309102,Dr. Joshua Holmes,Walters-Fox,us-central
DR-435521,Deborah Wilson,Smith Ltd,us-central
DR-952681,Joseph Haney,Taylor-Reed,us-central
DR-467361,Jeremiah Lane,Nash-Bowen,us-central
DR-385863,Angel Barajas,"Shaw, Jimenez and Chase",us-west
DR-555524,George Watson,"Moore, Pham and Baker",us-central
DR-910743,Christina Miller,Dougherty Group,us-west
DR-921012,Shelby Gray,Martinez-Lane,us-central
DR-170415,Kevin May,Reynolds Ltd,us-central
DR-987921,Joe Garcia,"Maddox, Garcia and Allen",us-west
DR-668756,Ronald Moses,"Sheppard, Berg and Stanley",us-central
DR-661580,Joanne Foster,Tapia PLC,us-central
DR-806044,Patricia Mullins,Jackson Inc,us-central
DR-782689,Laura Nelson,Nelson and Sons,us-west
DR-917384,Carla Davis,"Barnes, Ellis and Cole",us-central
DR-673152,Laurie Lawson,Garcia-Grimes,us-central
DR-662829,Stephen Rogers,Tran and Sons,us-central
DR-952098,Sergio Rowland,"Green, Ramirez and Griffin",us-west
DR-178399,Kenneth Fields,Combs Inc,us-central
DR-508963,Stanley Porter,Garcia-Pena,us-west
DR-605464,Andre Adams,Mckinney LLC,us-central
DR-610031,Wendy Jackson,"Meyer, Jones and Newton",us-central
DR-281401,Julie Richards,"Keith, Sutton and Gomez",us-west
DR-420234,Angela Brooks,Alexander-Davis,us-central
DR-390184,Ronald White,Ponce and Sons,us-west
DR-381411,Madison Hudson,"Davis, Lewis and Schroeder",us-west
DR-653956,Joseph Rodriguez,Watts-Gibson,us-west
DR-894798,Warren Cantu,Brown-Bell,us-central
DR-824660,Manuel Richards,"Arias, Monroe and Edwards",us-central
DR-130067,Ashley Klein,Johnston and Sons,us-central
DR-875640,Brandon Anderson,Peck Inc,us-west
DR-988558,Ricardo Cruz,Atkins Group,us-central
DR-485418,Maria Allen,Wilson PLC,us-west
DR-487064,Sara Gallegos,Phillips-Fischer,us-central
DR-472304,Catherine Cooley,Montes-Alvarez,us-west
DR-548146,Amanda Thompson,"Spencer, Coleman and Fischer",us-west
DR-510034,Sarah Smith,Johnson and Sons,us-west
DR-876428,Andrew Moore,"Cole, Ochoa and Patterson",us-central
DR-329292,Brett Palmer,Stewart PLC,us-west
DR-787022,Jonathan Jones,Patel Ltd,us-west
DR-873386,Kaylee Roberson,"Perez, Johnson and Solis",us-central
DR-752015,Paula Scott,Gilbert-Fowler,us-west
DR-427524,Heather Salazar,Berger-Reese,us-west
DR-226075,Amber Solis,"Newton, Roberts and Malone",us-central
DR-407893,Joshua Hunter,Diaz Inc,us-central
DR-714782,Valerie Allen,Simpson and Sons,us-central
DR-452769,Stephanie Velasquez,Watson Inc,us-central
DR-244024,Caitlin Norton,Jones-Lee,us-west
DR-977492,Alexis Reeves,"Dixon, Hill and Gonzalez",us-central
DR-733850,Patricia Hayes,Smith-Caldwell,us-central
DR-790409,Carolyn Nelson,"Hatfield, Carlson and Mcdowell",us-central
DR-324159,Christopher Brown,"Smith, Scott and Rosario",us-west
DR-198650,Carl Mays,"Howard, Bailey and Hodge",us-west
DR-804781,Mark Kelly,"Spence, Hayes and Wilkins",us-central
DR-583205,Michael Tanner,"Nelson, Pugh and Sanchez",us-central
DR-715699,Michael George,"Walter, Perez and Morgan",us-central
DR-493790,Julie Harris,Kelley PLC,us-west
DR-730495,Johnny Reilly,Wilson-Walker,us-central
DR-814349,Jose Jones,"Khan, Stewart and Vaughn",us-west
DR-658789,Gina Wood,"Pierce, Davis and Hansen",us-west
DR-778344,Robert Garcia,Stone Inc,us-west
DR-689752,Angel Garcia,Johnson Ltd,us-west
DR-810470,Gary Davis,Boone-Davis,us-central
DR-499087,Danielle Howard,"Ward, Wyatt and Allen",us-west
DR-687620,Jack Jones,"Carr, Martin and Castillo",us-central
DR-864057,Crystal Phillips,"Rivas, Jackson and Shields",us-central
DR-375127,Brian Rivera,"Morrison, Ramirez and Phillips",us-west
DR-720560,Cheryl Hall,Martin-Johnson,us-central
DR-906418,Patricia Scott,"Owens, Hill and Wilson",us-west
DR-592934,Charles Burch,Miller LLC,us-west
DR-273348,Christopher Garcia,"Gonzales, Scott and Wilcox",us-west
DR-632095,Yolanda Williams DDS,Lewis-Swanson,us-central
DR-694149,Melanie Miller,"Hall, Clark and Hughes",us-central
DR-598554,Jordan Nichols,Moody-Gallegos,us-central
DR-239653,Andrew Sanchez,Carter-Smith,us-central
DR-622426,Kaitlyn Gomez,Brooks Inc,us-central
DR-928930,James Werner,Black Group,us-central
DR-861588,Matthew Reese,Rowland Group,us-central
DR-916749,Jeffery Johnson,"Green, Burns and Mercado",us-west
DR-550569,John Anderson,"King, Vaughn and Murphy",us-central
DR-493093,Kimberly Nelson,Bartlett and Sons,us-west
DR-689835,Heather Estrada,"Farmer, Hunt and Hancock",us-west
DR-793362,Christopher Phillips,"Mitchell, Fox and Johnson",us-central
DR-450642,Pamela Allen,Hicks-Parker,us-west
DR-827311,Jessica Acosta,"Ramos, Reed and Hampton",us-west
DR-582343,Russell Dennis,Black and Sons,us-west
DR-659966,Wendy Montgomery,Johnson Ltd,us-west
DR-716567,Lori Underwood,Brown-Sawyer,us-central
DR-853018,Michelle Petty,Wagner-Williams,us-central
DR-602142,Henry Sanchez,Gonzales Group,us-west
DR-475099,Brian Kelly,Copeland-Brown,us-west
DR-701858,Rhonda Murray,Mckinney Ltd,us-central
DR-960435,Emily Murphy,Woods PLC,us-central
DR-649923,Victoria Diaz,Conrad-Briggs,us-central
DR-421460,Amanda Bradley,"Allen, Martinez and Soto",us-central
DR-389469,Nancy Green,Walters Group,us-central
DR-278522,Wendy Wilson,Wilkins-Williams,us-west
DR-136151,Mrs. Jordan Carter DDS,Johnson LLC,us-central
DR-703433,Aaron Macias,"Gonzalez, Johnson and Gonzalez",us-west
DR-860628,Barbara Blevins,"Baldwin, Webb and Ramos",us-central
DR-529644,Randy Watkins,Adams-Parker,us-central
DR-783722,Alexandra Bryant,"Wolf, Cruz and Hall",us-central
DR-325337,Steven Underwood,"Parker, Hart and Martin",us-west
DR-136779,William Parker,Lee PLC,us-central
DR-717862,Nicholas Ferrell,Flowers LLC,us-central
DR-323123,Victor Perez,"Nash, Barnes and Maxwell",us-central
DR-220987,James Miller,Herrera-Torres,us-west
DR-632978,Ashley Smith,Mckinney-Owens,us-central
DR-305796,Sara Schaefer,Robertson-Wang,us-central
DR-353981,Whitney Knight,Hale LLC,us-west
DR-208854,Judith Martin PhD,Dickerson-Adams,us-west
DR-687671,Dawn Conrad,King-Brown,us-west
DR-505740,Jennifer Good,Hamilton-Wilcox,us-west
DR-566243,Michelle Herring,"Long, Barnes and Reynolds",us-west
DR-922521,Jeffrey Murphy,Valenzuela-Wood,us-central
DR-204501,Haley Robinson,"Cooper, Pacheco and Aguirre",us-central
DR-674187,Logan Hart,"Gibson, Hardy and Hughes",us-central
DR-962624,Robert Ramos,Foley Inc,us-west
DR-530868,Victor Gilbert,"Osborn, Hudson and Washington",us-west
DR-741361,Michelle Vance,Henry-Pierce,us-west
DR-803001,Raymond Thomas,Davenport Ltd,us-central
DR-898324,Kimberly Jones,Wilson LLC,us-central
DR-140082,Diana Thompson,"Ryan, Kelley and Hall",us-central
DR-999826,Stephanie Hunt,"Anderson, Lee and Jones",us-central
DR-343390,Christopher Salinas,Lee Ltd,us-west
DR-709171,Michael Stevens,"Snyder, Baker and Moore",us-central
DR-411168,Michelle Valencia,White-David,us-central
DR-621340,David Reilly,Goodman Group,us-central
DR-414678,Randall Sanders,Johnson-Smith,us-central
DR-768126,Dawn Arnold,Lewis PLC,us-west
DR-267646,Paige Rodriguez,"Anderson, Estrada and Smith",us-west
DR-201578,Joanne Sanders,Fletcher-Taylor,us-central
DR-100643,Jerry Crawford,Chapman-Rios,us-central
DR-368353,David Price,Cortez and Sons,us-central
DR-435654,Thomas Williams,Burnett-Pearson,us-west
DR-390552,Samuel Garza,Wall-Scott,us-central
DR-915511,Valerie Pearson,"Bell, Gay and Mathis",us-central
DR-403533,Sherri Jackson,Villarreal Inc,us-west
DR-971966,Luke Espinoza,"Young, Kelley and Glenn",us-west
DR-410409,Rebecca Palmer,Long-Norton,us-central
DR-115116,Christine Wyatt,Williams-Cortez,us-central
DR-775403,Shawn Meyer,Phillips-Russell,us-central
DR-471830,Diana Duncan,Robertson-Jenkins,us-central
DR-700099,Jerry Weaver,"Jones, Barrera and Harris",us-west
DR-982046,James Parker,Smith-Maddox,us-west
DR-339523,Michael Martinez,"Figueroa, Hamilton and Campos",us-central
DR-958055,Edwin Horton,Mcgee-Hester,us-west
DR-694588,Charles Smith,"Sandoval, Thomas and Hooper",us-west
DR-609188,Dawn Harris,Hunt Group,us-central
DR-863829,Jamie Evans,Washington Inc,us-west
DR-379602,Howard Christensen,"Johnson, Valencia and Hoffman",us-central
DR-909074,Melanie Frederick,"Schmitt, Carter and Blair",us-west
DR-844263,Ian West,Stone Group,us-west
DR-650106,Michael Berg,"Morales, Campos and Austin",us-central
DR-184575,Robert Davidson,Oconnor-Jones,us-central
DR-327181,George Hernandez,Nolan-Bruce,us-west
DR-188525,Robin Chung,Jones PLC,us-west
DR-343456,Timothy Reyes,"Johnson, Clark and Wilson",us-west
DR-398041,Patricia Wright,"Nguyen, Steele and Norman",us-west
DR-268874,James Bradley,Norman and Sons,us-west
DR-861944,Barbara Ingram,"Paul, Jones and Adams",us-central
DR-410007,Kara Garcia,"Estrada, Miller and Rhodes",us-west
DR-745245,Erin Richards,Williams PLC,us-west
DR-586547,Terri Green,Martin Ltd,us-central
DR-406341,Jeffery Thompson,Cline-Smith,us-west
DR-768519,Roger Collins,Soto-Carter,us-west
DR-297979,Dean Marquez,Wood-Alvarado,us-west
DR-150947,Joanna Young,"Wilson, Garcia and Strong",us-west
DR-713476,Michelle Lee,Haley-Fowler,us-west
DR-847982,Taylor Wilcox DDS,"Shields, Castillo and Steele",us-west
DR-455514,Parker Norris,"Jordan, Ferguson and Williams",us-central
DR-113252,Kevin Townsend,"Hayden, Wagner and Jones",us-central
DR-957980,Taylor Wilson,"Greer, Moreno and Rush",us-west
DR-563950,Alan Taylor,"Ward, Miller and Brown",us-west
DR-186262,Timothy Turner,Ward Inc,us-west
DR-383663,Kathy Jones,Gomez-Warner,us-west
DR-375232,Cynthia White,Braun-Stevens,us-central
DR-682256,Norma Carter MD,Estrada-Golden,us-central
DR-730458,Brian Lee,Higgins Inc,us-central
DR-893981,Richard Sutton,Winters-Castaneda,us-central
DR-387215,Jennifer Murphy,Richardson-Manning,us-central
DR-824212,Vicki Alvarado,Simmons Ltd,us-central
DR-147021,Shannon Davis,Luna-Nelson,us-central
DR-367917,Nathaniel Henderson,Pena-Swanson,us-central
DR-879670,Susan Luna,"Shelton, Gaines and Lang",us-west
DR-485228,Cynthia Stone,"Wilson, Williams and Scott",us-central
DR-508329,Yvonne Nguyen,Kennedy-Melendez,us-west
DR-739300,Cassandra Tucker,"Meyer, Jordan and Castillo",us-central
DR-396954,Miranda Robinson,Banks PLC,us-west
DR-935257,Randy Johnson,Reese Group,us-west
DR-455725,Todd Blackburn,"Osborne, Buchanan and Pierce",us-central
DR-830804,Benjamin Brown,"Hall, Barrett and Stokes",us-central
DR-669165,Susan Smith,"Rivera, Wallace and Davis",us-central
DR-313586,Bryan Benitez,Phillips-Phillips,us-central
DR-427105,Robert Chapman,Harris LLC,us-central
DR-364659,Bobby Marshall,Richard Ltd,us-west
DR-821725,James Preston,"Holmes, Miller and Foster",us-central
DR-777629,Melanie Thompson,"Miranda, Fisher and Herrera",us-central
DR-852312,Nathan Adams,Kelley PLC,us-west
DR-151278,Anthony Hudson,Lawson-Morgan,us-west
DR-480467,Benjamin Acevedo,"Crawford, Cortez and Perry",us-central
DR-491315,Zoe Watkins,"Miller, Meyer and Adams",us-west
DR-235242,Courtney Rodriguez,Hill Ltd,us-central
DR-133086,Elizabeth Moore,Rivera-Howard,us-west
DR-570950,Patrick Sims,"Garcia, Medina and Ramos",us-central
DR-916061,Lisa Bradshaw,Hawkins-Sanchez,us-central
DR-222155,Katie Phillips,King LLC,us-central
DR-669710,Alexander Chung,"Scott, Lewis and Ramos",us-central
DR-288281,Brandon Estrada,Cox Ltd,us-west
DR-631714,Amanda West,Rodriguez-Alexander,us-west
DR-853158,Andre Henderson,Sellers-Whitaker,us-central
DR-399797,Michael Daniels,"Yang, Newman and White",us-central
DR-811518,Danielle Peterson,Walls PLC,us-west
DR-769958,Trevor Mitchell,Raymond-Baker,us-central
DR-672983,Courtney Sullivan,Bowen-Jennings,us-central
DR-282702,Scott Kennedy,Reed-Estes,us-west
DR-553648,Carlos Smith,"Olson, Rodriguez and Cannon",us-central
DR-884711,Thomas Delgado,Williamson Ltd,us-west
DR-225235,Michael Love,Gilbert Inc,us-west
DR-567032,Christopher Fuller,"Becker, Ford and Johns",us-central
DR-914169,Andrea Morris,Davis-Baxter,us-west
DR-616681,Douglas Benjamin,Mcfarland-Moore,us-central
DR-954127,Elizabeth Mills,Ayers-Novak,us-central
DR-868383,Regina Parker,"Hines, Mueller and Atkinson",us-central
DR-906750,Mark Alvarez,"Armstrong, Watson and Hopkins",us-central
DR-440448,Raymond Dunn,Bolton-Young,us-west
DR-550920,William Arellano,"Anderson, Branch and Campbell",us-west
DR-925002,Sarah Duke,Fitzpatrick-Moreno,us-west
DR-330114,Wayne Cooper,Martinez Ltd,us-west
DR-839739,Sarah Mcpherson,Conrad PLC,us-central
DR-375313,Mary Gonzalez,"Burgess, Horton and Weaver",us-central
DR-439805,Donna Hall,Fields Group,us-central
DR-533265,Corey Blackwell,Stevens Inc,us-west
DR-271947,Zachary Jennings,"Evans, Montgomery and Fernandez",us-central
DR-724691,Curtis Turner,Cantrell-Delacruz,us-central
DR-902463,Michael Schmidt,Day-Boyd,us-central
DR-450863,Susan Hendrix,Bauer-Clark,us-central
DR-840600,Stephanie Rodriguez,Walker Inc,us-central
DR-945162,Peter Hines,King LLC,us-central
DR-743633,John Garcia,"Gonzalez, Stark and Bennett",us-west
DR-915119,Donald Garcia,"Harper, Martinez and Hunter",us-central
DR-893215,Madison Patrick,"Brown, Newton and Johnson",us-central
DR-173763,Devin Reynolds,Chambers PLC,us-central
DR-775757,Jerome Brown,Montoya-Bright,us-central
DR-419738,Carla Stone,Keller Ltd,us-west
DR-122975,Mary Collins,Greene-Arnold,us-central
DR-547777,Brandi Jones,Davis-Rodriguez,us-central
DR-361027,Cody Dorsey,Pham-Brock,us-west
DR-185003,Travis Brennan,"Garrison, Mcclain and Mclaughlin",us-central
DR-634566,Alyssa Thompson,"Stewart, Moore and Carroll",us-west
DR-555695,Mr. Anthony Bell MD,Lara-Graham,us-central
DR-274056,William Davis,Edwards Group,us-west
DR-874838,Heather Garcia,Hawkins-Miller,us-central
DR-318686,David May,Adams and Sons,us-central
DR-746413,James Beard,Payne and Sons,us-central
DR-466960,Amy Brown,"Walker, Johnson and Mendoza",us-central
DR-964554,Logan Jensen,Rodriguez-Harris,us-west
DR-827893,Monica Weiss,Nunez Inc,us-central
DR-815587,Kevin Hamilton,Brown Inc,us-west
DR-336591,Kenneth Ward,"Fisher, Davidson and Johns",us-west
DR-906412,Francisco Moore,Schaefer Group,us-central
DR-175316,Nicholas Munoz,Simmons-Cook,us-central
DR-481615,Benjamin Smith,Bennett Inc,us-west
DR-169188,Charles Vang,Miller-Cruz,us-west
DR-922204,William Lane,Martinez Group,us-central
DR-139848,Tammy Hogan,Young LLC,us-central
DR-598763,Lauren Beck,Hester Group,us-central
DR-704940,Pamela Green,"Ortega, Sullivan and Flores",us-central
DR-519912,David Acevedo,Lopez Group,us-central
DR-477910,Harold Stephens,Brown-Morales,us-central
DR-484366,Mary Smith,White-Davis,us-west
DR-598250,Christopher Adams,"Martinez, Fuller and Lewis",us-west
DR-136202,James Long,Yang-Wiley,us-west
DR-141805,James Taylor,Watson-Oconnor,us-central
DR-293623,Meredith Cordova,Hernandez-Matthews,us-west
DR-940920,Tara Griffin,Richard-Baker,us-west
DR-526811,Anita Trevino,"Lambert, Cervantes and Edwards",us-west
DR-381246,Benjamin White,"Martinez, Benson and Rice",us-central
DR-380561,Michael Cruz,Hanson Ltd,us-central
DR-857184,Matthew Gilbert,"Silva, Romero and Petersen",us-central
DR-928970,Amy Solomon,"Brown, Nguyen and White",us-west
DR-488628,Melanie Cowan,Scott-Hart,us-central
DR-178185,Julie Nash,Ford-Ray,us-west
DR-513908,Jennifer Owens,Hensley Ltd,us-west
DR-889745,Juan Holland,Robinson LLC,us-west
DR-809939,Michael Curry,Fox Ltd,us-west
DR-862988,Renee White,Mcgrath Group,us-central
DR-910659,Juan Solis,Wilson Inc,us-west
DR-720962,Angela Graves,Rodriguez Inc,us-west
DR-506965,Christie Rodriguez,Price-Franklin,us-central
DR-286064,Steven Rodriguez,Villarreal-Carter,us-central
DR-616089,Sierra Jones,"Jones, James and Kramer",us-west
DR-414431,Nathan Dean,"Bauer, Williams and Griffin",us-central
DR-335448,Theresa Craig,"Leon, Gutierrez and Wise",us-west
DR-829905,Mr. Terry Lambert,Johnson-Jones,us-central
DR-886060,Tracy Gordon,Fisher-Johnson,us-central
DR-147709,Julie Jones,Clark PLC,us-west
DR-114478,Peter Garcia,"Ramos, Lindsey and King",us-west
DR-623879,Claudia Rodgers,Palmer-Reyes,us-central
DR-705438,Sonia Thornton,Jacobson and Sons,us-west
DR-912289,Robert Garner,"Campbell, Odom and Velazquez",us-west
DR-501160,Michael Fuentes,Ingram PLC,us-central
DR-731359,Raymond Mcintyre,Howard-Gardner,us-central
DR-241388,Amber Wilson,"Hayes, Perez and Smith",us-central
DR-562220,Ann Anderson,Patrick-Walker,us-central
DR-385402,Timothy White,"Lamb, Morrison and Ross",us-west
DR-182227,Erica Edwards,Davis-Ortiz,us-west
DR-319693,Alyssa Jones,Williams-Rodriguez,us-west
DR-660753,Stacy Strong,Woods LLC,us-central
DR-274926,Paul Harris,Barnes-Barrera,us-west
DR-639017,Stephanie Porter,Thomas-Lewis,us-central
DR-429814,Billy Carter,Williams Group,us-west
DR-721666,Stephen Vega,"Ellis, Bowman and Bentley",us-west
DR-461179,Chad Wilson,Smith-Clayton,us-west
DR-557423,Linda Monroe,"Fox, Elliott and Colon",us-west
DR-340539,Frances Baker,Shannon Group,us-west
DR-823220,Matthew Barber,"Bond, Hancock and Bradshaw",us-central
DR-407522,Michael Pacheco,"Ward, Cross and Martinez",us-central
DR-376335,Christopher Johns,Lopez-Salazar,us-central
DR-127566,George Taylor,"Martin, Clark and Murphy",us-central
DR-372839,Gregory Krause,"Hoffman, Curry and Mcdowell",us-central
DR-691083,Tanya Mendez,Carroll and Sons,us-central
DR-760678,Lisa Peterson,Bishop Group,us-west
DR-810259,Juan Hart,Yang Group,us-west
DR-581247,Charles Flowers,Chavez-Garcia,us-central
DR-490298,Steven Mccarty,Atkins-Atkins,us-west
DR-359891,Holly White,"Johnson, Zimmerman and Herrera",us-central
DR-371931,Ray Ho,Schneider-Reese,us-west
DR-659821,Anthony Miller,"Bryant, Carter and Cross",us-west
DR-369956,Patricia Kelly,Summers-White,us-central
DR-141626,Sean Flores,"Peters, Castillo and Burke",us-central
DR-191265,Amber Fisher,Gonzales-Sims,us-central
DR-177237,Matthew Smith,Gardner-Vaughn,us-central
DR-615580,Edward Villegas,"Fitzpatrick, Orozco and Mckenzie",us-central
DR-664583,Roy Moore,Rodriguez-Robinson,us-central
DR-791129,Jamie Anderson,Padilla-Patel,us-central
DR-648847,Kristen Martinez,Chan-Burnett,us-west
DR-103549,Mike Mckenzie,"Conrad, Kirk and Hunter",us-central
DR-597276,Amanda Johnson,Carlson-Harvey,us-west
DR-359942,John Hall,"Baxter, Knight and Fernandez",us-central
DR-545097,Kyle Barr,Robertson Inc,us-central
DR-443017,Nancy Martinez,"Sexton, Cook and Stewart",us-central
DR-985031,Amy Lewis,Williams Group,us-central
DR-398777,Beth Leach,Wade-Wilkinson,us-central
DR-591522,Stacie Shannon,Hester-Schultz,us-central
DR-562211,Stacey Donovan,Vaughan and Sons,us-west
DR-817355,Yvonne Hess,Shepard LLC,us-central
DR-681885,Donald Bush,Rodriguez-Crawford,us-central
DR-210773,Craig Stanley,Bradford Ltd,us-west
DR-622848,William James,"Alexander, Arellano and Carlson",us-central
DR-397424,Karen Jones,Bailey-Williams,us-central
DR-919402,Debra Macias,Trujillo PLC,us-west
DR-139564,Donald Rogers,Browning Inc,us-central
DR-254589,Jordan Roberts,Brown-Garcia,us-central
DR-229226,William Wade,Baldwin-Todd,us-central
DR-853239,Cameron Rose,Ward LLC,us-west
DR-128029,Timothy Kelly,"Clements, Lyons and Hughes",us-west
DR-559142,Dustin Evans,"Miller, Noble and Obrien",us-west
DR-638905,Eric Bernard,"Williams, Mcbride and Wong",us-west
DR-302450,Joseph Lopez,Carter Group,us-west
DR-537880,Bryan Rodriguez,Taylor Group,us-central
DR-835479,Travis Miller,Griffin PLC,us-central
DR-266290,Timothy Henry,"Jordan, Fitzpatrick and Richardson",us-west
DR-286096,Daniel Morrison,Harris-Bell,us-central
DR-895618,Levi Austin,"Lopez, Rice and Miller",us-central
DR-692028,Cameron Hall,Stephens-Smith,us-west
DR-427168,Jacqueline Ritter,"Romero, David and Graham",us-west
DR-416363,Timothy Jones,Klein-Wilson,us-west
DR-495789,Erin Acosta,"Russell, Crane and Benson",us-west
DR-574435,Courtney Garcia,"Escobar, Franklin and Davis",us-west
DR-706065,David Smith,"White, Alvarado and Sherman",us-west
DR-887470,Vincent Garcia,Burke-Johnson,us-west
DR-794109,Jennifer Floyd,Miller-Davis,us-central
DR-663515,Jennifer Mcbride,Keller-Johnson,us-central
DR-910661,Michelle Lopez,Vasquez-Cannon,us-west
DR-615739,Laura Miller,Hubbard-Richards,us-central
DR-695017,Cheryl Burnett,Martin-Kim,us-central
DR-106568,Hannah Williams,Pollard and Sons,us-central
DR-525892,Matthew Mills,Ware Ltd,us-central
DR-169925,Julie Davis,"Jones, Barnes and Jenkins",us-central
DR-954959,Benjamin Lopez,"Briggs, Mccann and Love",us-west
DR-959299,Samuel Snyder,"Anderson, Gomez and Gonzalez",us-west
DR-624297,Susan Foster,"Little, Watkins and Perez",us-central
DR-599755,Martha Macdonald,Johnson Group,us-central
DR-499762,Joseph Sutton,"Jones, Gonzalez and Boyd",us-central
DR-323278,Christopher Macias,"Owens, Cooper and Cannon",us-west
DR-783841,Katie Chandler,Davis Group,us-west
DR-704343,Danielle White,Shepherd Inc,us-central
DR-580937,Dana Jacobs,"Ortiz, Brown and Curry",us-west
DR-550034,Jose Price,Johnson Inc,us-central
DR-464749,Michelle Miller,Wallace and Sons,us-central
DR-948575,Tanya Quinn,Johnson Group,us-central
DR-250606,Kerry Lee,"Moore, Hernandez and Brooks",us-central
DR-552272,Patricia Walker,Howell Ltd,us-west
DR-624402,Michelle Burton,Gamble-Bartlett,us-central
DR-757007,Brandon Gomez,Wilkerson and Sons,us-west
DR-995487,David White,Mercado-Singleton,us-central
DR-117941,Michael Simon,Mitchell-Phelps,us-central
DR-521164,Wayne Padilla,Clayton LLC,us-west
DR-885529,David Thompson,Dougherty Ltd,us-west
DR-279031,Melanie Craig,Gonzalez Ltd,us-west
DR-915724,David Fuller PhD,Morgan Inc,us-west
DR-730133,Stacy Smith,West and Sons,us-central
DR-534918,Patricia Vasquez,Bryant Ltd,us-central
DR-824562,Allen Simpson,"Davis, Gonzalez and Hicks",us-west
DR-319563,Michelle Osborn,Castro-Cochran,us-west
DR-812371,Kevin Chavez,"Smith, Norris and Peters",us-west
DR-104482,Parker Scott,Williams-Allison,us-west
DR-306011,Virginia White,Jordan-Mcgrath,us-west
DR-642249,Tony Smith,Robinson Group,us-west
DR-543198,Austin Sutton,Howell-Shah,us-west
DR-937524,Jessica Torres,Morales Group,us-west
DR-392698,Jeffrey Flores,Molina-Black,us-west
DR-114142,Rebecca Walker,"Lee, Fletcher and Simon",us-west
DR-715807,Latoya Simmons,Smith-Fisher,us-central
DR-477015,Andrea Paul,Roberts PLC,us-west
DR-662974,Joseph Stephens,Gray-Fitzgerald,us-west
DR-699499,John Hughes,"Brown, Taylor and Mendoza",us-central
DR-510550,Anna Porter,Morris-Parker,us-west
DR-129677,Shelly Smith,Craig LLC,us-central
DR-519824,Elizabeth Price,"Williams, Herrera and Cook",us-west
DR-179520,Paul Edwards,Kirk LLC,us-west
DR-977096,Timothy Shaw,Johnson Group,us-west
DR-174990,Juan Flores,Greene-Duncan,us-west
DR-801431,Keith Vasquez,Robinson-Gibson,us-west
DR-724296,Monica Rowland,Cochran-Stafford,us-central
DR-178904,Charles James,Phillips-Wright,us-central
DR-854392,Alex Medina,"Graham, Rodriguez and Bell",us-central
DR-905762,Jennifer Watts,"Simmons, Wallace and Vasquez",us-west
DR-135455,Carolyn Baker,"Bullock, Grimes and Benson",us-central
DR-485465,Carolyn Dillon,"Gibbs, Thomas and Adkins",us-central
DR-821988,Sarah Kennedy,Richardson-Davis,us-west
DR-176043,Ashley Gordon,Powell-Orozco,us-central
DR-240222,Tiffany Tucker,Dunlap-Green,us-central
DR-248196,Steven Daniels,"Stone, Thompson and Williams",us-central
DR-808018,Pamela Bailey,Castillo-Miles,us-west
DR-674802,Melissa Freeman,Cervantes LLC,us-central
DR-159527,Sarah Grant,Aguilar Ltd,us-central
DR-479144,Nicole Gutierrez,Perkins and Sons,us-central
DR-168852,Lori Ward,"Brown, Watson and Sampson",us-central
DR-810248,Garrett Horton,"Davis, Mitchell and Burke",us-west
DR-804668,Angel Smith,Simpson-Young,us-central
DR-116375,Ashley Mills,Munoz-Lynch,us-central
DR-835197,Phyllis Delgado,Black Ltd,us-central
DR-448646,Jessica Haynes,Ingram Group,us-central
DR-596810,Andrew Williams,Green Inc,us-west
DR-904461,Robert Alvarez,Pena-Harmon,us-central
DR-549373,Jack Villa,"Elliott, Brown and White",us-west
DR-607144,Aaron Owens,Carlson Ltd,us-central
DR-787360,Sandra Gonzalez,Guzman-Gould,us-central
DR-625733,Alexandra Allison,"Dillon, Brown and Harris",us-west
DR-454547,David Davis,Logan PLC,us-central
DR-409336,David Yates,Chavez Inc,us-central
DR-522421,Karen King,Kirk-Murphy,us-west
DR-618514,Michael Murphy,"Morris, Powers and Gonzalez",us-west
DR-933244,Karen Thompson,"Webb, Hampton and Stewart",us-west
DR-609971,Raven Wagner,Martinez-Scott,us-central
DR-698707,Justin Cummings,Anderson Ltd,us-west
DR-272922,Sean Pena,"Taylor, Kirby and Johnson",us-west
DR-130402,Meghan Montoya,Stephenson-Williams,us-central
DR-931961,Tiffany Mann,"Odonnell, Davis and Hess",us-central
DR-732532,Eric Vaughn,"Avery, Caldwell and Spears",us-west
DR-147885,Stacey Boyle,Smith PLC,us-central
DR-485205,Frank Guerrero,Hernandez Group,us-west
DR-573052,Katherine Lopez,Bowman-Bates,us-central
DR-679990,Jessica Davis,Murray Ltd,us-west
DR-974286,Justin Christensen,Hines-Smith,us-central
DR-261833,Kevin Mitchell,Callahan and Sons,us-central
DR-992823,Sarah Schultz,Perez Inc,us-west
DR-104987,Taylor Skinner,Collins LLC,us-central
DR-611995,Brent Dennis,King LLC,us-central
DR-162465,Nicole Mccoy,Lopez Ltd,us-west
DR-899096,Nicole Hutchinson,Aguirre-Callahan,us-central
DR-345122,Steven Smith,Avila-Burns,us-west
DR-310944,Michael Preston,Weaver Inc,us-central
DR-693554,Ashley Clark,"Castillo, Martin and Rodriguez",us-west
DR-540247,Tony Quinn,Brewer Group,us-west
DR-353006,Christina Medina,George LLC,us-central
DR-390515,Christina Rollins,Anderson LLC,us-west
DR-354047,Anita Curtis,Williams-Smith,us-west
DR-317190,Derek Singh,Salazar-Murray,us-west
DR-133411,Brittany Smith,Vargas-Howard,us-west
DR-346095,Eduardo Gomez,Goodwin-Vargas,us-west
DR-686742,Travis Barajas,"Adams, Gonzales and Ryan",us-central
DR-479225,Andrea Bailey,Brown-Brown,us-central
DR-737680,Philip Garrett DDS,Abbott Inc,us-west
DR-939466,Jonathan Johnson,Byrd-Moreno,us-central
DR-386282,Jennifer Simon,Hays Group,us-central
DR-564275,John Rios PhD,Long LLC,us-west
DR-642611,Emma Lucas,"Curtis, Jackson and Moore",us-central
DR-888071,Kimberly Alexander,White Group,us-central
DR-686685,Brian Ramirez,Lewis Group,us-west
DR-306775,Rachel Henry,"Reynolds, Barrett and Ellison",us-central
DR-501734,Scott Norris,"Mccoy, Juarez and Ortiz",us-central
DR-574658,Maria Wise,"Small, Willis and Payne",us-central
DR-818031,Meghan Allen,Clark-Perez,us-west
DR-453075,Mackenzie Brown,"Jones, Kaufman and Johnson",us-west
DR-326279,Michael Saunders,"Rodriguez, Brock and Schmidt",us-central
DR-709937,Kristopher Castillo,"Larson, Castillo and Holden",us-central
DR-371207,Kathleen Figueroa,Andersen Ltd,us-west
DR-128227,Jennifer Flores,"Cole, White and Burnett",us-west
DR-139582,Lindsey Curry,Mueller-Morgan,us-central
DR-774942,Gregory Dunn,Dixon-Hayes,us-west
DR-442683,Rachel Robles,"Porter, Molina and Simmons",us-west
DR-683668,Tina Farmer,"Montgomery, Vasquez and Davis",us-central
DR-196465,Alexis Hawkins,Long-Morgan,us-central
DR-856052,Laura Solis,Hicks PLC,us-west
DR-287136,Philip Sweeney,Jenkins Group,us-west
DR-478691,Angela Parks,James PLC,us-central
DR-301513,Cynthia Collins,Cervantes LLC,us-central
DR-601027,Michael Powell,"Watkins, Rodriguez and Reese",us-central
DR-274865,Matthew Reynolds,"Green, Wilson and Hansen",us-central
DR-346389,Jeremy Ward,Ponce-Abbott,us-central
DR-725514,Ronald Hernandez,"Rosario, Holmes and Russell",us-west
DR-406404,Terrence Lee,"Webb, Contreras and Jones",us-west
DR-769718,Zachary Dalton,Harris Inc,us-west
DR-897786,Kendra Miller,Fuller-Davies,us-west
DR-935585,Kari Wilson,Hines Ltd,us-west
DR-953416,Tyler Baird,Lopez Inc,us-central
DR-483214,Dennis Pittman,Cooley-Evans,us-central
DR-414974,Carrie Frey,Walton-Newton,us-central
DR-785208,Jessica Reyes MD,Olson-Salas,us-west
DR-703315,Frank Ramirez,"Walker, Evans and Wood",us-central
DR-371326,Joel Ortega,Barnes Group,us-central
DR-937164,Travis Brown,Case Group,us-central
DR-974892,Jeffrey Welch,"Johnson, Gregory and Evans",us-west
DR-836378,Kirk Barnes,"Willis, Hamilton and Leonard",us-west
DR-928081,Nicole Wolfe,"Willis, Dixon and Armstrong",us-west
DR-960021,James Rodriguez,Gibson-Mendoza,us-west
DR-340336,Kevin Diaz,"Morse, Hernandez and Love",us-central
DR-978808,Patty Ferguson,Rodgers Inc,us-west
DR-376878,Crystal Lopez,Scott-Jordan,us-west
DR-365926,Brandy Hickman,Lee-Buckley,us-west
DR-459742,Peter Hurst,Alexander Inc,us-west
DR-691141,Kevin Cantrell,Torres-Roberts,us-west
DR-261788,John Ingram,"Grimes, Mitchell and Patrick",us-west
DR-523225,Darren Mullins,"Obrien, Khan and Harper",us-west
DR-420619,Kayla Hanson,Kemp and Sons,us-west
DR-151875,Valerie Medina,Rhodes Ltd,us-west
DR-204351,Jeffery Taylor,Keller Ltd,us-central
DR-792747,Hannah Wallace,Clay-Lucero,us-west
DR-870589,Ashley Shaw,Morris-Anderson,us-west
DR-993243,Megan Blake,Harris-Ross,us-west
DR-776782,Anthony Watson,Cooper and Sons,us-west
DR-957602,Amanda Castillo,Palmer PLC,us-west
DR-896310,Lauren Miller,Scott Inc,us-west
DR-571115,Jordan Bailey,Daniels PLC,us-central
DR-689511,Jennifer Castillo,Lara-Valencia,us-central
DR-898284,Matthew Hughes,Krueger and Sons,us-west
DR-540896,Jessica Stewart,Hayes-Simpson,us-central
DR-959440,Steven Gutierrez,"Ward, Doyle and Mann",us-west
DR-438402,Kaylee Carpenter,Price Ltd,us-central
DR-843227,Caleb Kirby,Walker PLC,us-west
DR-169897,Jerry Morgan,Turner-Miller,us-west
DR-126617,Amy Reid,"Cohen, Mays and Burnett",us-west
DR-420782,Jennifer Barrett,Hall-Ingram,us-west
DR-212999,William Bell,"Cox, Collins and Cruz",us-central
DR-659958,Stephen Vaughan,Williamson-Harrison,us-central
DR-745359,Christine Bishop,"Smith, Mckenzie and Odonnell",us-west
DR-621577,Matthew Benton,Lopez PLC,us-west
DR-409874,Joshua Thompson,"Alvarez, Miller and Smith",us-central
DR-573807,Vanessa Stout,Mccarthy-Johnson,us-west
DR-219877,Crystal Evans,"Torres, Edwards and Baker",us-west
DR-302075,Stacey Turner,"Chavez, Morgan and Jimenez",us-central
DR-195048,Christian Harding,"Williamson, Freeman and Willis",us-central
DR-772939,Natalie Randall,Hayes-Hodges,us-west
DR-337962,Daniel Glenn,Reynolds Ltd,us-central
DR-723486,Eric Moore,Ortega-Ramos,us-west
DR-359486,Caleb Webb,"Sharp, Reyes and Anderson",us-central
DR-144737,Mr. David Salazar,Delacruz Ltd,us-central
DR-523286,Julie Cervantes,Brown-Parker,us-west
DR-427371,Ashley Schwartz,"Cole, Bolton and Garcia",us-central
DR-752652,Anthony Freeman,Martinez-Fox,us-west
DR-680605,James Simmons,Baker-Paul,us-west
DR-671520,Kevin Smith,Neal Ltd,us-west
DR-246210,Sean Hogan,"Smith, Strong and Smith",us-central
DR-925149,Frank Anderson,"Odom, Alexander and Pham",us-central
DR-749632,Marisa Gutierrez,Hahn and Sons,us-central
DR-788611,Jackson Bautista,Kane and Sons,us-west
DR-922225,Tammy Craig,Smith Ltd,us-west
DR-301956,Blake Mitchell,"Gutierrez, Mcgrath and Chavez",us-west
DR-705821,Karen Chaney,"Miller, Moore and Cochran",us-central
DR-356498,Peter Edwards,Davis-Rogers,us-central
DR-192454,John Holland,Fitzpatrick Inc,us-west
DR-385968,Nicole Roberts,"Simpson, Beck and Henry",us-west
DR-458127,Kimberly Miller,Gomez-Garcia,us-central
DR-814202,Earl Ellis,Martin-Smith,us-west
DR-778008,Andrew May,Edwards Group,us-central
DR-841610,Lisa Garrett,Ward Group,us-west
DR-801369,Linda Morris,Farmer Group,us-central
DR-406327,Stephen Bell,Taylor-Ross,us-central
DR-181341,Kayla Colon,Guerra-Pena,us-central
DR-188109,Stephen Thomas,"Howard, Clark and Morse",us-central
DR-802434,Brittany Burgess,"Preston, Lindsey and Smith",us-west
DR-263845,Bethany Wyatt,Torres-Brooks,us-west
DR-758311,Maria Bishop,"Edwards, King and Hall",us-west
DR-199000,Christine Ramirez,Martin-Ramos,us-central
DR-218716,Anthony Rocha,Hill and Sons,us-west
DR-621213,Kathleen Carpenter,Turner-Williams,us-central
DR-307494,Ashley Lopez,Munoz Ltd,us-central
DR-901783,Chelsey Smith,Johnson-Wilkins,us-west
DR-394497,William Kelly,Shepard-Tanner,us-central
DR-369995,Jillian Hunt,Mclean LLC,us-west
DR-833805,Michele Drake,"Miles, Jackson and Day",us-central
DR-794544,Austin Maxwell,"Diaz, Lawrence and Williams",us-central
DR-939676,Cameron Wood,George-Reynolds,us-west
DR-535238,Nicholas Jordan,Bailey LLC,us-west
DR-859407,Michael Mercer,Ingram Inc,us-central
DR-406496,Dustin Adams,"Sanders, House and Robinson",us-west
DR-645379,Jonathan Morales,"Koch, Williams and Cabrera",us-west
DR-880653,Tiffany Meadows,Brooks Group,us-west
DR-266844,Dawn Le,Rosales PLC,us-west
DR-622934,Michelle Ross,"Hardin, Anderson and Bell",us-west
DR-314871,Ronald Miller,Garcia-Casey,us-west
DR-940689,Michael Foley,Rogers-Kent,us-central
DR-385037,Juan Ayers,Schroeder Group,us-central
DR-514519,Amy Lucas,Flores-Sanchez,us-west
DR-542203,David Harris,Lee-Davis,us-west
DR-672145,Dennis Medina,Fields-Dixon,us-west
DR-927219,Oscar Dodson,"Montes, Jones and Spence",us-west
DR-365859,Erika Peterson,Bailey-Aguirre,us-west
DR-402494,Parker Mcgrath,"Robinson, Waters and Howard",us-central
DR-268969,Amy Johnson,Mason-Miller,us-central
DR-374290,Beth Crawford,"Walker, Saunders and Jackson",us-central
DR-668691,Samantha Pearson,"Richmond, Nguyen and White",us-central
DR-621011,Margaret Reed,Obrien-Brewer,us-west
DR-419912,Maria Chapman,"Lewis, Robinson and Long",us-central
DR-234465,Justin Curtis,"Wilson, Larson and Ward",us-central
DR-472080,Stephen Hall,"Reed, Henderson and Herman",us-west
DR-752771,Elizabeth Chapman,Weaver-Ruiz,us-central
DR-274047,Alicia Hopkins,Cooper Inc,us-west
DR-420072,Stephanie Stewart,Sherman LLC,us-west
DR-553830,Ethan Ryan,"Conley, Lopez and Fisher",us-west
DR-529220,Jennifer Tate,Schwartz PLC,us-central
DR-130771,Aaron Harvey,Washington and Sons,us-central
DR-100238,Michael Clay,Waters LLC,us-central
DR-684637,Joyce Frederick,Nolan-Fowler,us-central
DR-218953,Alexis King,"Williams, Alvarez and Taylor",us-west
DR-204311,Jacob Ingram,"Stout, Lee and Robinson",us-west
DR-560658,Robert Villarreal,Gutierrez Group,us-central
DR-158638,Nicholas Peters,"Hughes, Garcia and Jackson",us-central
DR-562584,David Williams,"Duncan, Garcia and Warner",us-central
DR-789803,Jonathan Burke,"Beck, Davis and Duncan",us-central
DR-286477,Lisa Sandoval,Phillips Ltd,us-west
DR-134814,Carrie Weaver,Taylor LLC,us-west
DR-954471,Samantha Brown,"Benjamin, Lee and Lopez",us-west
DR-912514,Kristy Nichols,"Waller, Roy and Wong",us-central
DR-196056,Anthony Smith,"Garza, Gibbs and Davies",us-central
DR-635336,Jamie Mckinney,"Hernandez, Thompson and Rivera",us-central
DR-699873,Leslie Mercer,"Hall, Perez and Lewis",us-central
DR-277292,Joel Tyler,Lopez and Sons,us-west
DR-382055,Jean Jackson PhD,Smith-Jones,us-west
DR-200986,Christopher Yates,Harris Inc,us-central
DR-328955,Wanda Schneider,Duncan-Brown,us-central
DR-681044,Adam Alvarez,"Willis, Campbell and Romero",us-central
DR-714712,Annette Jackson,"Mccarthy, King and King",us-central
DR-198462,James Jones,Johnson Ltd,us-west
DR-382122,Amy Smith,Brown Inc,us-west
DR-968908,Christopher Williams,Edwards-Werner,us-west
DR-273587,Wendy Wiggins,Stuart-Baker,us-west
DR-686333,Darlene Hernandez,"Eaton, Parker and Nguyen",us-central
DR-263176,Sandra Galvan,Lynch-Moore,us-central
DR-437640,Russell Mcclure,"Hayes, Gutierrez and Salazar",us-central
DR-906548,Beth Hayes,Turner-Mcdonald,us-west
DR-213419,Angela Howard,Aguilar-Henderson,us-west
DR-698407,James Garcia,"Little, Austin and Cooke",us-central
DR-479226,Michael Reyes,"Tucker, Nguyen and Wilson",us-west
DR-359876,Jason Ray,"Garrett, Mayer and Cannon",us-west
DR-190645,Susan Curry,Stewart-Hill,us-west
DR-255059,Mrs. Monique Cabrera,"Paul, Sanchez and Ho",us-west
DR-827487,Thomas Smith,Willis-Carson,us-central
DR-556246,Brandon Walker,Bryant Group,us-west
DR-467403,Jordan Johnson,Baker Inc,us-west
DR-628534,Nathan Stark,"Weber, Campbell and Stevens",us-west
DR-643688,Michael Olsen,"Drake, Macdonald and Miller",us-central
DR-207855,William Wade,Kim Group,us-west
DR-604016,Anne Duran,Rollins-Reyes,us-central
DR-898944,Shane Herrera,"Thomas, Jones and Hahn",us-central
DR-772343,Jason Scott,"Thompson, Berger and Steele",us-central
DR-134029,Deborah Robles,Thomas PLC,us-central
DR-133163,Reginald Bell,Moody and Sons,us-central
DR-533167,Jane Anderson,Johnson-Orr,us-central
DR-325631,Christian White,Wilson PLC,us-west
DR-631072,Tracy Hood,Clark-Simon,us-west
DR-550021,Mark Kramer,Garcia-Harrison,us-west
DR-730159,Jacob Butler,"Mack, Brown and Faulkner",us-central
DR-818477,Penny Brooks,Morrow-Parks,us-central
DR-435967,Chad Lee,Moore LLC,us-west
DR-114914,Cameron Lucero,Brandt-Ortiz,us-central
DR-338363,David Hansen,Wyatt and Sons,us-west
DR-528746,Amber Jackson,Kennedy-Riddle,us-central
DR-216902,Danielle Rodriguez,Waters LLC,us-central
DR-590725,John Ortega,Logan Ltd,us-west
DR-534972,Eric Gentry,Delacruz-Ramirez,us-west
DR-688682,Brady Horton,Hendrix PLC,us-central
DR-498420,Brian Logan,Wolfe Ltd,us-west
DR-172652,Joseph Keith,Sutton PLC,us-central
DR-409655,Lisa Morales,Gardner-George,us-central
DR-886859,Michelle Nelson,"Allen, Johnson and Little",us-west
DR-710128,Jonathan Hughes,Ramos LLC,us-central
DR-691592,Lawrence Butler,Walker Ltd,us-west
DR-374823,Shannon Hughes,"Crane, Brown and Mann",us-central
DR-222082,Jennifer Proctor,Hayes-Cabrera,us-central
DR-649458,Krystal Meadows,"Pennington, Davis and Mooney",us-west
DR-812006,Michael Olson,Rogers and Sons,us-west
DR-319329,Brittany Turner,"Gonzalez, Simon and Woodward",us-central
DR-530058,Maria Bartlett,Ochoa-Montgomery,us-west
DR-453108,Erin Miles,"George, Marsh and Allen",us-west
DR-708214,Dustin Johnson,Nelson Inc,us-central
DR-902833,Taylor Estrada,Hill LLC,us-central
DR-352227,Roger Mccoy,Lucas LLC,us-west
DR-522548,Sheila Franco,"Henson, Gutierrez and Ritter",us-central
DR-992951,Daniel Williams,Ramirez Inc,us-central
DR-438705,Dennis Salazar,Phillips-Contreras,us-central
DR-493033,Frank Brown,"Mcdonald, Morse and Ellis",us-central
DR-998190,Judy Russell,"Pacheco, Lin and Bowen",us-west
DR-672591,Mary Castillo,Flores-Daniel,us-west
DR-666468,Ray Bailey,"Patrick, Smith and Scott",us-central
DR-893604,Justin Green,"Wright, Matthews and Simpson",us-central
DR-128866,Derek Melton,"Thompson, Griffith and Brown",us-west
DR-181368,Rebecca Murphy,Moody PLC,us-west
DR-499229,Brooke Smith,Mack Group,us-west
DR-618969,Matthew Gonzalez,Reyes-Decker,us-central
DR-419532,Angela Cox,Davis-Marsh,us-central
DR-575813,Emily Johnston,Lang Inc,us-west
DR-818950,Lindsey Collins,Ross PLC,us-west
DR-949024,Cheyenne Mccormick,Byrd Inc,us-central
DR-153693,Matthew Dunn,Rangel-Estrada,us-west
DR-216116,Jessica Jones,Perry-Khan,us-central
DR-143509,James Atkinson,Baker-Day,us-west
DR-959310,Mr. Michael Baker,"Garcia, Davis and Knight",us-west
DR-863108,Troy Montes,Reed-Myers,us-central
DR-468253,Faith Curry,"Ramirez, Thomas and Lynch",us-central
DR-281114,Adriana Yates,"Alexander, Lee and Owen",us-central
DR-138881,Robert Baker,Salazar-Owens,us-west
DR-282453,Jesse Wilson Jr.,Kramer-Cuevas,us-central
DR-677797,Jon Jones,Herrera Ltd,us-central
DR-645825,Summer Sutton,Vaughn Ltd,us-central
DR-489709,Robert Patterson,"Ramirez, Stout and Coleman",us-west
DR-427499,Tammy Buck,Mitchell and Sons,us-west
DR-783218,Teresa Munoz,"Krause, Hunter and Brown",us-west
DR-202597,Paul Fowler,Allen PLC,us-central
DR-790026,David Brooks,"Gonzalez, Scott and Ross",us-west
DR-945608,Erica Harris,Johnson Group,us-west
DR-499932,Rebecca Hendricks,"Stewart, Willis and Washington",us-central
DR-618670,Sandra Jones,"Sanders, Edwards and Miller",us-central
DR-434324,Shawn Glenn,"Hansen, Welch and Whitehead",us-central
DR-533516,Dorothy Gray,Williams-Best,us-central
DR-389285,Jessica Warren,Sellers Ltd,us-west
DR-598958,Charlene Howard,Cline-Richardson,us-west
DR-745158,Karen Johnson,Jones-Carter,us-central
DR-393749,Angela Diaz,Sanchez Ltd,us-west
DR-342116,Kristen Roberts,Williams-Martin,us-west
DR-692880,Steven Leach,Barker and Sons,us-west
DR-569190,Lisa Russell,Chambers-Sims,us-central
DR-504332,Ronald Thompson,"Jackson, Marsh and Montgomery",us-west
DR-447951,Brenda Hahn,Frazier LLC,us-central
DR-842250,Cindy Lambert,Perez-Mcknight,us-west
DR-454687,Kyle Zamora,"Frazier, Patel and Harper",us-west
DR-238384,Christina Hardy,Cox-Thomas,us-west
DR-577685,Brent Patterson,Villegas Inc,us-west
DR-530738,Sheri Jimenez,"Rodriguez, Peterson and Vazquez",us-central
DR-736510,Joseph Chapman,Cameron PLC,us-west
DR-770789,Olivia King,Jackson-Sharp,us-central
DR-166294,Jeremy Simon,"Mccarthy, Stone and Roberson",us-west
DR-518332,Calvin Lopez,"Bautista, Harris and Johnson",us-central
DR-850580,Wendy Johnson,Robinson Group,us-central
DR-825142,Samantha James,"White, Page and Kramer",us-west
DR-588608,Timothy Callahan,Obrien-Barber,us-west
DR-259245,Jared Knight,Torres and Sons,us-west
DR-756599,Frank Washington,"Kirby, Roberts and Boyd",us-central
DR-291633,Anthony Jones,"Miller, Reyes and Henderson",us-west
DR-751775,Abigail Joseph,"Diaz, Ryan and Fuller",us-central
DR-579669,Sean Murphy,Lawrence-Ross,us-west
DR-634417,Sara George,"Medina, Smith and Landry",us-central
DR-272847,Dr. Carol Doyle,Hill-Sutton,us-central
DR-110415,Sheryl Robinson,"Stephens, Poole and Lyons",us-west
DR-382645,Jonathon Davis,"Payne, Johnson and Williams",us-west
DR-359051,Brandon Hampton,"Smith, Nelson and Pittman",us-central
DR-442594,Pamela Moore DDS,Brooks Group,us-west
DR-697102,Natalie Landry,"Melton, Ortega and Davis",us-central
DR-653016,Sarah Wilson,Glass-Collins,us-central
DR-590382,Charles Holmes,Sanders Group,us-west
DR-181375,Sandra Gibbs,Fernandez Ltd,us-west
DR-460889,Derrick Flores,Allen-Rhodes,us-west
DR-425634,Brad Williams,Pratt-Roberts,us-west
DR-378849,Derek Hoffman,Atkinson Inc,us-central
DR-993663,Amanda Gentry,Harrington PLC,us-west
DR-798432,Mark Salazar,"Parker, Jackson and Underwood",us-west
DR-697769,Dr. Samantha Thompson MD,Adams-Kline,us-central
DR-333263,Michael Mcdonald,"Frederick, Brock and Fernandez",us-west
DR-122600,Dawn Robinson,"Brown, Estrada and Gonzalez",us-west
DR-833291,Justin Johnson,"Meyer, Bruce and Riley",us-west
DR-629479,Alicia Hayes,Hunter-Lewis,us-west
DR-304604,Erik Barton,"Kerr, Price and Smith",us-central
DR-486222,Mary Bowen,Baker PLC,us-central
DR-155270,Kelly Montoya,West-Green,us-west
DR-365110,Thomas Foster,Stanley-Allen,us-central
DR-629249,Sarah Collins,"Simon, Cruz and Carter",us-west
DR-933372,Mr. Caleb Hansen,Jensen-Roman,us-west
DR-250699,Margaret Chapman,Wagner and Sons,us-west
DR-354422,Rodney Jones,"Arias, Leblanc and Hardy",us-central
DR-845154,Stephen Jackson,Kirby-Davis,us-west
DR-442027,Mark Fischer,"Werner, Mata and Herrera",us-central
DR-864491,Mr. Zachary Francis,Wilson LLC,us-central
DR-716731,Dana Gutierrez,Long-Walker,us-west
DR-175942,Christina Mcpherson,Wilkins Ltd,us-west
DR-307002,Mrs. Linda Cantu,Wilcox Inc,us-west
DR-348898,Leah Marshall,French-Paul,us-central
DR-473328,Sharon Gonzalez,Rodriguez PLC,us-west
DR-803067,Kristy Woods,Lawrence Group,us-central
DR-536755,Misty Gibson,Malone PLC,us-west
DR-947759,Judy Haley,"Mckinney, White and Baker",us-central
DR-451898,James Aguirre,Payne-Smith,us-west
DR-141955,Matthew Dixon,Taylor PLC,us-central
DR-808325,Larry Lane,"Smith, Hernandez and Henry",us-west
DR-137160,Virginia Mcclure,Perez-Walsh,us-central
DR-380542,Rodney Miller,Keller-Stark,us-central
DR-241316,John Harrison,"Smith, Wood and Phillips",us-central
DR-811274,Jessica Davis,Dominguez-Hill,us-west
DR-946616,Wayne Decker,Morgan LLC,us-west
DR-536360,Valerie Chandler,Mcclain-Kennedy,us-central
DR-596474,Timothy Shepard,Powell-Green,us-central
DR-243747,Jeremy Goodman,"Lopez, Mooney and Brown",us-west
DR-480968,Jessica Silva,Nguyen-Moon,us-central
DR-791934,Justin Schaefer,Johnson LLC,us-central
DR-568873,Christopher Davis,"Fisher, Gray and Herman",us-central
DR-253333,Michelle White,Davis PLC,us-central
DR-644552,Bryan Haley,West-Daniels,us-west
DR-630225,Andrea Bates,Wyatt-Rios,us-west
DR-285382,Emily Ramirez,Blankenship LLC,us-central
DR-929006,Anthony Castillo,Burgess LLC,us-central
DR-702941,Patrick Jackson,Freeman Inc,us-central
DR-929412,Nicholas Jacobson,"Johnson, Wright and Perry",us-west
DR-621502,Dr. Samantha Martinez,Cook Inc,us-central
DR-383888,Mario Brown,Barrera-Ross,us-west
DR-296567,Stephanie Edwards MD,Weber-Herrera,us-west
DR-626517,Joel Jones,"Jennings, Reyes and Guzman",us-central
DR-728415,Jennifer Espinoza,Hill-Rodgers,us-west
DR-972943,Steven Wallace,Williams LLC,us-west
DR-726191,Sharon Adams,Mcconnell Inc,us-west
DR-357182,Nicole Nguyen,"Simon, Freeman and Evans",us-central
DR-470666,Gavin Williams,Nunez-Becker,us-central
DR-517479,John White,"Rice, Lane and Perry",us-central
DR-366640,Shannon Hernandez,"Hayes, Stokes and Rogers",us-central
DR-819121,Tina Jones,Love LLC,us-west
DR-520106,Victoria Warner,Johnson-Sanders,us-central
DR-110467,Ian Cochran,Reese LLC,us-central
DR-179645,Dominique Mueller,Mata-Wilcox,us-central
DR-550145,Christina Miller,Elliott and Sons,us-west
DR-231072,John Adams,Alvarado-Smith,us-west
DR-894081,David Green,Colon-James,us-central
DR-620447,Wesley Weber,Hensley-Carpenter,us-west
DR-297630,Michael Flores,Fleming-Larson,us-west
DR-952688,Rachel Marshall,Perez Inc,us-west
DR-690089,Dustin Howell,"Edwards, Cantu and Ortiz",us-central
DR-678761,Misty Calhoun,"Hartman, Craig and Roberts",us-central
DR-412819,Sierra Haynes MD,"Jones, Perkins and Brown",us-west
DR-133854,Patrick Dodson,Anderson LLC,us-west
DR-436831,Julie Pearson,Smith-Harris,us-west
DR-915525,Karina Greene,Davis Inc,us-west
DR-665027,Jaime Hall,Moore-Garcia,us-west
DR-804050,Joshua Lewis,Harrison-Mckenzie,us-west
DR-171492,Christine Swanson,Vance-David,us-central
DR-981656,Anthony Jimenez,"Flynn, Rivera and Myers",us-west
DR-302646,Erin Brown,"Lamb, Hays and Chapman",us-central
DR-794293,Michael Johnston,Edwards-Hutchinson,us-central
DR-665446,David Moore,Griffith-Williams,us-central
DR-510195,James Durham,"Mueller, Murphy and Moran",us-central
DR-890025,Brandon Young,Mendoza-Garcia,us-central
DR-962743,Patrick Wilson,Roberts Group,us-west
DR-320177,Patricia Campbell,Ford-Stephens,us-central
DR-426524,Michael Swanson,Miles PLC,us-west
DR-645864,Alicia Price,"Hernandez, Richardson and Proctor",us-west
DR-741123,Kelly Blair,Maldonado PLC,us-central
DR-921672,Lisa Cooper,"Mcknight, Gray and Adams",us-central
DR-568882,Eric Roberts,"Sosa, Norris and Walker",us-west
DR-156809,Rachel Jennings,"Grant, Williams and Lewis",us-west
DR-732165,Mitchell Alvarez,Salazar PLC,us-west
DR-806726,Sherry Carney,"Garcia, Hogan and White",us-west
DR-493416,Denise Perez,"Schmidt, Zimmerman and Cameron",us-west
DR-660319,Grant Cook,"Butler, Braun and Morris",us-central
DR-380046,Benjamin Leon,Webb Inc,us-central
DR-818368,Brandon Lee,"Watson, Mayer and Nichols",us-central
DR-747871,John Vincent,"Cardenas, Carlson and Daugherty",us-central
DR-559843,Kathryn Black MD,"Erickson, Wilson and Allison",us-west
DR-162376,Dr. Taylor Baker DDS,French-Morales,us-central
DR-544092,Daniel Jackson,Roberts-Copeland,us-west
DR-590094,Gerald Booth,Johnson LLC,us-west
DR-337841,Keith Hart,Nelson LLC,us-central
DR-349815,Natalie Goodman,"Bell, Burke and Brown",us-west
DR-625945,Krista Zuniga,Williams LLC,us-central
DR-944504,Brandon Krause,"Hanna, Tapia and Morse",us-central
DR-578981,Alejandro Alvarez,"Preston, Smith and Romero",us-west
DR-716102,Julie Wilcox,Rodriguez Inc,us-west
DR-336738,Jay Martinez,Santos-Hall,us-west
DR-581831,Sean Andrews,Lynn-Blair,us-central
DR-249186,Robert Lopez,Scott-Long,us-west
DR-797107,Peter Callahan,"Jackson, Clark and Miller",us-west
DR-416151,Laura Montgomery,"Hogan, Wallace and Gordon",us-central
DR-673672,Ashley Raymond,"Anderson, Cummings and Miller",us-west
DR-377514,Heather Carpenter,Nelson-Finley,us-west
DR-169302,Eric Barton,Reynolds Group,us-central
DR-554442,Jason Smith,Hernandez-Rose,us-central
DR-298683,Bryan Webster,"Acosta, Cuevas and Campbell",us-central
DR-552603,Kyle Cervantes,Davis and Sons,us-west
DR-346963,Allen Roberts,Rosales Group,us-west
DR-294031,Susan Scott,"Shah, Hernandez and Yoder",us-west
DR-451413,Charles Fuller,"Navarro, Morgan and Horn",us-central
DR-674101,Christopher Alexander,Howe Ltd,us-west
DR-100038,Jack Martinez,Leonard Group,us-central
DR-841786,Linda Smith,"Gray, Randall and Miller",us-central
DR-557107,Scott Dawson,Foster LLC,us-west
DR-984667,Mrs. Amanda Aguirre MD,Parker Group,us-west
DR-372867,Monica Anderson,Jones-Ryan,us-central
DR-221613,Timothy West MD,Holmes-Hernandez,us-west
DR-879980,Phillip Brown,"Gray, Evans and Newman",us-west
DR-565999,Anthony Ballard,Wilson-Russell,us-west
DR-668819,Rachel Gentry,Anderson Inc,us-central
DR-816565,Shelby Smith,Alvarez-Nguyen,us-west
DR-158044,Melissa Reilly,"Wagner, Wilson and Michael",us-central
DR-670208,Richard Jenkins,Robertson Group,us-west
DR-687031,Sarah Valdez,Porter-Edwards,us-west
DR-664586,Trevor Kennedy,"Mcknight, Ellis and Castro",us-central
DR-349649,Amanda Henry,Williams-Gutierrez,us-west
DR-226053,Mark Hernandez,Spencer PLC,us-west
DR-160394,William Miller,Mitchell LLC,us-central
DR-281406,Michael Perry,"Ross, Francis and Harris",us-west
DR-513728,Alex Smith,"Shepard, Robbins and Lewis",us-west
DR-204283,Vincent Clarke,Boyle-Campbell,us-central
DR-204918,Michael Richards,"Morris, Crosby and Hopkins",us-west
DR-589261,Gary Long,Hudson-Morrow,us-west
DR-860974,Kenneth Gillespie,"Williams, Cross and Grimes",us-central
DR-252667,Jason Martinez,Chen-Lopez,us-central
DR-642573,Teresa Powell,Watts-Galloway,us-west
DR-556299,Abigail Fleming,Long-Mccarty,us-central
DR-393419,Brad Mayer PhD,Robinson Ltd,us-west
DR-460473,Jennifer Cunningham,Johnson-Li,us-central
DR-688002,Samantha Crawford,"Scott, Tate and Flores",us-west
DR-908269,Mitchell Lewis,Wilson-Bradley,us-west
DR-288726,William Fischer,Rollins LLC,us-central
DR-993598,Sandra Brady,"Nelson, Moore and Miller",us-west
DR-196331,Scott Thomas,Clarke and Sons,us-west
DR-591041,Linda Ray,Murphy-Bryan,us-central
DR-966039,Ross Rodriguez,Mccullough-Ramos,us-central
DR-553738,Ronnie Flowers,"Flynn, Brown and Harris",us-west
DR-466902,Diane Owens,Murillo and Sons,us-central
DR-302091,Amy Wilson,Adams Inc,us-west
DR-275397,Maria Williams,Williams-Rocha,us-central
DR-624698,Mindy Turner,"Erickson, Carter and Roman",us-central
DR-736152,Benjamin Dixon,"Daniels, Galloway and Bishop",us-central
DR-229148,Dustin Hall,Shaffer PLC,us-west
DR-892998,Tanya Henry,Scott-Cook,us-west
DR-695118,Stacy Bryant,"Stewart, Rodriguez and Mitchell",us-central
DR-617322,Charles Cochran,Paul-Vasquez,us-central
DR-212859,Jamie Mccoy,"Castro, Cooper and Harris",us-central
DR-900717,David Fletcher,"Tran, Pierce and Martinez",us-central
DR-996369,Justin Martin,Evans Inc,us-west
DR-906986,Michele Woods,Wright-Hogan,us-central
DR-116990,Kristopher Dunn,Smith-Williamson,us-central
DR-204411,Melissa Owens,Webb Ltd,us-central
DR-914154,Alejandro Singleton,Davila PLC,us-west
DR-260940,Nicole Yang,Smith Inc,us-west
DR-698293,Marvin Cohen,Reynolds Ltd,us-west
DR-482088,Deborah Taylor,Davis PLC,us-west
DR-477318,Ricardo Obrien,"Coffey, Meyer and Jenkins",us-west
DR-221576,Mark Lloyd,"David, Simmons and Clark",us-west
DR-637607,Vickie Gallegos,"Castillo, Gilbert and Liu",us-west
DR-156752,Stephen Weber,Mccarty PLC,us-west
DR-569776,Craig Ballard,Taylor-Graves,us-west
DR-743228,Michael Reeves,Solis-Galvan,us-central
DR-864105,Annette Ryan,Cook-Robinson,us-west
DR-304059,Cassidy Adkins,Wall-Campbell,us-central
DR-185254,Mr. Jonathan Myers,"Colon, Brown and Jones",us-west
DR-667907,Robert Mcdonald,Cook-Hicks,us-west
DR-701614,Mr. Jason Erickson,"Fletcher, Gutierrez and Schultz",us-west
DR-256158,Sheri Davis,Hernandez LLC,us-west
DR-721318,Ricky Brown,Fisher PLC,us-central
DR-345398,Kimberly Townsend,Houston-Perez,us-west
DR-518601,Dr. Brittany Terrell,Lewis LLC,us-west
DR-910415,Joseph Hall,Zimmerman-Cook,us-west
DR-728418,Brianna Young,Simpson-Flores,us-west
DR-512807,Kenneth Brown,Blanchard LLC,us-west
DR-469203,Tracy Gross,Pittman-Ellis,us-west
DR-267773,Paul Lawrence Jr.,Smith-Hamilton,us-west
DR-719006,Rachel Hayes,Graham-Johnson,us-west
DR-448942,Lisa Gould,Vasquez-Tyler,us-west
DR-150294,Stephen Walker,"Reeves, Garcia and Russo",us-central
DR-118331,Andrea Atkins,Allison and Sons,us-west
DR-308698,Robert Miller,"Kelly, Cole and Carter",us-west
DR-247427,Alicia Perez MD,Brown-Carter,us-west
DR-383055,Henry Ferguson,Wise Ltd,us-west
DR-334392,Rebecca White,"Martin, Butler and Sanchez",us-central
DR-814661,Wendy Little,Hansen PLC,us-central
DR-335756,Justin Carr,Carroll-Hernandez,us-central
DR-614852,Joyce Hinton,Henry-Stevens,us-central
DR-558022,Ashley Williams,"Miller, Berry and Morgan",us-west
DR-590753,Jay Hart,"Hall, Jenkins and Best",us-central
DR-935775,Ronald Murphy,Wilcox-Norris,us-central
DR-661521,Rachel Bennett,"Thomas, Gonzalez and Shaw",us-west
DR-342778,Charles Rivers,Brady-Jackson,us-central
DR-653375,Ryan Cole,Rice-Chen,us-west
DR-952506,David Villa,Pennington-Carson,us-central
DR-400381,Robert Flowers,"Martinez, Burton and Scott",us-central
DR-471323,David Moreno DDS,"Rice, Ford and Meadows",us-west
DR-307345,James Bean,Hansen-Bonilla,us-west
DR-473314,Christine Garcia,Douglas PLC,us-central
DR-225572,Kristopher Chapman,"Fisher, Mcintosh and Reynolds",us-west
DR-265667,Alexander Olson,"Bell, Perez and Dunn",us-central
DR-920882,Erica Sanchez,Richardson-Ware,us-central
DR-326387,James Trevino,Duncan and Sons,us-central
DR-147455,Ronald Martinez,Johnson PLC,us-central
DR-803405,William Leonard,Middleton and Sons,us-central
DR-820486,Stacey Mccormick,Holt-Riley,us-central
DR-531323,James Hubbard,Morrison-Collins,us-west
DR-245688,Margaret Drake,Henderson-Blake,us-west
DR-469239,Walter Long,Porter-Brown,us-west
DR-468336,Lauren Douglas,Santiago-Jimenez,us-central
DR-811892,Dylan Allen,"Guzman, Davis and Bowman",us-central
DR-523194,Richard Carroll,"Jimenez, Casey and Allen",us-west
DR-549095,Adrian Franklin,Foster-Watson,us-central
DR-735154,Terry Larson,"Hicks, Lara and Dawson",us-west
DR-849586,Barbara Aguilar,Perez Ltd,us-west
DR-672724,Paula Santos,"Smith, Andersen and Villa",us-west
DR-539251,Sara Smith,Trevino-Cohen,us-central
DR-653680,Carl Francis,Vasquez-Oconnor,us-central
DR-724835,Ariana Boyd,"Butler, Lucas and Hodge",us-west
DR-400377,Brittany Keller,Bennett Group,us-central
DR-700558,Tyler Delgado,"Cox, Medina and Williams",us-central
DR-846331,Sarah Mclean,"Wolf, Sloan and Jenkins",us-central
DR-783536,Melissa Liu,Keith-Davis,us-west
DR-261724,George Hudson,Peters PLC,us-central
DR-469352,Paul Burton,Murphy-Carter,us-central
DR-312306,Ashley Davis,Smith-Knapp,us-west
DR-412016,Alexander Wiggins,Wright-Huang,us-central
DR-937699,Cynthia Reed,Greer-Williams,us-central
DR-119631,Paul Obrien,James PLC,us-central
DR-481040,Theresa Cooper,Davis Ltd,us-west
DR-756067,Amanda Gibson,"Mclaughlin, Good and Preston",us-central
DR-831337,Leah Leon,"Stephens, Morton and Ramos",us-central
DR-778607,Carolyn Frost,Jones LLC,us-west
DR-531451,Jennifer Robinson,Gonzalez LLC,us-central
DR-880543,Fernando Nunez,"Knight, Gomez and Perez",us-central
DR-702040,Charles Adkins,Russell-Figueroa,us-central
DR-596186,Jennifer Jones,Martinez-Nguyen,us-west
DR-939205,Ethan Pruitt,Johnson LLC,us-west
DR-829651,Pamela Miller,"Parker, Glenn and Wade",us-west
DR-574614,William Casey,Reeves-Owens,us-central
DR-604073,Richard Guerra,Wilson and Sons,us-central
DR-467254,Valerie Miller,"Lawrence, Nixon and Green",us-west
DR-590644,Randy Williams,"Rivera, Perry and Anderson",us-west
DR-337961,Elizabeth Harris,"Li, White and Fletcher",us-central
DR-275715,Brenda Phillips,Miller-Wagner,us-central
DR-460920,Christian Webster,Webb-Thomas,us-west
DR-862858,Linda Swanson,Barber-Smith,us-west
DR-844951,Audrey Sims,Rivera PLC,us-central
DR-533540,Christopher Ellis,"Wright, Odonnell and Wilson",us-central
DR-517504,Margaret Powell,Watts LLC,us-central
DR-492330,Keith Smith,West Group,us-west
DR-978985,Curtis Hodges,Mccall-Larson,us-west
DR-635871,Erika Hunt,Allison Ltd,us-west
DR-219137,Kimberly Kelley,Cantu-Costa,us-central
DR-574478,Noah Flores,Hinton-Collins,us-central
DR-146768,Alexander Wallace,Robertson PLC,us-west
DR-304438,Daniel Brown,Smith Inc,us-central
DR-173793,Victoria Sanchez,Green-Johnson,us-central
DR-698891,Jeffrey King,"Gibson, Gonzales and Garcia",us-west
DR-373264,Anthony Torres,Hart Inc,us-west
DR-577278,Jacqueline Duncan,Barrera Inc,us-west
DR-271035,Margaret Cox,Cummings Inc,us-west
DR-146413,Adam Barrera,"Levine, Stephens and Ballard",us-central
DR-217509,Megan Hampton,Roberts-White,us-west
DR-753378,David Sanchez,"Thomas, Davis and Jones",us-west
DR-696842,Deanna Olson,Nichols-Mayer,us-west
DR-492830,Matthew Bautista,Ellis and Sons,us-west
DR-468706,Ashley Knox,Wiggins-Romero,us-central
DR-251735,Tamara Robles,"Snyder, Carter and Webster",us-west
DR-853732,Sierra Davis,"Harris, Russell and Green",us-west
DR-289537,Emily Lee,"Tran, West and Gibson",us-west
DR-524483,Seth Velazquez,Hunter-Gates,us-west
DR-104534,Alexis Martinez,"Melendez, Mccormick and Ibarra",us-central
DR-894373,Chad Rios,"Harding, Ross and Moore",us-west
DR-102408,Andrew White,Sanchez Ltd,us-west
DR-912483,Eric Berry,Johnson-Scott,us-west
DR-686549,Jon Thomas,Stone-Hernandez,us-west
DR-350768,Chad Benson,Burke-Campbell,us-central
DR-115679,Jaime Robinson,"Cunningham, Knox and Richards",us-west
DR-457331,Kyle Jackson,Peters-Collins,us-central
DR-922410,Linda Scott,Boyer-Schroeder,us-central
DR-502414,Daniel Byrd,Cruz PLC,us-west
DR-673053,Michael Byrd,Harrison Group,us-west
DR-299175,Mike Gregory,Dickerson-Hayes,us-west
DR-109705,Joann Rodgers,Goodwin Inc,us-central
DR-100082,Alexis Green,Cherry-Wilson,us-west
DR-886973,Eric Robinson,Garcia Group,us-west
DR-911463,Kathleen Odom,Bray-Alvarado,us-central
DR-658403,Danielle Conway,Jacobson Ltd,us-central
DR-754626,Dennis Nguyen,Anderson-Maddox,us-central
DR-426417,Alison Pace,Foster-Glass,us-west
DR-455681,Carrie Krueger,Landry-Brady,us-west
DR-460102,Sheila Henry,Adams Inc,us-west
DR-740914,Jason Brown,"Moss, Bowers and Powers",us-west
DR-164548,Lance Miller,"Compton, Hutchinson and Hill",us-central
DR-245793,Matthew Burton,Sullivan-Henderson,us-central
DR-100624,Heather Vega,Anderson-Gonzales,us-central
DR-212382,Douglas Dunlap,Rodgers Group,us-west
DR-654172,Sandra Green,"Daniels, Torres and Jackson",us-central
DR-629717,Victor Pena,Richards-Yu,us-central
DR-816772,Timothy Aguilar,Hogan and Sons,us-west
DR-281325,Elizabeth Snyder,James-Murillo,us-central
DR-652310,Michelle Jones,Rodgers-Williams,us-central
DR-902319,Peggy Sullivan,"Miller, Douglas and Harris",us-west
DR-778666,Douglas Baker,Flynn LLC,us-central
DR-867706,Zachary Walker,"Elliott, Jones and Garza",us-west
DR-309514,Richard Alvarez,Miller-Bishop,us-central
DR-996530,Kimberly Nelson,Arnold-Thomas,us-central
DR-104907,Alexander Lewis,Jones-Owen,us-central
DR-392645,Kevin Spears DVM,Hinton-Gonzalez,us-central
DR-353146,Logan Carlson,"Thomas, Barnes and Lopez",us-west
DR-948436,Heather Gaines,Price-Lewis,us-west
DR-259163,Barbara Michael,Myers Ltd,us-west
DR-847099,Mr. Christopher Smith,Adams-Miranda,us-west
DR-933719,Jennifer Cunningham,Gardner Group,us-west
DR-323378,Julie Taylor,"Costa, Bird and Adams",us-central
DR-795728,George Gonzalez,"Vaughn, Soto and Reynolds",us-west
DR-329073,David Marshall,Brown-Shelton,us-central
DR-407859,Jeremiah Brown,Moses-Romero,us-west
DR-890028,Todd James,Mitchell-Gonzalez,us-west
DR-248299,David Hayes,Thomas LLC,us-west
DR-630677,Joshua Barber,"Short, Shaw and Gonzales",us-central
DR-504729,Victor Floyd,Phelps LLC,us-central
DR-860586,Donald Green,Campbell LLC,us-central
DR-490415,Jerry Long,Gregory-Smith,us-central
DR-445556,Michael Jennings,Higgins PLC,us-central
DR-842743,Andrew Nelson,Allen Ltd,us-central
DR-418861,Karen Vega,Owens-Huffman,us-west
DR-511575,Diane Jimenez,Rosales-Olson,us-central
DR-938549,Richard Cobb,Huff-Martinez,us-west
DR-101445,Michael Carter,Miller Group,us-west
DR-415266,Timothy Hogan,Mason-Perry,us-central
DR-422462,Veronica Little,"Hayden, Carter and Buchanan",us-west
DR-838536,Marilyn Conley,"Williams, Decker and Taylor",us-central
DR-132006,Johnny Bender,"Kelly, Thomas and Ramirez",us-central
DR-864074,Candace Floyd,"Cruz, Richards and Morris",us-west
DR-459911,Anthony Arnold,Bowen-Hopkins,us-central
DR-870815,Crystal Perkins,"Maynard, Perez and Lewis",us-west
DR-817916,Mary Burgess,Terrell LLC,us-central
DR-114392,Timothy Taylor,"Combs, Allen and Reese",us-west
DR-768669,Sharon Vega,"Gould, Mclaughlin and Robles",us-west
DR-942038,Catherine Kirby,Zavala Inc,us-central
DR-259899,Clayton Curtis,Pearson PLC,us-central
DR-942595,Amy Scott,"Gibson, White and Bradford",us-central
DR-577890,Jesse Bright,Melendez LLC,us-west
DR-780516,Anna Jenkins,"Rogers, Thompson and Brown",us-central
DR-494544,Dillon Patrick,"Scott, Carpenter and Macias",us-central
DR-214918,Lisa Curry,Jones-Brown,us-central
DR-184524,Denise Newton,Johnson Ltd,us-west
DR-242049,Alexandra Robinson,Hatfield-Carter,us-west
DR-961253,Jennifer Baker MD,Davis-James,us-west
DR-701047,Timothy Cross,"Harper, Henson and Snow",us-central
DR-673602,Brandon Bernard,"Rogers, Jones and Ramirez",us-west
DR-916630,Sean Goodman,Klein Group,us-central
DR-391043,Eric Nguyen,Gonzalez LLC,us-west
DR-406738,Gina Price,"Rivera, Vega and Taylor",us-west
DR-959517,Robert Rodriguez,Hayes and Sons,us-central
DR-158277,William Mata,Dunlap-Robinson,us-central
DR-572532,Suzanne Powell,Figueroa and Sons,us-west
DR-579551,Michael Yates,Nelson-Cobb,us-west
DR-913648,Jose Mathis,"Ramsey, Macdonald and Brock",us-west
DR-533107,Alison Shepard,Cook Ltd,us-west
DR-821889,Benjamin Johnson,Harris-Garcia,us-central
DR-883400,Candice Williams,Phillips Inc,us-west
DR-691736,Kimberly Hernandez,Harrison Group,us-central
DR-676608,Joshua Walker,Mckenzie-Sharp,us-west
DR-797288,Jennifer Preston,Rice LLC,us-west
DR-423076,Carol Travis,"Harvey, Malone and Mcconnell",us-central
DR-433558,Christina Hernandez,"Robinson, Clark and Rivera",us-west
DR-304374,Cynthia Campbell,Cole-Phillips,us-west
DR-932086,Marcus Leblanc,Baker LLC,us-west
DR-919033,David Haley,Hubbard-Johnson,us-west
DR-696995,Kevin Harvey,"Mcintosh, Weaver and Hood",us-west
DR-412953,Mark Church,"Wilson, Mcguire and Marshall",us-central
DR-487019,Troy Fletcher,"Middleton, Perez and Lewis",us-west
DR-226257,Christopher Lopez,"Knight, Sandoval and Rodriguez",us-west
DR-719165,Michael Martin,"Roman, Garcia and Schmidt",us-west
DR-420529,David Drake,Sweeney Group,us-west
DR-389258,Ross Graham,"Fernandez, Castillo and Scott",us-west
DR-887563,Jessica Young,Craig PLC,us-central
DR-815772,Bryan Calderon,Clayton PLC,us-west
DR-479934,Sarah Butler,Norton Inc,us-central
DR-465954,Eugene Bonilla,Williamson Inc,us-central
DR-349728,Mary Thomas,Martinez-Stokes,us-central
DR-140471,Danielle Owen,Martin Group,us-central
DR-546430,Danny Kramer,Garner-Wilson,us-west
DR-272736,Paula Lamb,"Daniels, Chandler and Kennedy",us-central
DR-499694,Andrew Bowers,Hanson Ltd,us-west
DR-979680,Colton Hogan,"West, Jones and Berry",us-west
DR-404418,Mark Reynolds,Carlson Ltd,us-central
DR-955323,Angelica Smith,Lewis-Macias,us-west
DR-707599,Karen Smith,Thomas PLC,us-central
DR-415191,Brian Lawson,Boyd-Lambert,us-west
DR-920722,Raymond Brown,"Nguyen, Thomas and Dawson",us-central
DR-512683,Traci Thomas,Moore-James,us-central
DR-589850,Justin Henry,"Barrera, Evans and Davis",us-central
DR-335746,Jennifer Schaefer,"Dawson, Gray and Brown",us-west
DR-146321,David Rodriguez,Baldwin Ltd,us-central
DR-519691,Thomas Adams,Jimenez Group,us-central
DR-515086,Susan Flores,"Walker, Morgan and Ray",us-west
DR-606334,Scott Beck,"Pierce, Bautista and Kelly",us-central
DR-145571,Teresa Vang,"Craig, Ford and Martinez",us-west
DR-656776,Cheryl Miller,"Roy, Hess and Doyle",us-west
DR-565187,Luis Buckley,Ford PLC,us-west
DR-140907,Victoria Davis,Garcia-Weiss,us-west
DR-750673,Michelle Cox,"Anderson, Smith and Hanson",us-west
DR-607220,Elizabeth Galloway,Velasquez and Sons,us-central
DR-439349,Victoria Moore,Thompson Ltd,us-central
DR-513047,Zachary Garcia,"Barber, Mann and Wolf",us-central
DR-339298,Brianna Mitchell,"Harrington, Le and Morgan",us-central
DR-456053,Cory Wolf,Camacho Group,us-west
DR-238339,Tracy Sexton,"Myers, Mcdonald and Hays",us-west
DR-254452,Melissa Bates,Carey Inc,us-central
DR-332229,Eric Dominguez,Hill Inc,us-west
DR-318591,Ian Thompson,Klein Ltd,us-west
DR-237856,Angela Miller,Meza-Johnston,us-west
DR-440083,Olivia Moon,Johnson-Ramirez,us-west
DR-823862,Megan Davis,"Rojas, Krause and Harris",us-central
DR-217253,Denise Collins,"Dean, Middleton and Stephenson",us-west
DR-225767,Anna Ruiz,"Howard, Williams and Williams",us-west
DR-628381,Eric Ford,Reynolds Ltd,us-central
DR-717465,Ashley Holt,Hernandez-Johnson,us-west
DR-902008,Erin Pruitt,West LLC,us-west
DR-186835,Patricia Wilson,Buckley and Sons,us-west
DR-272606,Cindy Mendoza,"Turner, Mclaughlin and Russell",us-central
DR-147752,Joel Davis,Taylor and Sons,us-central
DR-130237,John Gonzalez,"Pope, Chapman and Baird",us-central
DR-364372,Maria Carlson,Clark LLC,us-central
DR-761858,Roger Newton,"Clark, Marshall and Charles",us-central
DR-798006,Jeffrey Martinez,Lee-Scott,us-central
DR-672081,Richard Klein,Wright Ltd,us-central
DR-956593,Sheila Lopez,"Jarvis, Reyes and Mccormick",us-west
DR-970756,Tiffany Guzman,Gomez-Wells,us-west
DR-445661,James Short,James LLC,us-central
DR-452279,James Schultz,Olson-Miller,us-west
DR-656581,Joanna Washington,"Brown, Jones and Jackson",us-west
DR-142459,Wayne Cherry,Garcia-Johns,us-west
DR-975197,Charles Smith,Johnson LLC,us-central
DR-899123,Ryan Bolton,Byrd-Lyons,us-west
DR-207685,Fernando Henderson,Moreno PLC,us-central
DR-756043,Timothy Lara,"Grant, Calhoun and Adams",us-west
DR-108241,Patricia Miller,Rios Group,us-central
DR-621669,Kimberly Barrera,Elliott Inc,us-west
DR-509208,Virginia Johnson,"Burgess, Mendez and Warren",us-central
DR-365072,Thomas Proctor,Delgado-Williams,us-central
DR-739641,Jason Green,"Hernandez, Livingston and Baxter",us-west
DR-626261,Walter Cross,"Golden, Medina and Kim",us-central
DR-665097,Nicholas Phelps,Brooks-Alvarado,us-central
DR-305476,Thomas Miller,Koch LLC,us-central
DR-783346,Julie Bolton,"Gomez, Humphrey and Rios",us-central
DR-334859,Caroline Dixon,"Davidson, Ramirez and Johns",us-central
DR-647628,Denise Smith,"Elliott, Fry and Nguyen",us-west
DR-203848,Jennifer Knight,Jefferson-Patel,us-west
DR-765421,Courtney Moses,Cohen and Sons,us-west
DR-336667,Allison Smith,Young-Reed,us-west
DR-215376,Amanda Stevenson,Cunningham-Anderson,us-west
DR-268913,Erica Stewart,"Sullivan, Hill and Ramirez",us-west
DR-876847,Donald Haynes,Hughes PLC,us-central
DR-265160,Laurie Adams,Dixon and Sons,us-west
DR-219046,Rachael Hudson,"Ruiz, Nixon and Stevens",us-west
DR-903312,Holly Kim,Gomez Ltd,us-central
DR-649564,Courtney Freeman,Johnson PLC,us-west
DR-204993,Michael Obrien,"Watts, Shields and Smith",us-central
DR-151623,Dana Powell,Baker Inc,us-central
DR-913572,Richard Collins,Best and Sons,us-central
DR-840628,Anthony Turner,Jones and Sons,us-west
DR-193099,Jennifer Anderson,"Williams, Lopez and Wells",us-central
DR-295132,Alicia Sosa,"Adams, Frazier and Lewis",us-west
DR-789698,Brian Mathews,"Woods, Velasquez and Goodman",us-west
DR-528728,Katie Galloway,Austin-Mendoza,us-central
DR-496765,Angela Rush,Chavez-Andrade,us-west
DR-278961,Jonathan Thomas,"Hernandez, Petty and Pruitt",us-central
DR-585886,Tammy Velasquez,Marshall-Stewart,us-central
DR-149524,Krystal Abbott,Boyd and Sons,us-central
DR-933779,April Hall,Austin and Sons,us-central
DR-475585,Joshua Armstrong,White and Sons,us-west
DR-292237,William Cline,Barnes Group,us-central
DR-307014,Rebecca Sandoval,"Phillips, Davis and Black",us-central
DR-701995,Alexander Huang,Brewer-Harris,us-central
DR-780727,Craig Brown,Cabrera-Baker,us-west
DR-972559,Jesse Peterson,Orozco PLC,us-west
DR-365176,Crystal Torres,Martinez-Powell,us-central
DR-984520,Brian Fox,Lambert-Perry,us-central
DR-619455,Mrs. Emily Ward MD,Owen-Moore,us-central
DR-158714,Michael Le,Mason LLC,us-central
DR-564948,Natalie Wagner,Lewis-Sharp,us-west
DR-574888,Grace Drake,"Benton, Morgan and Simmons",us-central
DR-788383,Andrew Dean,Morrison-Davis,us-central
DR-430729,Ashley Singh,Hunter LLC,us-central
DR-337014,Elaine Kirk,"Hansen, Dunn and Fisher",us-central
DR-742823,Stephanie Leblanc,"Garcia, Adams and Hernandez",us-central
DR-423363,Cheyenne Jenkins,"Fowler, Brown and Davis",us-central
DR-220300,Ruth Harris,Thompson-Howell,us-west
DR-119823,Gabrielle Reid,"Fry, Dalton and Brown",us-central
DR-427169,Laura Horn,Hicks PLC,us-central
DR-932551,Noah Thompson,Rose LLC,us-central
DR-561192,Renee Ramirez,Harrison and Sons,us-west
DR-434752,Lisa Gonzalez,"Morris, Townsend and Lee",us-central
DR-501345,Andrew Cain,"Stephens, Walker and Smith",us-west
DR-112518,Jason Flores,Horton-Scott,us-central
DR-972845,Brian Allen,Waters-Allen,us-central
DR-986744,Erica Valentine,Harding-Wolf,us-central
DR-495851,Nancy Wyatt,Martinez and Sons,us-central
DR-927639,Blake Hernandez,Miles-Morrison,us-west
DR-336594,Charles Rodriguez,Shields-Bradley,us-central
DR-299313,Chad Williamson,Gomez-Petty,us-central
DR-721195,Paul Vargas,"Bishop, Jacobs and Edwards",us-central
DR-644168,David Horne,Smith-Hopkins,us-central
DR-178792,Valerie Morgan,Boyle-Williams,us-central
DR-791799,Lori Ramos,"Kline, Mitchell and Randolph",us-central
DR-857088,Lisa Hawkins,Callahan-Bradley,us-central
DR-187320,Daniel Hall,Price and Sons,us-central
DR-506829,Brenda White,"Bryant, Moody and Rodriguez",us-central
DR-432078,Sherry Glover,Moore-Walsh,us-west
DR-454027,David Floyd,Moore-Carter,us-west
DR-540867,Christopher Miller,Savage Inc,us-west
DR-134236,Jeffrey Munoz,Dawson-Rogers,us-west
DR-559744,David Kennedy,Cook LLC,us-west
DR-785504,Leslie Turner,"Smith, Thornton and Mclaughlin",us-central
DR-439640,Jacob Garcia,Edwards-Rodriguez,us-west
DR-193989,Sara Peterson,Munoz Ltd,us-west
DR-114674,Cameron Glass,Price and Sons,us-central
DR-210832,Jamie Mckinney,"Robbins, Fox and Odonnell",us-west
DR-675174,Steven Watson,"Daugherty, Smith and Branch",us-west
DR-315482,Donald Ellis,"Price, Williams and Wright",us-central
DR-994545,Paige Wilson,Colon PLC,us-west
DR-744851,Jacob Hurst,Bartlett PLC,us-central
DR-842579,Dominique Dixon,Clark LLC,us-central
DR-658911,Rose White DVM,Padilla-Ramirez,us-west
DR-404393,Laura Evans,Ortiz Inc,us-west
DR-654296,Tamara Morales,"Wright, Dominguez and Simpson",us-west
DR-295776,James Webster,Salazar LLC,us-central
DR-923843,Kyle Ford,Murphy Ltd,us-west
DR-700839,Jacob Hancock,Diaz and Sons,us-west
DR-106802,Christina George,"Anderson, Clements and Le",us-west
DR-991860,Veronica Townsend,"Schwartz, Wilson and Wiley",us-west
DR-633630,Lauren Harvey,Golden and Sons,us-central
DR-558169,Micheal Mcgrath,Rosario and Sons,us-central
DR-626078,Joseph Jackson,"Lewis, Gonzalez and Williams",us-central
DR-976655,Olivia Ramirez,"Diaz, Marsh and Martin",us-central
DR-226966,Tony Hinton,Knight-Baker,us-west
DR-489412,Jeremiah Anderson,"Perry, Vazquez and Gonzalez",us-central
DR-794974,Megan Murray,Brown-Tyler,us-central
DR-139276,Brandon Gutierrez,"Franklin, Bailey and Rivera",us-central
DR-523089,Patricia Smith,Tran and Sons,us-west
DR-161008,Zachary Yates,Delacruz-Huang,us-central
DR-394913,Nicholas Brooks,Salazar Ltd,us-central
DR-143464,Cindy Walker,Skinner-Clark,us-central
DR-597304,Douglas Garrett,"Martinez, Peterson and Oconnell",us-central
DR-304980,Susan Stone,Murphy-Hess,us-west
DR-768339,Matthew Cunningham,Kennedy-Rivera,us-central
DR-663704,Bruce Anderson,Barrera-Wright,us-west
DR-608892,Mary Hooper,Clark Ltd,us-central
DR-912705,Danielle Curry,Cox-Lee,us-west
DR-359957,Audrey Mcknight DVM,Boyd-Ward,us-central
DR-175196,Marcus White,"Diaz, Myers and Guerrero",us-central
DR-190527,Sarah Adams,Weaver Ltd,us-central
DR-207443,Christine Murphy,Weaver-Cooper,us-west
DR-698016,Bobby Schmidt,"Mcgee, Bishop and Cox",us-central
DR-324732,William Cervantes,"Bullock, Hicks and Robinson",us-central
DR-260217,Jane Cox,"Moreno, Howard and Zimmerman",us-west
DR-102897,Jennifer Kent,Silva-Sharp,us-west
DR-135454,Adam Hogan,Rollins Inc,us-west
DR-883827,Brandon Daniel,Daniel and Sons,us-west
DR-886379,William Nelson,Garza-Douglas,us-west
DR-771914,Brandy Brown,Park-Thomas,us-west
DR-742354,Diana Brown,Clark LLC,us-west
DR-106253,Kelly Sutton,Smith PLC,us-west
DR-792770,Karen Liu,Riley LLC,us-central
DR-248524,Shannon Richardson,"Gonzalez, Jefferson and Baker",us-central
DR-771049,Lindsey Thomas,"Brown, Sparks and Baker",us-west
DR-872789,Kimberly Johnson,"Evans, Flores and Hernandez",us-central
DR-732959,Aaron Howard,"Carter, Warren and Simon",us-central
DR-643644,Dawn White,Evans PLC,us-central
DR-405174,Emily Williamson,Jones-Wilson,us-west
DR-522913,Carrie Meyers,Reyes Ltd,us-west
DR-518528,Michael Garcia,"Faulkner, Jones and Brown",us-west
DR-641634,Veronica Drake,Mitchell Group,us-west
DR-511592,Rickey Thomas,Henry-Lewis,us-west
DR-663002,Andrew Bradley,Garcia Group,us-west
DR-639946,Christopher Fritz,"Bryant, Robinson and Grant",us-central
DR-124331,Thomas Dalton,"Price, Carney and Young",us-west
DR-365667,Samuel Grimes,Wright Ltd,us-west
DR-962584,Jay Wong,"Lewis, Morris and Ibarra",us-west
DR-605196,Kelsey Bird,"Rowland, Mclean and Mata",us-west
DR-805833,Annette Parsons,"Wilson, Davis and Anderson",us-west
DR-328820,Melissa Roman,Ford PLC,us-west
DR-685659,Ashley Thornton,Weiss-Steele,us-central
DR-888840,John Eaton,"Hernandez, Gonzalez and Wyatt",us-central
DR-887082,Patrick Henderson,Herrera and Sons,us-central
DR-116857,Jennifer Ritter,Lozano-Willis,us-central
DR-492865,James Turner,Brock and Sons,us-west
DR-154801,Deborah Lucero,Johnson PLC,us-central
DR-361356,Erika Watson,"Jacobs, Walker and Glenn",us-central
DR-353789,Brent Ortiz,Ward Ltd,us-west
DR-477474,Troy Watkins,Freeman-Castillo,us-central
DR-644580,Douglas Wood,Green-Parsons,us-west
DR-986613,Amanda Morgan,"Estrada, Vega and Smith",us-west
DR-943792,Sherry Padilla,Lee LLC,us-central
DR-661742,Thomas Sullivan,Parker-Walker,us-west
DR-171136,Jennifer Allen,"Gonzalez, Martin and Davis",us-west
DR-936209,Ross Green,Thomas-Simpson,us-west
DR-318951,Sarah Warren,"Meyers, Cooper and Mccall",us-west
DR-453609,Shannon Smith,"Ramos, Sims and Drake",us-west
DR-635464,Brianna Lopez,Graham Inc,us-west
DR-890219,Robin Frye,Leonard Inc,us-central
DR-603502,Stephanie Stephens,"Lee, Huffman and Bailey",us-west
DR-113998,Timothy Hansen,Robertson and Sons,us-west
DR-890637,Mrs. Crystal Torres,Ryan LLC,us-west
DR-456796,Katrina Lewis,"Schaefer, Ramirez and Keith",us-central
DR-938643,Raymond Hanna,Lee Group,us-central
DR-561530,Seth Romero Jr.,"Small, Webb and Myers",us-central
DR-727582,Alexandra Wheeler,"Dominguez, Curtis and Newman",us-west
DR-888961,Andrew Flores,Haney-Barnes,us-central
DR-790065,Amy Williams,"Duncan, Taylor and Carlson",us-central
DR-901169,Joel Delgado,Carr PLC,us-west
DR-454779,Christine Farmer,Burgess-Collins,us-west
DR-519471,Alec Morgan,Singleton Inc,us-west
DR-600442,Lauren Fowler,"Morris, Ortiz and Smith",us-central
DR-495063,Antonio Baker,Oneill PLC,us-west
DR-526874,Angela Mejia,"Mcgrath, Brooks and Smith",us-central
DR-360938,Mary Lee,Ellis-Rowe,us-west
DR-386031,Michael Smith,Rivas LLC,us-central
DR-117882,Melissa Davis,Delgado PLC,us-central
DR-478358,Greg Berry,"Craig, Myers and Page",us-west
DR-948561,Jeffrey Ferguson,"Hernandez, Russell and Sanchez",us-central
DR-892854,Ryan Montgomery,Medina-Meadows,us-central
DR-216958,Danny Duncan,Rodriguez-Durham,us-west
DR-818034,Juan Coffey,Morrow-Ballard,us-central
DR-973956,Gregory Howard,Sharp-Mitchell,us-west
DR-584420,Joshua Woods,"Bowen, Wilson and Harding",us-central
DR-284774,Kimberly Stevenson,James Group,us-central
DR-370385,Matthew Hernandez,"Rose, Riley and Figueroa",us-central
DR-750850,Carrie Lee,"Thompson, Vazquez and Newton",us-west
DR-906051,Greg Ward,Romero LLC,us-central
DR-961539,Robert Ramirez,Reed-Reese,us-central
DR-417571,Jessica Miller,Knight-Torres,us-west
DR-896954,Kathleen Morales,"Robinson, Roberts and Kelly",us-west
DR-389903,Lori Hill,Sampson-Williams,us-central
DR-249729,Amy Hodge,Reynolds-Benjamin,us-west
DR-211603,Autumn Webb,West-Smith,us-central
DR-319068,Brittany Wilson,Stevenson-Carson,us-central
DR-150934,Selena Downs,Thompson-Mclean,us-west
DR-489115,Jared Rasmussen,Boyer-Whitney,us-west
DR-270234,Alexis Fernandez,"Manning, Townsend and Whitaker",us-central
DR-273970,Alexander Compton,Roberts PLC,us-central
DR-847301,Melanie Fritz,"Pierce, Ingram and Sharp",us-west
DR-313575,Julie Roberts,Smith-Perez,us-west
DR-345036,Jodi Shepard,"Griffin, Jones and Castillo",us-west
DR-138497,Christopher Sims,Gonzalez Group,us-west
DR-385066,Robert Wilson,White-Newman,us-west
DR-931108,Jordan Frank,Allen Group,us-central
DR-778522,Daniel Fleming,"Castro, Franklin and Mays",us-west
DR-613664,Allison Brown,King Group,us-west
DR-521507,Jonathan Lawson,Jones-Collins,us-west
DR-850287,Amanda Wall,Price-Marks,us-central
DR-953689,Christine Leach,Hamilton Group,us-central
DR-320915,Matthew Baker,"Guerrero, Martin and Hogan",us-west
DR-861271,Dakota Smith,"King, Warren and James",us-west
DR-621563,Katherine Floyd,Johnson Ltd,us-central
DR-394551,David Sharp,Barnes-Holmes,us-central
DR-361952,Nicole Harper,Hall LLC,us-west
DR-294607,Cassandra Morales,Skinner Inc,us-central
DR-672105,Sarah Williams,"Owens, Sparks and Rose",us-central
DR-691947,David Cardenas,"Martin, Morrow and Taylor",us-west
DR-631617,Patricia Moore MD,West and Sons,us-west
DR-195752,Angela Snyder,Morse-Jenkins,us-central
DR-539827,Mary Martin,Smith Group,us-west
DR-813600,Emily Brown,"Patrick, Bennett and Bailey",us-central
DR-254699,Alexandra Marks,"Osborne, Bradley and Wilson",us-west
DR-842100,James Todd,"Harris, Erickson and Buchanan",us-central
DR-815828,Carol Erickson,Hill Inc,us-central
DR-818308,Morgan Barnes,Owens LLC,us-west
DR-880197,Anna Greer,"Jones, Kirby and Glass",us-west
DR-380065,Sarah Richard,Johnson-Leonard,us-central
DR-324750,Deborah Gamble,Davis-Mahoney,us-west
DR-860650,Virginia Perez,Snyder-Gutierrez,us-west
DR-628609,George Wilson,Fleming PLC,us-west
DR-509377,Lisa Smith,Gonzalez-Flores,us-west
DR-880732,Dale Adams,"Knight, Mclaughlin and Hodges",us-central
DR-609777,Wayne Lowery,"Rivera, Lee and Peck",us-central
DR-581802,Wesley Smith,Allen PLC,us-west
DR-904946,William Kim,"Hill, Ramirez and Cabrera",us-west
DR-535400,Roberta Evans,Whitney Inc,us-central
DR-735741,Justin Jenkins DDS,Garcia-Edwards,us-west
DR-965670,Alicia Rodriguez,"Martin, Tucker and Eaton",us-west
DR-417211,Morgan Salazar,Hughes Inc,us-west
DR-960529,Megan Hodges,Washington PLC,us-west
DR-975894,Aaron Reynolds,Cruz-Young,us-central
DR-368909,Jennifer Robinson,"Anderson, Thompson and Buckley",us-central
DR-603656,Miss Barbara Sosa,Brown-Medina,us-central
DR-714351,Dr. Courtney Carpenter,Hicks LLC,us-west
DR-537910,Mary Barton,Pennington Ltd,us-central
DR-246862,Richard Wright,"Nichols, Hernandez and Fisher",us-central
DR-417762,Amy Gentry,Scott Inc,us-west
DR-800389,Kenneth Lee,Nelson PLC,us-west
DR-921657,Dana Singh,Frederick PLC,us-central
DR-398442,Elizabeth Blanchard,Parker-Mcfarland,us-central
DR-249788,Emily Nelson,Hensley LLC,us-west
DR-270962,Michael Mcdonald,"Tran, Gillespie and Anderson",us-west
DR-355505,Eric Holmes,Morales and Sons,us-west
DR-473470,Jacob Martin,Williams and Sons,us-west
DR-799747,Amy Nguyen,Nielsen-Henry,us-central
DR-620624,Emily Myers,Friedman Ltd,us-west
DR-659927,Melissa Ramos,"Tanner, Harrington and Perez",us-central
DR-218052,Diana Mendoza,"Smith, Horton and Moore",us-central
DR-306293,Jennifer Richards,Nicholson Inc,us-central
DR-233154,Kelly Chavez,Moore PLC,us-central
DR-287356,Richard Stevens,"Duran, Robinson and Schmidt",us-central
DR-510418,Debra Duarte,"Murphy, Smith and Smith",us-central
DR-319134,Amanda Beck,Cohen Inc,us-central
DR-751511,Cindy Lawson,"Orozco, Cook and Keller",us-west
DR-516652,Matthew Novak,Freeman Inc,us-west
DR-862622,Brian Murphy,Barnett and Sons,us-west
DR-340428,David Fischer,Phillips LLC,us-west
DR-992745,Taylor Hernandez,Arnold Inc,us-central
DR-871430,Victoria Tucker,"Hines, Gates and Rivera",us-west
DR-508953,Nicholas Manning,Alvarez PLC,us-central
DR-181662,Abigail Munoz,Garza and Sons,us-west
DR-600013,Timothy Thomas,Jacobson-Estes,us-central
DR-234684,Nicholas Davies,"Johnson, Sanchez and Davis",us-west
DR-523202,Edward Snyder,Mathis Group,us-central
DR-886053,Thomas Martin,Harris Inc,us-west
DR-107531,Penny Curtis,Anderson-Forbes,us-central
DR-598584,Lisa Jackson,"Scott, Young and Brooks",us-west
DR-668289,Michael Bright,"Rose, Greer and Fox",us-central
DR-502248,Michael Carter,Simpson-Smith,us-west
DR-965651,Heidi Brown,Anderson Inc,us-central
DR-306289,Belinda Lawrence,Williams-Beard,us-west
DR-290371,David Stephens,Allen-Martinez,us-central
DR-122864,Terrance Beasley,Ellis-Green,us-central
DR-854265,Amanda Rogers,"Nelson, Benjamin and Frederick",us-west
DR-410807,Andrew White,Lewis-Bennett,us-west
DR-806118,Jennifer Rogers,Weaver-Conner,us-central
DR-940494,Stephanie Coleman,White-Weaver,us-central
DR-525889,Michael Morrison,Rodriguez PLC,us-central
DR-375277,Kimberly Parks,"Martin, Chan and Henry",us-central
DR-705250,Patrick Hayes,Hughes-Benitez,us-west
DR-286884,Michael Miller,Rogers-Spencer,us-central
DR-371042,Monica Smith,Smith PLC,us-central
DR-661284,Austin Miller,Gonzalez LLC,us-central
DR-806443,Dr. Victoria Garcia DVM,Wilson-Wright,us-west
DR-635837,Alan Mcdaniel,Rice Ltd,us-west
DR-702701,Daniel Davidson,Huff Inc,us-west
DR-197986,Deborah Thornton,"Ramos, Jacobs and Long",us-central
DR-627288,Bailey Garcia,"Watts, Rivera and Perez",us-central
DR-780057,Michael Butler,Rivera Ltd,us-central
DR-550443,Eric Kline,Mathews-Conner,us-west
DR-112550,Mark Smith,Simmons Group,us-central
DR-851544,Laura Kane,"Fernandez, Garcia and Johnson",us-central
DR-950535,Erik Raymond,Thomas Ltd,us-central
DR-845133,Travis Goodman,"Martinez, Bell and King",us-west
DR-460684,Dana Terry,"Pineda, Owen and Hall",us-central
DR-884571,Steve Knapp,Hall-Taylor,us-central
DR-474782,Christopher Mendoza,"Werner, Evans and Adkins",us-west
DR-328618,Kyle Parrish,Blackwell-Clark,us-central
DR-160332,Dr. Nancy Hall MD,"Carter, Gonzalez and Whitaker",us-west
DR-645621,Ashley Romero,"Munoz, Larson and Burton",us-west
DR-809767,Melissa Brown,Snyder PLC,us-central
DR-343672,Jasmine Martin,Castro LLC,us-west
DR-951977,Phillip Aguilar,"Espinoza, Franco and Wolf",us-central
DR-954771,Debra Brown,"Vang, Mclaughlin and Ponce",us-west
DR-140836,Aaron Ray,Prince-Miranda,us-west
DR-631323,Jeremy Cline,Alexander-Davies,us-west
DR-856993,Eduardo Pacheco,Nolan and Sons,us-west
DR-349123,Kenneth Jenkins,Anderson-Anderson,us-central
DR-651756,Mr. Andrew Mason,"Campbell, Juarez and Pierce",us-central
DR-107465,Melissa Davidson,Pacheco and Sons,us-central
DR-533920,Anthony Parker,Grant LLC,us-west
DR-615199,Michelle Spencer,"Boyle, Mckenzie and Levy",us-central
DR-506788,Nancy Norris,"French, Turner and Hill",us-central
DR-915531,Jesse Howell,Vaughn Ltd,us-west
DR-140451,Melissa Ellison,Walker Inc,us-central
DR-390716,Peter Morse,Byrd-Thompson,us-central
DR-933810,Shannon Miller,Kelley and Sons,us-west
DR-761395,Mr. Zachary Davis,"Franklin, Reyes and Knox",us-central
DR-803703,Tracy Bean,Carr Group,us-central
DR-554432,Mrs. Tiffany Jacobs PhD,Mendoza PLC,us-west
DR-719624,Lisa Chandler,"Williams, Greene and Houston",us-central
DR-339580,Nathaniel Willis,May-Torres,us-central
DR-513871,Rhonda Martin,Murphy-Fernandez,us-central
DR-406491,Brittney Stevens,"Leon, Mills and Williams",us-central
DR-562507,Lori Sims,Washington and Sons,us-west
DR-411075,Laura Edwards,"Watson, White and Parker",us-west
DR-527367,Heather Miller,"Carr, Jones and Taylor",us-central
DR-374054,Douglas Watkins MD,"Jones, Lee and Lopez",us-west
DR-360332,Regina Hill,Howe Ltd,us-central
DR-470449,Mary Gomez,Johnson PLC,us-west
DR-536107,Blake Parker,Henderson LLC,us-west
DR-680252,Tamara Mack,"Vasquez, Gomez and Guzman",us-central
DR-358524,Erin Mcgrath,Johnson Ltd,us-central
DR-650419,Olivia Jennings,"Flores, Rodriguez and Lin",us-central
DR-137093,Michael Lane,Hunter LLC,us-central
DR-775637,Diana Lewis,"Brown, Gilbert and Jenkins",us-central
DR-662403,Raymond Warner PhD,Thompson-Richard,us-west
DR-606159,Greg Morris,"Frazier, Diaz and Smith",us-central
DR-846907,Jasmine Smith,"Bell, Sampson and Olson",us-west
DR-477456,Sherry Yu,Hernandez-Marks,us-central
DR-272817,Tyler Jackson,May-Brandt,us-west
DR-183477,Zachary Medina,"Diaz, Mills and Daniels",us-central
DR-509083,Terri Wells,Miller-Bullock,us-central
DR-920616,Robert Duran,Randall Group,us-west
DR-583750,Jennifer Anderson,Clark-Ford,us-west
DR-170699,Tyler Rose,Holder Inc,us-central
DR-588191,Stacey Jones,Anderson LLC,us-central
DR-507827,Dawn Mann,Carter Ltd,us-central
DR-971241,Jon Perez,Jensen-Brown,us-central
DR-195678,Sara Walsh,"Davis, Black and Lee",us-central
DR-759716,Isaac Wells,Baxter and Sons,us-west
DR-657108,Kevin Johnson,Santos-Smith,us-central
DR-362112,Melinda Price,York Inc,us-central
DR-209760,Zachary Wolf,Lara Inc,us-central
DR-732852,Michael Johnson,"Wood, Patton and Collins",us-central
DR-696574,Brian Aguirre,Keller-Santos,us-central
DR-232110,Tiffany Dorsey,"Campbell, Castro and Payne",us-west
DR-591519,David Thomas,Avery-Cabrera,us-west
DR-586927,Jose Coleman,Brown-Jenkins,us-central
DR-269532,Joshua Hall,"Vincent, Harris and Bradford",us-west
DR-204545,Jennifer Johnson,"Wiggins, Adams and Frank",us-west
DR-341017,Anthony Lopez,Blanchard-Johnson,us-west
DR-616800,Terri Brady,"White, Rivera and Rose",us-central
DR-898383,Micheal Rush,Tran-Landry,us-west
DR-750322,Adam Moore,"Blake, Cochran and Cox",us-central
DR-783310,Joseph Wood,"Maddox, Lynch and Petty",us-west
DR-143440,Donna Ford,Anderson Group,us-west
DR-101001,Tonya Hernandez,Vazquez LLC,us-west
DR-362417,Adriana Benson,"Williams, Johnston and Newton",us-west
DR-646504,Jack Martin,"Johnson, Palmer and Fitzgerald",us-central
DR-396465,Brittany Houston,Hopkins PLC,us-central
DR-430993,Kristen Davenport,Wilson-Armstrong,us-central
DR-484435,Carolyn Garza,Khan LLC,us-west
DR-841140,Todd Martin,"Mccoy, Jones and Jones",us-west
DR-364705,Sherri Oliver,Gibbs Ltd,us-central
DR-919381,Sharon Evans,Smith LLC,us-west
DR-265564,Amy Carter,Davis PLC,us-central
DR-432448,Clayton Donovan,Fritz-Smith,us-central
DR-501707,John Taylor,"Smith, Vasquez and Black",us-central
DR-869642,Alexis Miles,Crawford-Gonzalez,us-west
DR-312137,Steven Moss,Hester-Fischer,us-west
DR-795049,Ashley Allen,Flores and Sons,us-central
DR-125228,Kenneth Cunningham,"Hansen, Duncan and Reed",us-west
DR-521176,Catherine Ward,"Johnson, Thomas and Mcgee",us-west
DR-716922,Christopher Ramirez,"Jackson, Hunter and Taylor",us-west
DR-929641,Brian Barrett,"Kelly, Mcdonald and Webb",us-central
DR-218152,Christina Jimenez,Cox PLC,us-central
DR-320401,Richard Rivera,"Preston, Martin and Walker",us-central
DR-308963,Jonathan Thompson,Higgins Ltd,us-west
DR-215870,Mary Nicholson,Johnson and Sons,us-west
DR-932833,Sandra Smith,Smith PLC,us-west
DR-892136,Robert Mitchell,"Foster, Weber and Steele",us-west
DR-742858,Peter Patterson,Wright-Byrd,us-west
DR-247313,Joshua Bailey,Hicks-Harding,us-central
DR-117478,Charles Sanchez,Dixon-Clark,us-west
DR-789464,Helen Cook,Yang PLC,us-central
DR-221033,Douglas James,"Hunt, Phillips and Walker",us-central
DR-348129,Ronald Smith,Wheeler Ltd,us-central
DR-874176,Jonathan Campos,Rodriguez LLC,us-west
DR-883807,Jessica Edwards,Simpson PLC,us-west
DR-110966,Nina Martinez,Williams Ltd,us-central
DR-137214,Shannon Lawson,Todd Inc,us-west
DR-978945,Nicole York,Patterson-Lopez,us-west
DR-126824,Claudia Pearson,Paul-Nguyen,us-west
DR-835289,Larry Riggs,Rubio-Foster,us-central
DR-373881,Jose Bailey,"Mullen, Garcia and Gray",us-central
DR-902098,Rebecca Andrews,Pierce-Guzman,us-central
DR-123485,Brenda Thompson,Acevedo-Anderson,us-west
DR-233323,Paul Green,"Frazier, Johnston and Smith",us-central
DR-816850,Kenneth Smith,Rogers-Dickerson,us-west
DR-792829,Ronald Collins,White Ltd,us-west
DR-985857,Christopher Little,Peck-Cooper,us-west
DR-567064,Kenneth Scott,Smith-Knox,us-west
DR-624750,Mrs. Diana Salas,"Hunt, Martinez and Nichols",us-central
DR-493551,Samuel Burns,"Gonzalez, Flynn and Butler",us-west
DR-513772,Julia Coleman,Brown-Hunt,us-west
DR-131061,Brian Mcdaniel,Burton-Phelps,us-west
DR-407962,Mark Waters,Bowman Inc,us-west
DR-695938,Connor Harper,Smith-Morse,us-west
DR-880023,Pamela Davis,Luna-Fox,us-central
DR-868185,Patricia Stone,"Michael, Henderson and Durham",us-central
DR-948412,Teresa Jackson,Johnson-Murphy,us-central
DR-444633,Kenneth Stewart,"Nelson, Hunt and Holmes",us-central
DR-490891,Cassandra Carter,"Hunt, Gross and Montgomery",us-west
DR-946154,Caleb Mcdonald,Smith-Rivera,us-central
DR-814449,Madison Hall,"Hunt, Young and Bradley",us-west
DR-415884,Ryan Hall,"Wood, Vega and Shah",us-central
DR-483725,Patricia Robinson,Maxwell-Lane,us-central
DR-488028,Amanda Ford,"Donaldson, Payne and Pope",us-central
DR-314278,Anthony Smith,Curtis Group,us-west
DR-440117,Sean Carey,Martin and Sons,us-west
DR-563350,Joshua Moody,"Hatfield, Hunter and Jackson",us-west
DR-759860,David Sanchez,"Smith, Barnes and Thompson",us-west
DR-864093,Alejandra Valdez,"Thompson, Simmons and Riley",us-central
DR-597809,Olivia Hernandez,Mcdonald Ltd,us-west
DR-388026,Desiree Roberts,Kirk-Johnson,us-west
DR-280061,Betty Richardson,French-Porter,us-west
DR-183206,Cathy Walker,Pierce LLC,us-west
DR-109195,Christine Copeland,Thompson-Galvan,us-west
DR-848895,Roy Parsons,"Le, Murphy and Mcdonald",us-west
DR-529967,Jorge Baker,Ayala-Yates,us-central
DR-806542,Eric Hanna PhD,"Wilson, Rodriguez and Perez",us-central
DR-953732,Jeff Garrison,Clark-Wilson,us-central
DR-145234,Rachel Terry,Bell-Le,us-central
DR-529121,Julie Jones,Avila-Ferguson,us-central
DR-135358,Kimberly Peterson,Stewart PLC,us-west
DR-855933,Omar Banks,Carter and Sons,us-west
DR-621093,Mark Brock,Mcdonald PLC,us-west
DR-253759,Ashley Carlson,Kim PLC,us-west
DR-290250,Noah Townsend,Heath-Mcdonald,us-central
DR-335200,Ellen Hawkins,Barnett-Holmes,us-west
DR-238886,Mr. Mark Lopez PhD,"Swanson, Lyons and French",us-west
DR-784978,Jennifer Schmidt,Carter PLC,us-west
DR-591698,Victor Escobar,"Davis, Acevedo and Flores",us-central
DR-512197,Brenda Singh,"Robbins, Mendoza and Collins",us-central
DR-814008,Christopher Ryan,Wilson LLC,us-central
DR-718801,Lisa Miller,"Campbell, Walker and Palmer",us-west
DR-559347,Julie May,Yoder and Sons,us-west
DR-261535,Richard Padilla,Miller-Woodward,us-central
DR-771495,Michelle Johnson,Johnson-Williams,us-west
DR-631791,Joseph Larsen,"Crane, Parker and Mclean",us-central
DR-383927,Austin Rodriguez,Bell LLC,us-west
DR-125205,Jeffrey Diaz,"Burton, Silva and Nunez",us-west
DR-524887,John Mason,"Bailey, Murray and Anderson",us-central
DR-575340,Sean James,Wright-Johnson,us-central
DR-460845,Mrs. Elizabeth Cox,Galvan-Ray,us-central
DR-799685,Paul Moore,"Lewis, Hall and Clark",us-central
DR-393441,Kenneth Bishop,Shaffer-Anderson,us-central
DR-440707,Natasha Goodman,Burns and Sons,us-central
DR-222715,John Lynch,"Shelton, Hernandez and Nash",us-central
DR-715422,Sandra Cox,Hoffman and Sons,us-central
DR-688174,Christina Dyer,"Yoder, Jacobson and Jones",us-west
DR-165447,Matthew Jones,Hughes Ltd,us-central
DR-552219,Larry Mendoza,Peck Group,us-west
DR-846270,Erin Martinez,Price-Swanson,us-west
DR-436447,Tanya Key,Campbell-Edwards,us-central
DR-579052,Brandon Allen,"Miller, Blake and Anderson",us-west
DR-953961,Mark Clark,"Burke, Lyons and Krause",us-west
DR-910804,John Lee,Roberson-Bishop,us-central
DR-213430,Cynthia Burns,"Oliver, Castillo and Taylor",us-west
DR-993327,Lynn Farmer,James Group,us-west
DR-729566,Robert Shaw,Hunter Ltd,us-west
DR-614457,Heather West,"Richardson, Jones and Mcdaniel",us-west
DR-729050,Denise Smith,Mendoza Group,us-central
DR-654251,Sarah Hunter,Bush LLC,us-west
DR-718463,Jacqueline Pena,Bennett LLC,us-central
DR-284049,Dr. Steven Rasmussen,Webb PLC,us-west
DR-319037,Randy Murphy,"Spencer, Harris and Harris",us-west
DR-500735,Cristian Carr,"Smith, Gonzalez and Schmitt",us-west
DR-501990,Jonathan Jacobson,Hall-Rodgers,us-west
DR-830897,Dr. Cassie Hamilton,"Mercer, Park and Todd",us-west
DR-507553,Alyssa Larson,Bennett Inc,us-central
DR-209254,Christopher Mcdonald,Smith-Mitchell,us-central
DR-477251,Brian Woodward,Bush-Aguirre,us-central
DR-184184,Matthew Palmer,Carlson Ltd,us-central
DR-489894,Nicholas Jones,Mcmillan-Allen,us-west
DR-881528,Ruben Johnson,"Gonzalez, Sherman and Kelly",us-west
DR-942699,Roy Elliott,Gonzalez-Armstrong,us-central
DR-166159,Deborah Ferrell,"Jackson, Dominguez and Hudson",us-west
DR-862331,Kyle Brown,"Nunez, Juarez and Simon",us-central
DR-613097,Christine Adams,"Benson, Frey and Morse",us-west
DR-985997,James Lynch DDS,Barrett-Barnett,us-west
DR-192172,Jessica Mccoy,Green-Shaw,us-central
DR-699274,Nicholas Bryant,"Taylor, Strong and Estes",us-west
DR-615091,John Lang,Stephens LLC,us-west
DR-978250,Robin Taylor,"Leonard, Davis and Allen",us-west
DR-285397,Marc Robinson,Jones and Sons,us-west
DR-419193,Jennifer Johnson,Vega Group,us-central
DR-470034,Jennifer Carlson,Williams and Sons,us-west
DR-853219,Gary Burnett,Maxwell Group,us-west
DR-568639,Debra Meza,"Reed, Schwartz and Kim",us-west
DR-703257,Lisa Franklin,Manning-Mitchell,us-central
DR-623246,Reginald Phillips,Davidson-Coleman,us-central
DR-143583,Kelli Kelly,Gibson-Hale,us-west
DR-900001,Anita Johnson,Gay-Lopez,us-west
DR-428236,Ashley Paul,Hansen PLC,us-west
DR-167312,Mary Melton,Reilly LLC,us-central
DR-713266,Tammy Parker,Mendoza Group,us-central
DR-419772,Anita Johnson,"Fisher, Evans and Lopez",us-west
DR-901175,Scott Fernandez,Lane-Long,us-central
DR-155503,Mr. Brandon Simpson IV,Pace-Butler,us-west
DR-234395,Jerry Spencer,Johnson and Sons,us-central
DR-259757,Joe Brady,"Miller, Simmons and White",us-west
DR-304248,Terri Fuller,Mills-Young,us-central
DR-195622,Keith Davis,"Brown, Harrison and Frederick",us-west
DR-817777,Gerald Vasquez,"Salinas, Brown and Myers",us-central
DR-488082,Michelle Hansen,"Martin, Barber and Trujillo",us-central
DR-310122,Jerome Ramirez,Norman Inc,us-central
DR-662304,Courtney Stanley,Hill-Johnson,us-west
DR-840893,Stacey Nelson,Ramos-Chapman,us-west
DR-474959,Rachel Malone,Murphy and Sons,us-central
DR-896631,Thomas Anderson,"Hanna, Carter and Lin",us-central
DR-405882,Yolanda Yates,Bernard-Hughes,us-west
DR-761672,Christopher Monroe,Haney PLC,us-west
DR-344320,Cory Sampson,"Buck, Galvan and Williams",us-west
DR-925639,Patricia Rivers,Stanley-Thomas,us-central
DR-875994,Brandy Johnson,"Aguilar, Reynolds and Schmidt",us-central
DR-570274,Danielle Hill,Smith-Miles,us-central
DR-602805,Dr. Michael Morgan,"Miller, Frazier and Holmes",us-west
DR-404271,David James,Mendez-Allen,us-central
DR-689942,Yvonne Smith,Vega-Solis,us-central
DR-585524,Kristen Dalton,"Martin, Mclaughlin and Jenkins",us-west
DR-486274,Lori Fisher,Fernandez-Mcbride,us-central
DR-497501,Pamela Lewis,Murphy-Short,us-central
DR-342561,Leslie Mcdaniel,Howard Ltd,us-central
DR-309179,Mark Romero Jr.,"Edwards, White and Stewart",us-central
DR-772178,David Simmons,"Turner, Fischer and Schwartz",us-west
DR-772207,Lindsey Brown,"Zavala, Jones and Dalton",us-central
DR-224736,Brenda Lamb,Clark Group,us-west
DR-433215,Oscar Lopez,Norman-Harris,us-west
DR-527357,Preston Hart,Frost Group,us-west
DR-222174,Richard Nichols,"Knight, Anderson and Hall",us-west
DR-287654,Sophia Franklin,Harris-Edwards,us-central
DR-166028,Christina Moran,Cross-Santana,us-west
DR-835239,George Hudson,"Fernandez, Miranda and Green",us-central
DR-601888,Bridget Doyle,Green-Todd,us-west
DR-960357,Christopher Shaw,Gallagher PLC,us-west
DR-741568,Garrett Ball,Wright Group,us-west
DR-816816,Christopher Brown,"Best, Mcclure and Williams",us-central
DR-721841,Amy Maddox,"Foster, Holland and Carroll",us-west
DR-189918,Molly Sanchez,"Dyer, Smith and Shelton",us-central
DR-899919,John Erickson,"Ray, Gilmore and Rodriguez",us-west
DR-828716,Kelly Morris,"Martinez, Collier and Williams",us-west
DR-124134,Scott Bartlett,Bishop and Sons,us-west
DR-143707,Chelsea Williams,Horn-Jones,us-central
DR-149492,William Ross,"Evans, Brown and Myers",us-west
DR-291630,Nicole Santana,Clark-Robbins,us-central
DR-857870,Logan Rivera,Riley PLC,us-west
DR-275583,Brian Sullivan,Smith-Bean,us-west
DR-217492,Derrick Taylor,Larsen-Maxwell,us-west
DR-691665,Sara Wells,"Turner, Allen and Middleton",us-central
DR-133306,Mark Fields DVM,"Martinez, Hoover and Lawson",us-central
DR-793935,Carolyn Cunningham,"Mcclure, Brown and Phillips",us-central
DR-944208,Adam King,Daniels and Sons,us-central
DR-191854,Kevin Allen,Roberts-Williams,us-central
DR-861136,Justin Harrington,Dunn-Bates,us-central
DR-787146,Mrs. Donna Warren,"Salinas, Garcia and Rodriguez",us-central
DR-594117,Scott Flores,"Ford, Vargas and Martin",us-west
DR-536247,Bianca Greer,Morgan-Douglas,us-central
DR-478861,Kathryn Wolfe,"Vega, Logan and May",us-west
DR-543301,Amber Reese,Carter-Bennett,us-central
DR-679583,Steven Browning,Bowen Inc,us-central
DR-762762,Matthew Rowe,"Chandler, Page and Williams",us-west
DR-956412,Amanda Barnes,"Norman, Harper and Williams",us-west
DR-355143,Michelle Moreno,"Green, Hernandez and Brown",us-west
DR-671641,Kristie Ramirez,Butler Group,us-west
DR-969241,Valerie Long,Mcintosh LLC,us-central
DR-393140,Margaret Graham,Marquez-Diaz,us-central
DR-620598,David Malone,Joyce LLC,us-west
DR-201225,Corey Owen,Nelson-Cherry,us-central
DR-285153,Michael Snyder,Romero Group,us-west
DR-349910,Dakota Perez,Harris-Hunt,us-west
DR-796962,Dawn Davidson,Randall Group,us-central
DR-471920,Gregory Wheeler,"Dawson, Day and Mcdaniel",us-west
DR-839264,Katherine Logan,Yu-Marks,us-central
DR-100961,Terry Smith,Long-Jackson,us-west
DR-382550,Jamie Gentry,Schultz-Meyer,us-central
DR-157140,Patricia Douglas,Osborne LLC,us-central
DR-671371,Matthew Young,Johnson Inc,us-west
DR-957475,Adrienne Potter,"Mercado, Davis and Jackson",us-west
DR-355674,Brandon Macdonald,Adams and Sons,us-west
DR-153264,Ricardo Adams,Smith-Brown,us-central
DR-353463,Jessica Baker,Wright Inc,us-west
DR-313765,Patricia Smith,"Tyler, Roberts and Monroe",us-west
DR-225480,Kenneth Jackson,"Medina, Becker and Ingram",us-central
DR-547326,Lisa Johnson,Mullins Ltd,us-west
DR-239533,Kimberly Young,Bates-Huynh,us-central
DR-427583,Tonya Mcguire,Buchanan LLC,us-central
DR-593858,Eric Woods,"Hahn, Campbell and Gregory",us-central
DR-736278,Andrew Turner,Moss-Cohen,us-central
DR-872238,David Murphy,Sanders LLC,us-central
DR-921305,Philip Moore,Walker-Lane,us-west
DR-616342,Lacey Escobar,"Gay, Montgomery and Bailey",us-central
DR-152802,David Cox,Hughes-Gray,us-west
DR-549511,Daniel Cochran,Villanueva and Sons,us-west
DR-988453,Harold Clark,Gordon-Castro,us-west
DR-166456,Elizabeth Miller,"Davis, Mccarthy and Alexander",us-west
DR-815838,Tiffany Rogers,Calderon-Walls,us-central
DR-108938,Manuel Flores,Sandoval-Rosales,us-west
DR-534985,Carolyn Paul,Henry LLC,us-west
DR-398904,Pamela Simpson,Pope PLC,us-west
DR-963242,Raymond Hardy,Reynolds-Contreras,us-central
DR-195924,Peter Schwartz,Ramirez-Harris,us-west
DR-443983,Dawn Estrada,Wright-Romero,us-central
DR-972027,Amber Fleming,Aguilar-Hawkins,us-west
DR-951076,David Dickerson,"Myers, Walker and Hernandez",us-central
DR-192604,Jenna Hurley,Garner Inc,us-central
DR-648673,Dorothy Green,"Stephens, Wyatt and Butler",us-central
DR-712106,James Frank,Davis Inc,us-west
DR-779722,Ashley Clark,"Jenkins, Morris and Allen",us-west
DR-358277,Jessica Campos,Moreno-Ortega,us-central
DR-783847,Monica Taylor,Hampton-Jordan,us-central
DR-477321,Jeffrey Hanson,Giles Group,us-west
DR-365998,Zachary Joseph,Fischer-Hale,us-west
DR-663390,Karen Tran,Wilcox Ltd,us-west
DR-781459,Kenneth Jones,"Miller, Wood and Murphy",us-central
DR-700880,Dale Stephens,Haley Group,us-west
DR-716858,Lisa Casey,Gaines-Callahan,us-central
DR-515784,Donna Murray,Wall-Bryant,us-central
DR-520591,Heather Kennedy,"Turner, Garza and Gonzalez",us-west
DR-841866,Jillian Martinez,Roberts and Sons,us-west
DR-523852,Sarah Johnson,Guerrero-Glenn,us-central
DR-175978,Aaron Maxwell,Butler-Savage,us-central
DR-673196,Colin Mitchell,"Berry, Hall and Yang",us-central
DR-291360,Nicholas Jackson,Wagner Inc,us-west
DR-798406,Carlos Ferguson DDS,"Khan, Young and Nelson",us-central
DR-793195,James Medina,Travis Ltd,us-central
DR-648576,Lance Poole,"Evans, Daniel and Perez",us-west
DR-574175,Tiffany Gomez,Riggs Inc,us-central
DR-575095,Elizabeth Fuller,Fleming Ltd,us-central
DR-713683,Marisa Leach,Nelson Ltd,us-west
DR-529192,Grace Coleman,Moses-Cobb,us-central
DR-454788,Mary Le,Nelson LLC,us-west
DR-236602,Rita Carney,Shaffer LLC,us-west
DR-183019,Christina Jackson,Montes LLC,us-west
DR-805144,Tyler Day,Giles-Moody,us-west
DR-314899,James Obrien,"Collier, Glenn and Mathews",us-central
DR-213845,Stephen Ortiz,Miranda-Wong,us-central
DR-936711,Michele Martin,"Oliver, Owen and Young",us-central
DR-240971,Michael Holt,Coleman-Nash,us-west
DR-136956,Jacqueline Warren,"Phillips, Nelson and Johnson",us-central
DR-152236,Alexis Hart,Riley-Kennedy,us-central
DR-197132,Christina Martin,Duncan-Booth,us-west
DR-972225,Bryan Gray,"Bolton, Lopez and Dickerson",us-west
DR-347773,Kim Hernandez,Cunningham Inc,us-central
DR-994851,Sarah Mueller,Dodson PLC,us-central
DR-774523,Amanda Brown,Collins Inc,us-central
DR-932615,Anthony Smith,Mathis Group,us-central
DR-734705,Daniel Hayes,Alexander Group,us-central
DR-631930,James Jackson,Hoover LLC,us-west
DR-658841,Justin Stanley,"Lewis, Barnes and Perez",us-west
DR-733688,Valerie Briggs,Sullivan LLC,us-central
DR-885025,Cindy Golden,Brown-Wallace,us-central
DR-886102,Clinton Baker,Underwood-Woods,us-central
DR-670139,Michelle Allen,Hernandez Group,us-west
DR-289483,Justin Brewer,"Williams, Leonard and Lee",us-west
DR-713024,Jessica Brown,Short-Murphy,us-central
DR-477233,Christian Williams,Robinson Ltd,us-west
DR-501636,Ronald Yang,Terrell-Garza,us-central
DR-303798,Bryan Cole,Flores PLC,us-west
DR-808291,Laura Villarreal,Miller Ltd,us-central
DR-321933,Jacob Moore,"Moody, Torres and Henson",us-central
DR-186047,James Small,Brady Inc,us-central
DR-295689,Austin Johnson,Joseph LLC,us-west
DR-531857,Michelle Daniels,Bell-Peterson,us-central
DR-663917,Deborah Brown,Schmidt Ltd,us-central
DR-148580,Bryan Perkins,Moreno Inc,us-central
DR-453631,Gary Hardin,"Wilcox, Freeman and Rivas",us-central
DR-650572,Erik Alvarez,"Brandt, Johnson and Rocha",us-central
DR-911916,Dr. Alexis Campbell,Robinson Group,us-west
DR-903785,Cristian Williams,"Baker, Johnson and Bennett",us-central
DR-576877,Jennifer Russell,"Michael, Rowe and Perez",us-west
DR-815832,Matthew Miller,"Huff, Camacho and Lopez",us-central
DR-618633,David Ross,Shepherd Ltd,us-west
DR-705968,Brenda Barber,Hughes and Sons,us-west
DR-553300,Brandon Dennis,"Johnson, Kelley and Garcia",us-west
DR-324998,Joseph Pope,Roberts-Vance,us-central
DR-603577,Joe Henderson,Boyle-Wright,us-west
DR-959803,Anthony Daniels,"Ortiz, Turner and Jones",us-west
DR-453596,Andrew Collins,Wright-Barrett,us-west
DR-459419,Peter Irwin,Weiss-Rodriguez,us-central
DR-543358,Tammy Hensley,"Hansen, Ashley and Powell",us-west
DR-624421,Jerry Escobar,Hayes-Carrillo,us-west
DR-963320,Julie Lewis,Brown and Sons,us-west
DR-995237,Henry Johnson,Becker and Sons,us-central
DR-787064,Jordan Dodson,Garcia-Smith,us-central
DR-527449,Todd Guerrero,"Klein, Mcdowell and Farley",us-west
DR-444404,Mitchell Brown,Pacheco Ltd,us-central
DR-672187,Rebecca Dodson,Salazar Inc,us-west
DR-789990,Stacey Fitzgerald,Lam Group,us-west
DR-603545,Sean Alexander,Moore Inc,us-west
DR-442413,Tammy Pierce,Craig and Sons,us-west
DR-745015,Alexandra Lindsey,Lopez Ltd,us-central
DR-148096,William Stokes,Contreras Inc,us-west
DR-488396,Katie Gonzalez,Boyd Inc,us-west
DR-231674,James Ramsey,"Webb, Sutton and Schmidt",us-west
DR-675537,Alexander Clark,Solis-Bolton,us-west
DR-379703,Shannon Whitaker,Cummings and Sons,us-west
DR-740511,Michael Golden,Baker Ltd,us-west
DR-809467,Paul Logan,Taylor-Rivera,us-west
DR-535211,Alexandra Ray,"Thompson, Lewis and Murphy",us-west
DR-664308,James Adams,"Martinez, Taylor and Tran",us-central
DR-841305,Shelby Mcclain,"Hill, Cervantes and Myers",us-central
DR-366562,Cynthia Campbell,"Mcmahon, Howell and Robinson",us-west
DR-452546,Jose Foster,Johnson PLC,us-central
DR-772962,David Morrow,"Ross, Harrington and Mcmahon",us-west
DR-256621,Nathan Mcmillan,Thompson and Sons,us-west
DR-160505,Cameron Holland,Davis-Phillips,us-west
DR-902119,Rachel Rios,Miller-Walker,us-west
DR-412506,Natalie Moore,Mcintyre-Rasmussen,us-central
DR-189894,Chase Richard,Hinton-Rodriguez,us-central
DR-852157,Sonya Meza,Ward Ltd,us-central
DR-963658,Timothy Collier,"Phillips, Brewer and Wallace",us-west
DR-328155,Philip Clark,Lee-Lopez,us-west
DR-602939,Amber Harris,Castro Group,us-central
DR-927308,Todd Thomas,"Taylor, Wood and Hall",us-west
DR-564149,Ethan Marshall,Miller-Walton,us-west
DR-940174,Courtney Schultz,Swanson Inc,us-west
DR-282893,Tammy Gomez,"Shaw, Oliver and Obrien",us-west
DR-813837,Karen Blair,"Campbell, Day and Jackson",us-west
DR-600374,William Shepard,"Good, Lin and Chandler",us-west
DR-306546,Mary Lewis,Proctor LLC,us-west
DR-509813,Gilbert Craig,"Evans, Miller and Perez",us-west
DR-350734,Sara Johnson,"Fields, Johnson and Harris",us-west
DR-534517,Lucas Burnett,Dalton-Gomez,us-central
DR-882113,Debra Barron,Sanchez Group,us-central
DR-824200,Ms. Felicia Flores DDS,Smith Group,us-central
DR-167880,Michele Coleman,Lewis Inc,us-central
DR-469294,Jared Floyd,"Powers, Marshall and Rogers",us-west
DR-691836,Jason Briggs,"Miller, King and Johnston",us-west
DR-494838,Jonathan Watts,Jones PLC,us-central
DR-414415,Karen Greene,"Lewis, Franklin and Williams",us-west
DR-615532,Christina Ross,Flynn and Sons,us-central
DR-735973,Alexis Smith,Buckley-Thomas,us-west
DR-705574,Michael Washington,"Vargas, Figueroa and Wilkins",us-west
DR-182012,Leah Bean,Gross-Harris,us-central
DR-563959,Julia Evans,Davis LLC,us-central
DR-336207,Mike Kelly,Bennett Inc,us-west
DR-805050,Adrian Watkins,Barr-Hartman,us-central
DR-762583,Melanie Thomas,Sheppard and Sons,us-central
DR-259586,Benjamin Williams,Williams-Martinez,us-central
DR-537703,Michele Valenzuela,Newton Ltd,us-west
DR-302112,Melissa Hernandez,Smith and Sons,us-central
DR-590699,Elizabeth Miller DVM,Doyle Ltd,us-central
DR-878903,Brian Hill,Thompson-Ramos,us-central
DR-464800,Michelle Allen,Leach-Hess,us-west
DR-415247,Susan Mccullough,Sparks-Kelly,us-central
DR-968058,Brandon Ferguson,Taylor-Coffey,us-central
DR-861010,Donald Moses,Myers Inc,us-west
DR-802844,Anthony Williams,Ibarra Group,us-central
DR-742820,Jill Chambers,"Tucker, Vega and Murphy",us-central
DR-440306,Eric Mullen III,"Perez, Ruiz and Page",us-west
DR-924311,Scott Hampton,"Oliver, Moore and Moore",us-central
DR-348374,Jessica Franklin,"Vance, Vang and Garcia",us-west
DR-575288,Laura Alexander,Hunter LLC,us-west
DR-655710,Rebecca James,"Weber, Montoya and Smith",us-central
DR-972456,Samantha Hamilton,Costa Group,us-central
DR-936383,Barbara Young,Mckee-Valdez,us-west
DR-745139,Dalton Ho,"Jones, Trevino and Brown",us-west
DR-174494,Laura Wells,Johnson Group,us-central
DR-650026,Robert Vasquez,Jimenez-Murphy,us-west
DR-880628,Julie Robinson,"Smith, Murray and Hernandez",us-central
DR-455603,Roger Garrett,Daniel Ltd,us-central
DR-288477,Cynthia Allen,"Wright, Kennedy and Ford",us-west
DR-880770,Lorraine Barajas,Hughes-Duncan,us-west
DR-566991,Kevin Moreno,Boyd Ltd,us-west
DR-646664,Mr. Eric Mckenzie,Russell-Moore,us-central
DR-726392,Sheri Colon,Martin-Martinez,us-west
DR-383768,Tracie Clark,"Hall, Walker and Harmon",us-central
DR-404496,Melanie Bell,Nunez-Evans,us-central
DR-481588,Vincent Cantu,Bradley-Garrett,us-central
DR-430564,Lori Hill,Kline and Sons,us-west
DR-458407,Heidi Pierce,Silva LLC,us-central
DR-222561,Sharon Herrera,"Bautista, Benitez and Smith",us-west
DR-288961,David Andrade,"Klein, Hays and Underwood",us-central
DR-529032,Andrew Jenkins,Harris-Flores,us-central
DR-972620,Kevin Wells,Jones Group,us-central
DR-699417,Angela King,Moore Ltd,us-central
DR-403811,Kimberly Walker,Richardson-Lynch,us-west
DR-682603,Diane Hardy,"Blake, Fuentes and Brown",us-west
DR-817003,Seth Harvey,Gordon and Sons,us-west
DR-555353,Jeanette James,"Rogers, Dixon and Fisher",us-central
DR-191134,David Parker,"Costa, Rose and Mora",us-west
DR-639787,David Powers,Foster LLC,us-central
DR-937469,Daniel Nelson,"Stone, Crawford and Ramos",us-central
DR-179073,Sherri Alvarado MD,Marks-Fernandez,us-west
DR-633657,Tina Johnson,"Greene, Rose and Bailey",us-west
DR-993285,Sarah Rose,"Jimenez, Parker and Anderson",us-central
DR-411144,Nathan Thompson,Ramsey PLC,us-central
DR-922802,Mackenzie Johnson,Peters and Sons,us-central
DR-697037,Kimberly Wood,Reyes-Rogers,us-west
DR-991919,Theodore Gomez,"Perry, Pittman and Hill",us-west
DR-679180,Adam Stewart,"Adams, Vazquez and Williams",us-central
DR-839028,Kendra Brewer,Duncan LLC,us-west
DR-189929,Patricia Bennett,Adams PLC,us-central
DR-792674,Benjamin Hernandez,Khan Group,us-west
DR-527079,Natalie Lee MD,Luna PLC,us-west
DR-242248,Sabrina Weber,Taylor-Kramer,us-west
DR-219195,Erica Williams,"Lewis, Hart and Jennings",us-central
DR-494658,Bobby Harvey,"Gordon, Martin and Lewis",us-central
DR-250702,Kristin Tucker,"Stevens, Mccarty and Whitehead",us-central
DR-830368,Amanda Levy,Bennett-Garcia,us-west
DR-807729,Elizabeth Gutierrez,Hill-Alexander,us-west
DR-103430,Christine Pearson,"Moon, Mack and Martin",us-west
DR-506102,Alexander Ward,Owen and Sons,us-west
DR-231018,David Thomas,"Johnson, Wilson and Hicks",us-central
DR-251946,Charles Smith,"Stanley, Hood and Armstrong",us-central
DR-375647,Cassandra Parker,Madden-Pacheco,us-central
DR-794475,Kristin Montgomery,"Bates, Brady and Collins",us-west
DR-987609,Melissa Wang,"Thomas, Knight and Cameron",us-west
DR-511694,Jordan Perry,Finley Ltd,us-central
DR-770456,Alexandra Snyder,Good Group,us-west
DR-857898,Christian Blair,"Cook, Cohen and Moss",us-central
DR-660119,Dawn Larsen,Yoder-Williams,us-west
DR-843323,Timothy Chung,Atkins-Bailey,us-central
DR-987145,Keith Henry,"Olsen, Hall and Richardson",us-central
DR-902359,Debbie Collins,Smith and Sons,us-west
DR-945735,Andrew Hines,"Schwartz, Lloyd and Chang",us-west
DR-857838,David Ward,Collins-Ruiz,us-west
DR-917405,Barbara Taylor,Benson and Sons,us-central
DR-563664,Thomas Coleman,King PLC,us-west
DR-704958,Carlos Roberts,King-Murphy,us-central
DR-343129,Denise Hill,Franco-Hill,us-west
DR-956715,Mrs. Kim Davis,Peterson Group,us-central
DR-716527,Dennis French MD,"Payne, Green and Riley",us-central
DR-383625,Nathaniel Martinez,"Lewis, Mayer and Lynch",us-central
DR-780527,Tonya Acosta,"Blevins, Logan and Hamilton",us-central
DR-654542,Alexander Stewart,"Meyer, Johnson and Stafford",us-central
DR-283937,Penny Burnett,Burnett-Johnston,us-central
DR-538250,David Fischer MD,"Rhodes, Dennis and Cook",us-central
DR-913953,Patricia Burton,Smith-Shaw,us-central
DR-360474,Sean Schultz,"Mack, Carpenter and Steele",us-central
DR-512247,Kelly Deleon,"Walter, Anderson and Knight",us-west
DR-774009,Cheryl Hughes,"Harris, Torres and Miller",us-west
DR-354672,Dwayne Clay,Ortega Ltd,us-central
DR-193983,Melissa Collins,Woods PLC,us-central
DR-695180,Terry Kelley,Garcia-Frank,us-central
DR-915876,Robert Lopez,Lewis Ltd,us-west
DR-317951,Jerome Smith,Gonzalez Group,us-central
DR-692904,Courtney Alvarado,Jacobs LLC,us-west
DR-941776,Janet Roberts,Hamilton-Donaldson,us-west
DR-565639,Timothy Stewart,Wilson-Bowman,us-central
DR-470131,Brenda Gill,"Griffin, Russell and Miller",us-central
DR-888105,Lauren Williams,Evans Inc,us-central
DR-844450,Jessica Fisher,Poole-Morgan,us-west
DR-519759,Amy Hall,"Velasquez, Donaldson and Johnson",us-west
DR-334814,Chelsea Ray,Fuentes Ltd,us-central
DR-271641,Nathan Smith,Smith-Parker,us-west
DR-142776,Marissa Schmitt,Ramirez-Moody,us-central
DR-948257,Russell Welch,Ford and Sons,us-west
DR-700412,Samantha Owens,Graham-Stevens,us-west
DR-870586,Clarence Johnson,Thomas-Nielsen,us-west
DR-851824,Danielle Boyd,Garcia-Wolf,us-central
DR-474793,Mckenzie Jimenez,"Gutierrez, Garza and Jackson",us-west
DR-226044,Katrina Barrett,"Hamilton, Campos and Hansen",us-central
DR-848482,Rebecca Alexander,Davis-Hancock,us-central
DR-212465,Jennifer Stewart,Hall Group,us-west
DR-394691,Felicia Lucas,"Roberts, Howell and Ortega",us-central
DR-383854,Ian Jones,"Martin, Santana and Harris",us-west
DR-268165,Stephanie Thompson,Chen-Christensen,us-central
DR-811547,Mark Wang,Miller Group,us-west
DR-387389,Mary Sanders,Hall LLC,us-central
DR-941034,Tiffany Brown,Rodriguez Inc,us-central
DR-901180,Debra House,Cross-Smith,us-west
DR-731584,Leah Oneill,"Cox, Cole and Leblanc",us-central
DR-395282,Shane Charles,Hurley-George,us-central
DR-381986,Rachel Smith,Cook PLC,us-west
DR-873946,Angela Graham,Johnson Inc,us-central
DR-756384,Jill Garcia,Davis Ltd,us-central
DR-626596,Cheryl Johnson,Baker and Sons,us-west
DR-996846,Scott Bentley,Hall-Jackson,us-west
DR-367808,Jessica Williams,"Wilson, Herring and Woods",us-central
DR-840621,Jamie Fry,Nixon-Cole,us-central
DR-413117,John Johnson,"Cortez, King and Munoz",us-west
DR-924177,Sara Romero,Castaneda LLC,us-west
DR-606346,Ryan Romero,"Hernandez, Drake and Rivera",us-west
DR-915100,Peter Smith,Contreras and Sons,us-west
DR-298797,Angela Smith,"Long, Richards and Peterson",us-central
DR-645832,Patrick Turner,"Graves, Wilson and Campos",us-west
DR-146716,Julie Reyes,Morris LLC,us-west
DR-652186,Jessica Moran,Morrison-Foster,us-west
DR-416516,Dr. Andrea Escobar MD,Adams-Martinez,us-central
DR-309279,Michael Hopkins,Smith LLC,us-central
DR-999287,Amanda Carrillo,Scott-Jordan,us-west
DR-122432,Oscar Lynn,Ramos PLC,us-central
DR-533101,Donna Jimenez,"Brown, Olson and Carter",us-central
DR-801547,Caroline Rhodes,Becker Group,us-west
DR-495177,Becky Rodgers,Wilcox LLC,us-west
DR-886054,Jason Moore,"Harvey, Maldonado and Curtis",us-west
DR-488257,Mary Adams,Davis-Weiss,us-central
DR-807751,Erin Hall,"Vaughn, Wilson and Smith",us-west
DR-385414,Jacob Perez,Stewart-Strickland,us-central
DR-645171,Alexander Buchanan,Jones PLC,us-west
DR-813975,Crystal Smith,Estrada and Sons,us-central
DR-400984,Megan Harvey,Francis and Sons,us-west
DR-103379,Edward Gibson,Joseph-Shelton,us-west
DR-577023,Kevin Ramirez,Hawkins-Guzman,us-central
DR-412400,Robert Castillo,"Carter, Harris and Duran",us-central
DR-781794,Matthew May,Morgan-Garza,us-central
DR-435638,Richard Robinson,"Moore, Patel and Arias",us-west
DR-483487,Joshua Lee,"West, Jones and Winters",us-central
DR-543593,Nichole Bass,"Ramos, Green and Oliver",us-central
DR-593595,Joshua Gray,"Perry, Nelson and Johnson",us-west
DR-734802,Annette Walker,Jordan Group,us-west
DR-458917,Shawn Oneal,Alexander Ltd,us-west
DR-121521,Thomas Payne,Garcia Ltd,us-central
DR-740426,Summer Wang,"Potts, Brown and Bell",us-west
DR-899154,Jordan Goodman,"Allen, Johnson and Wall",us-central
DR-465377,Tyler Anderson,"Martinez, Scott and Davis",us-west
DR-776668,Thomas Duran,Cabrera-Lucas,us-west
DR-410863,Carl Johnson,Perez-Jones,us-central
DR-939659,Christopher Graves,"Frazier, Garza and Kline",us-west
DR-932376,Raymond Thompson,"Vega, Luna and Dougherty",us-central
DR-875426,Allison Brown,"Byrd, Gonzalez and Brown",us-west
DR-246913,Charles Ramirez,Stephens Group,us-central
DR-860458,David Proctor,"Soto, Williams and Mullins",us-central
DR-167102,Victor Campbell,"Vasquez, Shaw and Smith",us-central
DR-646782,John Sandoval,Jimenez-Schneider,us-west
DR-871931,Mitchell Robertson,"Rivas, Torres and Schneider",us-west
DR-156487,Paul Barton,"Porter, Medina and Figueroa",us-west
DR-147553,Joshua Bradley,"Walker, Garrett and Mccoy",us-west
DR-432494,Reginald Ferguson,Scott-Griffin,us-west
DR-464421,Matthew Brown,Mann PLC,us-west
DR-911423,Brandon Caldwell,Hughes LLC,us-central
DR-709406,Nancy Villegas,Williams LLC,us-central
DR-752019,Haley Banks,Richards-Allen,us-central
DR-685891,Austin Jones,"Mcclure, Perez and Lewis",us-west
DR-977340,Kimberly Martin,Ortiz LLC,us-central
DR-757173,Lisa Diaz,Harper PLC,us-central
DR-407691,Brett Simpson,"Smith, Mann and Hanson",us-central
DR-985020,Douglas Moore,Mcfarland-Lozano,us-west
DR-499444,Michelle Fox,"Arroyo, Hess and Page",us-central
DR-677088,Roy Jones,Velasquez-Patton,us-west
DR-117153,Julie Garcia,Harmon-Holmes,us-central
DR-112711,Carrie Merritt,Bridges LLC,us-west
DR-426295,Christopher Watts,Thompson and Sons,us-west
DR-977518,Laura Turner,Williams-Schwartz,us-west
DR-856407,Stephen Forbes,"Brown, Stevens and Parks",us-central
DR-985880,Daniel Cherry,Pham Ltd,us-central
DR-608777,Christian Hines,Gilbert PLC,us-west
DR-942058,Tracey Lopez,"Watts, Miller and Oliver",us-central
DR-965106,Anthony Valenzuela,"Diaz, Hernandez and Clark",us-central
DR-534403,Kelsey Wolfe,Rubio Ltd,us-central
DR-880659,Kim Armstrong,Grant-Ochoa,us-west
DR-497504,Bryce Wade,Jackson LLC,us-west
DR-893488,Isabella Taylor,Snyder LLC,us-central
DR-788002,Leslie Guzman,Weeks and Sons,us-west
DR-242895,Sarah Stevens,"Meyer, Mcdonald and Hicks",us-west
DR-612062,Lauren Nichols DDS,Potter and Sons,us-central
DR-237518,Reginald Daniel,Riley-Hodge,us-central
DR-887614,Kristen Allen,Sims Ltd,us-west
DR-760726,Jill Haley,Nelson PLC,us-central
DR-564620,Paul Shelton,Ross-Garcia,us-central
DR-192949,William Johnson,Hunter-Lopez,us-central
DR-518977,Donald Diaz,Thompson LLC,us-central
DR-883161,Matthew Wood,"Mendoza, Wheeler and Garrison",us-west
DR-387649,Christian Neal,"Kim, Rivera and Bryant",us-central
DR-184937,John Huynh,"Campos, Hall and Foley",us-west
DR-209054,Kelly Jackson Jr.,Davis-Roberts,us-central
DR-244693,Megan Zimmerman,"Morrison, Little and Silva",us-west
DR-889721,Richard Jones,"Bennett, Smith and Rocha",us-central
DR-664408,Debra Rios MD,"Mcbride, Holden and Cooper",us-west
DR-391668,Johnny Vargas,Miller-Price,us-central
DR-600403,Robert Andrews,"Brown, West and Stevenson",us-central
DR-105402,Angela Moore,Murray Inc,us-west
DR-826909,Andrea Johnson,"Newton, Walls and Ryan",us-west
DR-795674,Bruce Riddle,Robbins Ltd,us-west
DR-655695,Lawrence Small,"Rich, Garza and Rivera",us-central
DR-913239,David Watson,Lambert-Graham,us-central
DR-872334,Billy Fox,Parker-Garner,us-central
DR-661702,Benjamin Nelson Jr.,Lowe Ltd,us-west
DR-303859,Charles Salazar,Hall LLC,us-west
DR-431424,David Kramer,Goodwin-Wilson,us-central
DR-906047,Tara Cook,Norris-Austin,us-west
DR-943400,Nicholas Blair,Stewart-Edwards,us-west
DR-356987,Jamie Murphy,"Ramsey, Church and Newton",us-central
DR-685862,Amber Cook,"Keller, Moody and Oneill",us-west
DR-665184,Sophia Clark,"Diaz, Morris and Wilson",us-west
DR-564902,Jose Hall,"Nicholson, Rojas and Brown",us-central
DR-208562,Daniel Lee,Anderson PLC,us-central
DR-302655,James Rodriguez,Turner PLC,us-west
DR-384459,Jose Hanson,"Ramos, Price and Gibson",us-central
DR-927093,Matthew Sullivan,"Johnson, Williamson and Graham",us-west
DR-417967,Jennifer Brown,Wilkins-Payne,us-central
DR-806815,Michael Gibbs,"Burke, Allen and Quinn",us-west
DR-463846,Carla Blevins,Williams Ltd,us-central
DR-593879,James Luna,Mitchell-Silva,us-central
DR-914216,James May,David Ltd,us-central
DR-104660,Diane Willis,Torres Group,us-west
DR-456036,Jesus Collins,"Gardner, Wolfe and Alexander",us-west
DR-708162,Travis Gibson,"Hampton, Morris and Black",us-central
DR-741316,Courtney Cooper,Ferguson Group,us-west
DR-787296,Emily Edwards,Martin LLC,us-central
DR-518808,Lorraine Adams,Vargas-Decker,us-west
DR-442718,Robert Foster,Parsons PLC,us-central
DR-444410,Christina Cochran,"Reyes, Cruz and Williamson",us-west
DR-804586,Brenda Barnett,Chambers-Phillips,us-central
DR-292634,Allen Short,Meyer Group,us-west
DR-232582,Patricia Gray,Webb-Bryant,us-west
DR-118346,George Bryant,"Hutchinson, Henderson and Salinas",us-west
DR-474065,Lawrence Davis,Trujillo LLC,us-west
DR-284360,Edwin Freeman,"Rodriguez, Griffin and Barrett",us-west
DR-829356,Stephen Williams,Burns Inc,us-west
DR-119901,Elizabeth Walker,Robinson Group,us-central
DR-600843,Janice Arellano,Brown and Sons,us-west
DR-505557,Michael Hunter,Armstrong-Williams,us-west
DR-475679,Sherri Sullivan,Davis-Miller,us-west
DR-126917,Joel Brooks,Rosario Group,us-central
DR-309796,Sarah Chambers,"Lopez, Cook and Young",us-west
DR-619288,Erik Jones,Garcia Group,us-central
DR-187557,James Gonzalez,Smith LLC,us-central
DR-304243,Craig Blevins,Werner-Daniel,us-west
DR-516881,Stephanie Lester,"Wagner, Cole and Carr",us-west
DR-475440,Sara Cook,Whitaker-Ho,us-central
DR-220151,Brian Porter,Jackson-Curry,us-central
DR-134996,Christine Gomez,Smith and Sons,us-west
DR-844494,Emily Miller,"Walker, Hayes and Green",us-central
DR-246080,Fred Mayo,Randall-Davis,us-west
DR-803538,Carolyn Hicks,Brown-Richardson,us-central
DR-284010,Carla Miller,"Jimenez, Steele and White",us-central
DR-316242,Brittany Glover,"Howe, Bauer and Acevedo",us-central
DR-661860,Michael Munoz,Thompson-Brown,us-central
DR-549464,Cassandra Hensley,Blackburn-Gonzalez,us-west
DR-504384,Willie Haynes,"Garcia, Tate and Alvarez",us-west
DR-565317,Patrick Sanchez,Parker and Sons,us-west
DR-434441,Leslie Robles,Waters-Bender,us-west
DR-648160,Dawn Callahan,"King, Olson and Gibson",us-central
DR-407761,Thomas Johnson,"Drake, Warren and Kim",us-west
DR-773028,Darren Mills,Peterson-Walker,us-west
DR-341819,Jacob Turner,Brooks-Davis,us-west
DR-127253,Melissa Christensen,Cameron-Shaw,us-central
DR-418849,Ryan Kidd,Rogers-Perez,us-central
DR-919145,Timothy Macdonald,Sanchez-Jensen,us-west
DR-232470,Michael Johnson,Harris and Sons,us-central
DR-581080,Renee Austin,"Wiley, Jones and Porter",us-west
DR-279561,Grace Graham,Peters LLC,us-central
DR-210841,Shannon Carter,Huerta Inc,us-west
DR-622812,Rebecca Brown,Williams Inc,us-central
DR-319284,Daniel Simmons,"Marshall, Mills and Dalton",us-central
DR-891908,Jennifer Martinez,Park-Burton,us-central
DR-958100,James Rodriguez,Rose Group,us-west
DR-114458,Natalie Blevins,Jones-Cardenas,us-central
DR-463933,Brian Rodriguez,"Mills, Butler and Bailey",us-central
DR-923081,Bobby Wells,"Patel, Cantu and Stark",us-west
DR-446851,Brianna Davis,"Neal, Yates and Wilson",us-west
DR-943975,Debbie Diaz,Anderson-Soto,us-west
DR-199268,Brian Cochran,Mayer PLC,us-west
DR-950647,Jeffrey Brown,"Solomon, Vasquez and Boyd",us-central
DR-611636,Danielle Coleman,Long Inc,us-central
DR-383723,Joshua Banks,Meyer Ltd,us-central
DR-856146,Pamela James,Robbins-Bray,us-west
DR-424294,Michael Bruce,"Robinson, Crane and Daniel",us-central
DR-569285,Jesse Moore,Allen-Thompson,us-central
DR-162809,Allison Jones,Dunn Ltd,us-west
DR-660421,Eric Walters,Lamb Ltd,us-central
DR-369963,Tasha Coleman,"Welch, Berg and Terrell",us-central
DR-857509,Alexis Davis,Cantu-Acosta,us-west
DR-437510,Jonathan Silva,Boyd PLC,us-west
DR-792021,Christian Moyer,White and Sons,us-west
DR-194292,Kathy Wolf,"Marsh, Fisher and Bates",us-central
DR-530841,Ian Martin,Rodriguez Inc,us-west
DR-945053,Michael Collins,Martin-Farrell,us-west
DR-374631,Keith Lindsey,Smith-Ford,us-central
DR-484657,Brian Hayes,"Ortega, Cameron and Little",us-central
DR-390245,Antonio Castillo,Garcia-Pratt,us-west
DR-917055,Justin Holt,Taylor Ltd,us-west
DR-668436,Matthew Allen,"Garcia, Wilson and Austin",us-central
DR-620169,Lindsay Jennings,Butler Group,us-west
DR-680584,Pamela Alexander,Garcia Inc,us-west
DR-651247,Sharon Miller,"Clark, Green and Brown",us-central
DR-614265,David Davis,Wright LLC,us-central
DR-882578,Meredith Ramsey,Hicks Ltd,us-west
DR-576958,Nicole Conley,Ferguson PLC,us-west
DR-718875,Mr. Antonio Miles,Dyer Group,us-west
DR-319202,Dr. Kiara Gregory,"Parks, Wright and Colon",us-west
DR-785084,Stephanie Daniel,Smith Group,us-central
DR-264798,Thomas Lewis,Jennings-Bailey,us-central
DR-704501,Rebecca Orozco,"Reynolds, Jones and Mendez",us-central
DR-692973,Andrea Murray,"Lee, Ortiz and Williams",us-west
DR-522098,Natalie Webster,"Ward, Merritt and Dorsey",us-central
DR-792790,Timothy Wilson,"Stevenson, Allen and Spencer",us-west
DR-539672,Steven Parker,Kelly-West,us-west
DR-385190,Michelle White,Walters-Miller,us-central
DR-783119,Scott Whitney,Camacho-Medina,us-central
DR-939616,Justin Rasmussen,"Taylor, Miller and Miller",us-central
DR-682639,Melissa Clark,"Shaw, Coffey and Jimenez",us-west
DR-262495,Morgan Barrett,Rivera-Mcdonald,us-west
DR-899131,Zachary Andrews,Macdonald-Lambert,us-west
DR-661976,Colleen Warner,"Cole, Ward and Hernandez",us-west
DR-737039,Christine Casey,Davis-Krueger,us-west
DR-183052,Keith Nelson,Martinez Inc,us-central
DR-788327,Mary Smith,Flores-Diaz,us-central
DR-651886,Rachel Cannon,Johnson-Wells,us-central
DR-773173,Bradley White,"Franco, Williams and Casey",us-central
DR-894409,Mary Mcdonald,Snyder PLC,us-west
DR-346902,Amy Meyer,"Garrison, Griffin and Shaw",us-west
DR-359631,Catherine Armstrong,Marquez-Briggs,us-west
DR-211481,Daniel Sullivan,"Arnold, Mccormick and Fischer",us-west
DR-449724,Debra Cabrera,Ibarra PLC,us-west
DR-143174,Jenna Johnson,"Rodriguez, Ward and Gonzalez",us-central
DR-444947,Sheila Walsh,Eaton-Ford,us-central
DR-827538,John Myers,Mccarthy-Payne,us-central
DR-392059,Kelsey Bradley,Hughes PLC,us-west
DR-589826,Carlos Lewis,"Cline, May and Lambert",us-west
DR-106534,Jennifer Wood,"Harris, Mendez and Vance",us-west
DR-115560,Tim Thompson,Nguyen Group,us-west
DR-475597,Rachael Glover,Wagner LLC,us-central
DR-190651,Calvin Ball,Gonzalez Group,us-west
DR-222803,Laura Michael,Brooks-Colon,us-west
DR-119062,Michael Lopez,"Williamson, Rojas and Johnson",us-west
DR-956517,Cody Benitez,"Young, Kidd and Gomez",us-west
DR-962868,Sheila Brown,"Griffin, Fox and Rivas",us-west
DR-180624,Kaitlyn Greene,"Paul, Shepard and Douglas",us-west
DR-650731,Jeremy Delgado,"Berry, Wood and Maldonado",us-west
DR-377941,Yolanda Bennett,Mcgee-Fischer,us-central
DR-832585,Cynthia Hawkins,"Coleman, Howard and Mcdonald",us-central
DR-979800,Stephen Tran,Lloyd Inc,us-central
DR-374311,Christina Fowler,Glenn-Baldwin,us-west
DR-453821,Albert Cooper,Hudson-Church,us-central
DR-107350,Melissa Anthony,"Anderson, Osborne and Martinez",us-central
DR-870780,Mark Smith,Lucas PLC,us-central
DR-624608,Mr. Michael Briggs MD,"Snyder, Morales and Clay",us-central
DR-614746,Samantha Jones,Williams-Wong,us-west
DR-267088,Richard Eaton,"Allen, Lopez and Hayes",us-central
DR-967105,Nicole Hill,Garner and Sons,us-central
DR-153976,Andrew Ferguson,Morgan-Schwartz,us-central
DR-749333,Kelsey Green,Nguyen LLC,us-west
DR-996396,Julie Smith DDS,Torres PLC,us-central
DR-823142,Christina Robinson,"Owens, Mitchell and Duke",us-west
DR-725929,Karen Hamilton,Campbell Group,us-west
DR-176834,Thomas Johnson,Vaughn Ltd,us-central
DR-945212,Juan Simpson,"Bradley, Potter and Perez",us-west
DR-370507,Monica Bonilla,"Riley, Diaz and Mason",us-central
DR-968031,Michael Baker,"Hampton, Holt and Richardson",us-central
DR-827550,Alex Garcia,"Hernandez, Hart and Hughes",us-west
DR-886742,Diana Knapp,"Taylor, Smith and Calhoun",us-central
DR-830010,Kyle Smith,Nicholson-Randolph,us-west
DR-268625,Jake Wilkinson,Ferguson and Sons,us-central
DR-223499,Kyle Shaw,Ingram Group,us-central
DR-456805,Audrey Stewart,Shaw LLC,us-central
DR-229093,Daniel Galvan,White Inc,us-central
DR-467184,Kelly Powell,Burgess LLC,us-west
DR-732256,Alexander Thomas,"Ashley, Velasquez and Ferguson",us-central
DR-745788,Linda Gates,"Miller, Lawrence and Johnson",us-west
DR-297599,Monica Donaldson,"Mcconnell, Gardner and Hicks",us-central
DR-151208,Patrick Ward,Freeman-Mayo,us-central
DR-225083,Lindsey Mcclure,Fry-Collins,us-west
DR-230682,Mr. John Blackburn PhD,Garcia Ltd,us-west
DR-132416,Jacob Peterson,Davis Ltd,us-central
DR-904665,Stephen Murphy,Taylor-Huynh,us-central
DR-105552,Susan Schroeder,"Johnson, Huff and Evans",us-west
DR-983690,Jeremy Freeman,Allen-Brown,us-central
DR-218583,Eric Garcia,Nelson-Craig,us-west
DR-130586,Jon Cruz,Shaw and Sons,us-west
DR-287463,Morgan Walker,Pope-Garrison,us-central
DR-829834,Timothy Hansen,Brown Inc,us-west
DR-527606,Evan Sanchez,Collins Group,us-central
DR-181962,Taylor Lambert,Adams LLC,us-west
DR-861917,George Waters DVM,"Riley, Burke and Smith",us-central
DR-763873,Janet Owens,Payne Inc,us-central
DR-212849,Kathryn Campbell,"Brewer, Thompson and Bennett",us-central
DR-320892,Kathryn Perez,"Donovan, Hutchinson and Lowe",us-central
DR-877634,Mary Choi,Mills-Johns,us-central
DR-368568,Edgar Hernandez,Chavez Group,us-central
DR-919913,Charlotte Figueroa,Watson-Schroeder,us-central
DR-933629,Mark Duarte,"Whitehead, Vargas and Webb",us-central
DR-522414,Charles Ochoa,Atkins PLC,us-west
DR-540314,Kayla Smith,Mcdonald Inc,us-central
DR-720241,Tim Andrews,"Cruz, Kim and Wagner",us-west
DR-288181,Susan Morris,Alvarez Group,us-west
DR-226410,Zachary Wood,Wood LLC,us-central
DR-904454,Luis Randall,Pollard-Parrish,us-central
DR-831100,Shawn Taylor,Williams-West,us-west
DR-799425,Laurie Gibson,Schultz-George,us-central
DR-357333,Peter Wolfe,Bauer-Steele,us-west
DR-810165,Dawn Castillo,Kelley Ltd,us-central
DR-451928,Rachel Hunt,Watson-Bartlett,us-west
DR-637231,Kelsey Baxter,Smith-Jimenez,us-west
DR-582020,Kelly Brown,Silva-Parker,us-west
DR-119749,Sabrina Hernandez,Petersen-Johnson,us-central
DR-725709,Kristen Bender,"Benitez, Steele and Short",us-central
DR-567218,Shelby Luna,"Moore, Webster and Wilkerson",us-central
DR-313487,Jeffery Humphrey,Alexander Group,us-central
DR-210771,Donald Johnson,Vaughn Group,us-west
DR-413747,Regina Castillo,Mason Inc,us-central
DR-443668,Richard Rodriguez,Griffin and Sons,us-central
DR-907680,Jeffrey Knight,Watkins-Weber,us-central
DR-189965,Alan Patton,Wilson Ltd,us-central
DR-644720,Dr. Eric Davis DDS,"Dorsey, Hamilton and Peterson",us-west
DR-858429,Thomas Long,Dickson and Sons,us-central
DR-919410,Teresa Carter DDS,"Page, Valentine and Fitzgerald",us-central
DR-523567,Gregory Baxter,Rodriguez-Ferguson,us-central
DR-351506,Eric Smith,Gonzalez-Walters,us-west
DR-484841,Angela Bartlett,Walker-Lee,us-west
DR-669629,Sean Daniels,"Alexander, Ramirez and Pennington",us-central
DR-302182,Heather Mcdonald,"Scott, Long and Evans",us-west
DR-596704,Jerry Warren,"Wood, Smith and Montgomery",us-west
DR-903680,Chad Reyes,"Valentine, Patterson and Lee",us-central
DR-620081,Bryan Weiss,Gibson LLC,us-central
DR-698721,Jacob Watkins,"Harmon, Fox and Miller",us-central
DR-597377,Cody Jones,Phelps-Thomas,us-west
DR-992811,Vincent Ward,"Gutierrez, Torres and Banks",us-central
DR-493516,Jessica Christian,Dean-Fox,us-central
DR-342898,Justin Prince,Robinson-Thomas,us-central
DR-790113,Donald Hodges III,Lopez-Green,us-central
DR-111199,Anthony Watson,"Roberts, Lynn and Levy",us-west
DR-266933,John Brown,Weaver-Perez,us-central
DR-772073,Katie Montgomery,Woods LLC,us-west
DR-976814,Meghan Garcia,Anderson-Trujillo,us-west
DR-250660,Samantha Gates,Norris Inc,us-west
DR-417362,Christopher Brown,Johnson-Bryan,us-central
DR-962013,Kristi Morrison,Burke Group,us-central
DR-787393,Michael Henderson,Rivera Ltd,us-central
DR-651682,Jonathan Freeman,"Alvarado, Salazar and Wilson",us-west
DR-489392,Krista Ortega,Murphy-Ramsey,us-west
DR-990541,Billy Bradley,Singh Ltd,us-west
DR-609101,Bailey Monroe,Strickland-Salinas,us-central
DR-336279,Courtney Giles,"Bullock, Smith and Wheeler",us-west
DR-865374,Maria Bush,Barrett and Sons,us-west
DR-140181,Kim Adams,Barton-Williamson,us-central
DR-934134,Ethan Perez,"Nichols, Bond and Esparza",us-central
DR-804074,Joseph Santiago,"Dalton, Knapp and Solis",us-central
DR-328500,Timothy Meyer,Blackburn Group,us-west
DR-847411,Joanna Wright,"Moore, Oliver and Friedman",us-west
DR-528385,Rachel Meyer,Martin-Lewis,us-west
DR-968538,Marvin Rodriguez,Wilson PLC,us-west
DR-439526,Adam Anderson,Richardson-Guzman,us-west
DR-966617,Jesse Austin,"Jones, Wright and Bennett",us-central
DR-896093,Steven Wiggins,"Sanders, Lawson and Roberson",us-central
DR-841893,Christopher Martin,Benitez-Fields,us-central
DR-167031,Katie Ray,Gomez-Phillips,us-central
DR-471723,Samantha Anderson,Johnson Group,us-west
DR-737682,Amy Bailey,Collins-Greene,us-west
DR-302331,Emily Edwards,Schmidt Inc,us-central
DR-891840,Mallory Moss,Buck-Anderson,us-west
DR-803982,Brian Powell,"Green, Mcdaniel and Payne",us-central
DR-544606,Oscar Russell,Rose Ltd,us-central
DR-904490,Timothy Huerta,Manning Ltd,us-west
DR-699586,Elizabeth Oconnor,Andrade-Smith,us-central
DR-751300,Patricia Contreras,Graves-Gonzalez,us-central
DR-179995,Tara Elliott,Atkins-Baker,us-west
DR-301361,Nicholas Jimenez,Frank-Wade,us-west
DR-521773,Cynthia Serrano,Rogers-Whitehead,us-west
DR-611103,Michelle Williams,Miller-Barnett,us-west
DR-718345,Kathryn Harris,"Castro, Wilkins and Schmidt",us-west
DR-816139,Renee Bowen,Robinson PLC,us-west
DR-241359,Edward Young,Vang Ltd,us-west
DR-633754,Kaylee Hill,Ellis-Thornton,us-west
DR-115824,Anthony Price,Hamilton-Taylor,us-central
DR-476426,Theresa Curtis,Campbell-Martinez,us-west
DR-974413,Jennifer Reed,"Briggs, Miller and Oconnor",us-central
DR-109593,Jennifer Barton,Mejia and Sons,us-west
DR-697048,Eric Erickson,"Phillips, Harper and Combs",us-central
DR-733265,Teresa King,Chavez-Lang,us-west
DR-929080,Vanessa White,Boone Group,us-central
DR-516191,Alicia Ward,"Castro, Miller and Moody",us-central
DR-796762,Melissa Wells,"Evans, Rhodes and Klein",us-west
DR-140718,Jesse Lopez,Sosa-Welch,us-west
DR-125262,Autumn Frank,Church Group,us-central
DR-238581,Andrew Robbins,"Torres, Ramsey and Thompson",us-west
DR-603978,Sean Davila,"Davis, Owens and Hansen",us-central
DR-563379,Barbara Watkins,Henson Inc,us-west
DR-118356,Susan Jackson,"Taylor, Bond and Romero",us-central
DR-345323,Janet Cortez,Patterson Ltd,us-central
DR-431088,Tiffany Holt,Ruiz-Merritt,us-west
DR-704064,Riley Ryan,"Price, Russell and Hart",us-west
DR-336860,Ricky Valenzuela,"Davis, Anderson and Lewis",us-west
DR-269187,Wendy Benson,Cantu Ltd,us-west
DR-640571,Alex Butler,Harrington-Campos,us-central
DR-231423,Dylan Clarke,Anderson LLC,us-central
DR-409137,Kari Gonzales,Hawkins PLC,us-west
DR-646730,Marcus Carroll,Ochoa-Johnson,us-central
DR-768106,Dr. Valerie Archer,Rojas-Higgins,us-west
DR-360507,Nathan Daniel,"Wilson, Shepard and Sparks",us-west
DR-103288,Joseph Vargas,Evans-Baker,us-central
DR-662111,Amanda Obrien,Yoder LLC,us-central
DR-118534,Danielle Werner,"Jensen, Harris and Romero",us-central
DR-643469,David Duke,Villanueva-Dunlap,us-central
DR-178616,Julia Gamble,Carlson-Newman,us-west
DR-819398,Gloria Curtis,Ferguson-Patton,us-central
DR-467329,Jacqueline Lewis,Martinez-Baker,us-west
DR-673797,Daniel Phillips,Holland Ltd,us-central
DR-634591,Mr. Eric Romero,Nolan PLC,us-west
DR-603231,Kristina Robertson,Allison-Nelson,us-west
DR-742366,Matthew Cole,Davis and Sons,us-central
DR-109632,Jennifer Ramirez,Reynolds-Kennedy,us-central
DR-654479,James Clayton,"Huang, Jimenez and Bray",us-west
DR-189661,Dylan Gonzalez,Hodges-Mason,us-west
DR-726629,Steven Miranda,Smith and Sons,us-west
DR-635017,Ronald Ramirez,Wilson PLC,us-west
DR-933301,Crystal Dixon,"Perez, Warren and Williams",us-central
DR-613770,Anna Clark,Vargas-Campos,us-west
DR-669026,Sara Munoz,Miranda and Sons,us-central
DR-113776,Shelby Owen,Terry-Smith,us-west
DR-145200,David Coleman,Hernandez LLC,us-central
DR-800006,Gregory Fitzgerald,Hernandez-Peterson,us-central
DR-895206,James Griffin,Reid PLC,us-west
DR-674639,Katie Evans,"Fuller, Roberts and Browning",us-west
DR-442055,Kyle Hess,West-Jackson,us-central
DR-598802,Amanda Moore,"Edwards, Silva and Thomas",us-central
DR-993870,Shaun Martinez,Davis-English,us-west
DR-504809,Douglas Pearson,"Jordan, Booth and Stewart",us-west
DR-245298,Stephen Hernandez,"Bush, Brown and Lee",us-west
DR-923288,Andre Douglas,Young-Fisher,us-central
DR-741333,Ricky Montgomery,Clayton Inc,us-west
DR-384913,Jason Krause,"Taylor, Sparks and Hunter",us-central
DR-919443,Sheila Reid,Ramirez PLC,us-west
DR-916642,Anthony Griffin,"Lewis, Holmes and Brown",us-central
DR-767202,Sharon Franklin,Rodriguez-Smith,us-central
DR-153546,Anthony Williams,"Powers, Byrd and Small",us-west
DR-531096,Stephanie Blevins,Walker and Sons,us-west
DR-337022,Amanda Cook,Nelson-Evans,us-west
DR-386917,Todd Andrews,Roberson LLC,us-west
DR-806360,Jonathan Lowe,"Skinner, Ortiz and Hill",us-central
DR-907940,Katelyn Boyd,"Vasquez, Barrett and Brown",us-west
DR-668894,Brenda Rogers,Wilson LLC,us-central
DR-663597,Connie Torres,Conway-Carroll,us-west
DR-495265,Brandon Gardner,Wise-Graham,us-west
DR-706620,Aaron Bennett,Green-White,us-central
DR-183284,Aaron Lee,"Mclean, Lynch and Hawkins",us-west
DR-109338,Linda Underwood,"Ibarra, Howard and Carroll",us-west
DR-751512,Nathan Cole,Flores-Williams,us-central
DR-260941,Kristy Garcia,Gray Inc,us-west
DR-886608,Jonathan Bates,"Parker, Mcintosh and Garcia",us-central
DR-546925,Joann Conrad,"Robertson, Hernandez and Vaughn",us-west
DR-490728,Bobby Stout,Reid-Greene,us-west
DR-821070,April Adams,Greene Inc,us-central
DR-992399,Kristen Arroyo,Hartman-Harper,us-central
DR-512286,Ricardo Davis,Cox Inc,us-central
DR-302637,Julie Moore,Adams-Phillips,us-central
DR-396760,Mr. Mike Miller,Willis-Vasquez,us-central
DR-313009,Brian Johnson,Owen LLC,us-central
DR-955905,Ashley Wheeler,Hood-Dixon,us-west
DR-316866,Miss Melissa Dickerson,Sullivan-Garcia,us-west
DR-979401,Jeffrey Torres,"Porter, Kirk and Clark",us-west
DR-965945,Mary Powell,Williams Group,us-west
DR-769641,Allison Williams,Wilson-Reyes,us-west
DR-533706,Derek Ferrell,Robinson and Sons,us-central
DR-699784,Robert Johnson,Taylor-Bradley,us-west
DR-254218,Dr. Lynn Meadows,"Armstrong, Bates and Young",us-west
DR-654270,Diane Wiley,"Miller, Price and Mack",us-west
DR-198032,Brian Winters,"Smith, Smith and Blackwell",us-west
DR-450055,Mario Dalton,"Singh, Williams and Mitchell",us-central
DR-299479,Amy Smith,Robinson Ltd,us-central
DR-896485,Patrick Taylor,"Mason, Zimmerman and Fitzpatrick",us-central
DR-581470,Jeffrey Baker,"Davidson, Bradford and Fletcher",us-west
DR-740396,Brooke Stone,"Lindsey, West and Walker",us-west
DR-392663,Mariah Hubbard,Moody-Gutierrez,us-central
DR-208611,Douglas Fleming,"Waller, Hernandez and Petty",us-west
DR-833845,Tony Martin,Smith-Carter,us-west
DR-494702,Jennifer Stone,Washington-Keller,us-west
DR-321696,Tyler Lynch,"Johnson, Smith and Swanson",us-west
DR-329166,Phyllis Wang,Villegas-Lawrence,us-central
DR-678325,Jerry Wells,Russell-Nelson,us-west
DR-938952,Ryan Dennis,Garcia-Harris,us-central
DR-531241,Joshua Brock,"Salas, Grant and Flowers",us-central
DR-305227,Valerie Walker,"Pitts, Sanchez and Murray",us-central
DR-177322,Courtney Cannon,Krueger-Sanders,us-central
DR-831564,Lori Lawrence,"Cooper, Moore and Finley",us-west
DR-668615,Chris Rose,Nguyen LLC,us-central
DR-856121,Stephanie Nichols,Martinez and Sons,us-west
DR-563165,Mrs. Elizabeth Young,Green Ltd,us-central
DR-147755,Darrell Hernandez,Bentley Inc,us-central
DR-872283,Mrs. Jacqueline Potter,Walton-Ward,us-central
DR-868065,Adam Williams,Hoover-Rhodes,us-central
DR-398765,David Hampton,"Moore, Mcgee and Ross",us-central
DR-614369,Angela Brewer,"Moss, Hubbard and Clark",us-west
DR-683705,Jason Jimenez,"Young, Moran and Higgins",us-west
DR-658201,Alvin Vasquez,Arroyo PLC,us-west
DR-854855,Jerry Roberson,Burton Group,us-central
DR-767794,Joseph White,Jordan Ltd,us-central
DR-816294,Andrew Conway,"Cruz, Duran and Clark",us-central
DR-728469,Tracy Collins,"Hanson, Turner and Mann",us-west
DR-217190,James Glover,Hobbs PLC,us-central
DR-434510,Max Brown,Reyes Inc,us-central
DR-587159,Karen Cooper,"Butler, Johnson and Buckley",us-west
DR-343553,Matthew Miller,"Gilbert, Griffith and Goodman",us-west
DR-537957,Todd Anderson,Reese-Evans,us-west
DR-704241,Anne Johnson,"Nunez, Mitchell and Kelly",us-west
DR-416491,Daniel Ortiz,"Henry, Rodriguez and Wilson",us-west
DR-714897,Adam Klein,"Wiggins, Gonzalez and Cummings",us-central
DR-438275,Brent Ruiz,"Williams, Sanchez and Howard",us-central
DR-380332,Robert Snow,"Cooper, Boyd and Rowe",us-central
DR-782316,Mark Thompson,"Scott, Wright and Brown",us-central
DR-516132,Jonathan Miller,Elliott-Olson,us-central
DR-156655,Jennifer Smith,Rivera Inc,us-central
DR-846265,Stephen Gregory,Young-Arnold,us-west
DR-908289,Vickie Clark,Villanueva Group,us-west
DR-231861,Christopher Edwards,Glass and Sons,us-central
DR-201489,Jennifer Pruitt,"Jensen, Williams and Smith",us-central
DR-926595,Jake Ward,Castro LLC,us-central
DR-770634,Daryl Cruz,"Moss, Pratt and Boone",us-west
DR-910599,Nathan Johnson,"Sanchez, Burgess and Booker",us-west
DR-915068,Andrew Cunningham,Lopez LLC,us-west
DR-534120,Christopher Warner,Jennings LLC,us-west
DR-838983,Shelby Brown,"Jones, Smith and Silva",us-west
DR-514671,Joshua Mann,Murillo and Sons,us-west
DR-717444,Holly Mcgrath,Jenkins Ltd,us-west
DR-670174,Carolyn Bond,"Brown, Ponce and Webb",us-central
DR-260294,Christina Hernandez,Riggs-Fox,us-west
DR-301131,James Hansen,"Campbell, Aguirre and Spence",us-central
DR-261585,Mason Hickman,Carney Ltd,us-west
DR-497027,Lori Bryant,Bradford LLC,us-west
DR-375705,Samantha Clay,"Ball, Avila and Gomez",us-central
DR-138966,Christopher Cooper,Hunt Ltd,us-west
DR-265269,Melissa Harris,Richardson Group,us-west
DR-973782,James Simmons,Hodges Group,us-west
DR-414021,Cody Thomas,"Parsons, Ballard and Tran",us-central
DR-910820,Jeffrey Townsend,"May, West and Johnson",us-west
DR-660919,Jason Johnston,Dean and Sons,us-central
DR-208079,Gary Jackson,"Reed, Taylor and Carter",us-west
DR-512341,Matthew Nicholson,"Figueroa, Brown and Morris",us-west
DR-543202,Jennifer King,Barry Inc,us-central
DR-256600,Alexis Lucas,"Mills, Smith and Vargas",us-west
DR-345260,Mary Chung,"Rogers, Harvey and Young",us-west
DR-337345,Andrew Ramos,Howard-Dunn,us-central
DR-376954,Jeffrey Adams,Stephenson Group,us-west
DR-769513,Amanda Sanchez,Martin PLC,us-west
DR-380400,Amanda Robinson,Williams-Donaldson,us-central
DR-624254,Jessica Mills,"Scott, Campos and Neal",us-west
DR-504994,Dr. Alejandro Davis,Watkins and Sons,us-west
DR-314888,Lindsay White,"Johnson, Morris and Jensen",us-central
DR-604429,Martin Jones,"Davis, Robinson and Phillips",us-central
DR-432911,Patricia Brown,Williams-Alvarado,us-west
DR-178048,Connie Williams,Thompson-Cruz,us-central
DR-136054,John Sanchez,Dean-Williams,us-central
DR-203872,Christopher Mclaughlin,"Skinner, Lynch and Jones",us-central
DR-293494,Jaime Swanson,Torres-Andrews,us-west
DR-821629,Alexander Willis,"Morrison, Sanders and Sanders",us-west
DR-829842,Jessica Kennedy,Harper and Sons,us-central
DR-762028,Ashley Moreno,Reynolds LLC,us-central
DR-520991,Pamela Lee,Hill Inc,us-west
DR-531264,Rebecca Evans,Torres-Gray,us-west
DR-353140,Steven Davis MD,"Gilmore, Hernandez and Barton",us-west
DR-760324,Erin Murphy,Roberson LLC,us-central
DR-938279,William Williams,"Hernandez, Hernandez and Griffin",us-central
DR-329825,Warren Mitchell,Hays Inc,us-west
DR-246931,Karen Weaver,Horn-Kirk,us-west
DR-245503,Marie Hunter,Barnett Ltd,us-central
DR-389929,Andrea Ruiz,"West, Myers and Dunn",us-central
DR-276469,Brendan Hart,Mendez-Jones,us-central
DR-586413,Melissa Henderson,Benson-Robertson,us-central
DR-598675,Angelica Davis,Woods PLC,us-west
DR-437350,Patricia Hall,Chapman LLC,us-west
DR-912062,Kevin Beasley,"Cruz, Brown and Carter",us-west
DR-652757,Vicki Lawson,"Dodson, Rice and Henderson",us-central
DR-655433,Melanie Oneill,"Rivera, Williams and Arnold",us-west
DR-954300,Norma Gordon,"Peterson, Shaw and Walsh",us-west
DR-731753,Aaron Sanders,White LLC,us-west
DR-843165,Karen Johnson,Simon-Robinson,us-west
DR-479047,Cassie Campbell,"Jones, Webster and Wu",us-central
DR-518852,Jamie Berry,"Johnson, Harvey and Solis",us-west
DR-862421,Julia Butler,Harvey-Gutierrez,us-west
DR-713617,Joseph Smith,Wagner LLC,us-west
DR-210275,Lauren Smith,Green LLC,us-central
DR-522297,Mr. Zachary Moreno,Scott-Johnson,us-central
DR-578332,Brandon Baxter,Hudson Group,us-central
DR-965108,Joe Rose,Baird PLC,us-central
DR-892167,Matthew Smith,"Stephenson, Rice and Phillips",us-west
DR-630801,April Randall,Huffman LLC,us-central
DR-917345,Christopher Chaney,Green-Cisneros,us-central
DR-873927,Danielle Suarez,Torres-Little,us-central
DR-835774,Charles Payne,"White, Smith and Moore",us-west
DR-933619,Erin Miles,Hurst-Martinez,us-west
DR-766826,Brandon Porter,"Smith, Jackson and Simmons",us-west
DR-867786,Renee Price,Bowen-Mcdonald,us-west
DR-479551,Kevin Garcia,Patrick PLC,us-west
DR-898979,Nina Joseph,Cross-Johnson,us-central
DR-913966,Mr. Willie Daugherty PhD,Johnson-Moreno,us-central
DR-579503,Ronald Mccormick,Juarez LLC,us-west
DR-659161,Jacqueline Johnson,Beltran-Sutton,us-central
DR-291095,Luke Parks,Hines LLC,us-west
DR-516161,Brandon Gonzalez,Knox Group,us-central
DR-547063,Julia Mcdowell,"Byrd, Barron and Martinez",us-central
DR-356693,Sara Hernandez,Green-James,us-west
DR-148752,Christopher Edwards,Sloan-Wood,us-west
DR-103557,Alexandra Greene,Williamson-Sanchez,us-west
DR-605509,Stacey Gonzalez,Dominguez Ltd,us-west
DR-308751,Stephanie Gibbs,Hall Inc,us-west
DR-456096,Joseph Smith,Brown PLC,us-west
DR-297959,Kelsey Gonzalez,Anderson-Banks,us-west
DR-847738,Christine Macias,Ellison Inc,us-west
DR-492941,Jeremy Casey,"Garcia, Hernandez and Medina",us-west
DR-130391,Henry Williams,"Callahan, Vaughn and Smith",us-west
DR-390544,Jessica Oneal,Adkins and Sons,us-west
DR-976605,James Lewis,Washington and Sons,us-central
DR-571174,Bob Cantu,Beck-Lopez,us-central
DR-874574,Sarah Jones,Baker-Bell,us-central
DR-940616,Ryan Wilson,Weaver-Bell,us-central
DR-620460,Ethan Williams,"Webster, Bradford and Allen",us-central
DR-978190,Phillip Miller,Ortiz Ltd,us-west
DR-258763,Jennifer Doyle,Kirby-Roth,us-central
DR-271364,Vanessa Carpenter,Davis-Edwards,us-west
DR-729720,Alexander Crosby,"Underwood, Jones and Shea",us-central
DR-260805,Steven Brown,Hinton-Rush,us-central
DR-517900,Courtney Herrera,Short-Rush,us-central
DR-776977,David Edwards,"Lambert, Horn and Evans",us-west
DR-689777,Cynthia Marshall,Ball-Garcia,us-central
DR-869888,Tricia Nichols,Holmes-Mcclure,us-west
DR-937783,Kathleen Boyer,"Richardson, Riley and Vaughn",us-central
DR-878627,Jeffrey Burke,"Torres, Morgan and Smith",us-central
DR-548825,Jillian Harmon,Guerra and Sons,us-central
DR-294680,Kelsey Hanson,"Donaldson, Harvey and Love",us-west
DR-508714,David Vazquez,"Harris, Todd and Torres",us-central
DR-648823,Melody Hernandez,Scott PLC,us-central
DR-315468,Mary Gonzales,"Campos, Barnes and Mitchell",us-west
DR-330122,Edward Colon,"Hamilton, Martinez and Brown",us-central
DR-293260,Edwin Ibarra,"Gardner, Hernandez and Stanton",us-west
DR-156961,Susan Tucker,West Ltd,us-central
DR-643572,Lisa Kelly,Richardson Group,us-west
DR-630289,Mary Daniels,Anderson Inc,us-central
DR-291250,Evan Brown,"Alexander, Bailey and Austin",us-west
DR-717981,Michael Montgomery,"Riddle, James and Davis",us-central
DR-865934,Kimberly Bauer,Davenport Inc,us-central
DR-634876,Renee Shields,Green-Collins,us-central
DR-518570,Jordan Rivera,Powers Ltd,us-central
DR-297324,Jillian Hanson,Garcia Group,us-central
DR-895667,Anita Taylor,Valdez-Garcia,us-west
DR-267668,Susan Adams,Freeman Group,us-central
DR-183654,Steve Brown,"Dunn, Mccarthy and Collins",us-west
DR-103606,Brian Ryan,Pratt-Sutton,us-central
DR-263320,Hannah Pierce,Robinson-Ortiz,us-central
DR-881991,Emily Daniel,"Hunt, Hayden and Erickson",us-west
DR-881293,Colleen Jones,Stephens Inc,us-central
DR-800689,Juan Spence,Leon-Anderson,us-central
DR-834651,Zachary Martinez DDS,"Wall, Cook and Wilson",us-central
DR-549165,Michelle Perez,Church LLC,us-west
DR-361734,Francisco Morales,Ramirez Group,us-west
DR-803561,Morgan Thomas,"Bass, Dodson and Hernandez",us-west
DR-993619,Derek Werner,Jones-Baker,us-west
DR-267742,Mallory Hughes DVM,"Archer, Sanchez and Bates",us-central
DR-911042,Terrence Alvarez,Dominguez PLC,us-central
DR-186499,Michelle Brady,Reid and Sons,us-west
DR-519019,Stephen Marquez,Donovan-Lambert,us-west
DR-953014,Brian Webb,Fernandez-Johnson,us-central
DR-599752,Ryan Lester,Love Inc,us-central
DR-692890,Dr. Anthony Howard,"Dean, Lee and Moore",us-west
DR-442959,Steve Evans,Franklin-Pineda,us-west
DR-791925,Chad Herrera,Reese Ltd,us-west
DR-398597,Michael Hatfield,Bright LLC,us-west
DR-290601,Misty Mcdonald,Richard-Edwards,us-central
DR-659579,Kenneth Ball,"Ward, Ellis and Pennington",us-central
DR-789657,Sean Buchanan,"Cox, Knight and Arias",us-west
DR-862975,Kristi Torres,Lowery-Keller,us-west
DR-395145,Michael Shepherd,"Bradshaw, Murphy and Bradley",us-central
DR-196018,Ann King,Arnold Group,us-central
DR-933036,Joshua Sanford,"Terrell, Callahan and Lin",us-west
DR-851757,Thomas Rodriguez,Chapman-Phillips,us-west
DR-339425,Megan Harper,Lloyd PLC,us-central
DR-918552,Nancy Obrien,Bryant Inc,us-central
DR-324430,David Williams,Parks-Parks,us-central
DR-222081,James Perkins,Juarez Inc,us-central
DR-160016,Taylor Pena,Stewart-Thomas,us-west
DR-616942,Matthew Lee,"Webster, Evans and Martinez",us-west
DR-308628,Mark Rivera,"Perez, Freeman and Avila",us-central
DR-521330,Christopher Harrison,Williams LLC,us-west
DR-391347,Peter Miller,Lutz Group,us-west
DR-757476,Teresa Salazar,Carr PLC,us-west
DR-397518,Matthew Cherry,Davis-Manning,us-west
DR-452900,Timothy Larsen,Steele-Wheeler,us-central
DR-708149,Nicholas Ellis,"Wiley, Singleton and Bell",us-central
DR-693384,Robert Bishop,Ramsey LLC,us-central
DR-361970,Gloria Wood,"Knox, Miller and Miller",us-west
DR-514453,Tiffany Morales,"Jones, Reed and Williams",us-central
DR-631997,James Elliott,Ellis-Johnson,us-west
DR-126306,Kimberly Ford,Davis Ltd,us-west
DR-363277,Jeffrey Williams,Robertson LLC,us-west
DR-528596,Michelle Bailey,Dennis-Lopez,us-west
DR-548399,Margaret Walker,Graham Inc,us-central
DR-537498,Brandon Cross,Kemp LLC,us-west
DR-901519,David Watson,Matthews-Powell,us-west
DR-650155,Christopher Holmes,Sanchez Ltd,us-central
DR-668856,Christopher Hawkins,"Dean, Walter and Weber",us-west
DR-143234,Valerie Thompson,Webb-Fitzgerald,us-west
DR-376908,Thomas Ramirez,"Lee, Fisher and Washington",us-west
DR-547216,Angela Patton,"Martin, Hill and Townsend",us-central
DR-337790,Ian Miller,Hudson-Scott,us-west
DR-775477,Lindsay Sparks,"Irwin, Mcdonald and Espinoza",us-central
DR-293801,Amy Davis,Valencia LLC,us-central
DR-576170,Dale Chandler,Wilson PLC,us-west
DR-976882,Luis Johnson,King Group,us-west
DR-963968,Ryan Mccoy,Garza-Lane,us-central
DR-106963,Jeffrey Williams,"Parker, Mcknight and Jenkins",us-west
DR-514450,Mr. David Rollins,"Gibson, Brown and Harmon",us-west
DR-364700,James Brown,Myers LLC,us-central
DR-879301,Anthony Ellis,"Burns, Daniels and Rogers",us-central
DR-475602,Mark Reeves,"Johnson, Beck and Owens",us-west
DR-959372,John Wallace,"Luna, Shields and Gonzales",us-west
DR-656770,Debra Bennett,Ayers LLC,us-west
DR-122692,Patrick Ray,"Jordan, Cooper and Davies",us-central
DR-802637,Alexis Price,Contreras-Richard,us-west
DR-112692,Jesse Alexander,"Allison, Salinas and Schroeder",us-west
DR-208288,Alicia Franco,Woods-Acevedo,us-west
DR-255276,Casey Gomez,"Rogers, Delgado and Brown",us-west
DR-904073,Juan Calderon,"White, Stark and Humphrey",us-central
DR-101549,Jonathan Perry,Moore-Mckee,us-west
DR-985803,Jaime Walker,"Lloyd, Hernandez and Krueger",us-west
DR-219394,Stephanie Martin,Herrera-Nelson,us-central
DR-141718,Kimberly Hopkins,"Peterson, Hunt and Thompson",us-central
DR-941313,Justin Stewart,"Knight, Boone and Warren",us-central
DR-229284,Frank Sanford,Burke-Ferrell,us-central
DR-270114,Darlene Schneider,Mason-Lozano,us-central
DR-323091,Eric Davis,Norton-Mason,us-west
DR-869737,Katrina Contreras,Vazquez-Winters,us-central
DR-612067,Chris Nelson,Roberts-Rodriguez,us-central
DR-675520,Ruben Hoffman,Webb-Huber,us-west
DR-646622,Kenneth Savage,Hicks-Campbell,us-west
DR-880249,Mr. Mark Salinas,Lynn Inc,us-west
DR-662520,Amanda Jordan,Lawrence-Murphy,us-central
DR-225161,James Gray,Lewis-Barron,us-central
DR-945822,William Alexander,Martin-Stone,us-west
DR-943394,Brett Thomas,"Rivera, Johnson and Robinson",us-west
DR-418121,Hannah Gomez,Johnson-Smith,us-central
DR-329328,James Young,Page-Salas,us-west
DR-123709,Rebekah Frederick,Mora Inc,us-west
DR-987134,Timothy Williams,Diaz-Stone,us-west
DR-623991,Amber Bailey,Ferguson LLC,us-west
DR-513160,Angela Mcgrath,Mitchell LLC,us-central
DR-218382,Taylor Jordan,Perry Inc,us-west
DR-858005,Jeffrey Lewis,"Martinez, Lambert and Thomas",us-central
DR-975089,Eric Weaver,Snyder-Crawford,us-central
DR-690635,Brian Jackson,"Mitchell, Patton and Martin",us-west
DR-775628,Annette Hill,Burns-Padilla,us-west
DR-245900,Thomas Gonzalez,"Pham, Smith and Barnes",us-central
DR-504522,Anthony Rodriguez,"Roth, Love and Peters",us-central
DR-999919,Stephen Stanton,"Thomas, Miller and Anderson",us-west
DR-889290,Mark Parks,"Stephenson, Sandoval and Dalton",us-central
DR-818244,Steven Wright,Hubbard-Hull,us-west
DR-471220,Michael Rivera,"Zuniga, Rowe and Arellano",us-west
DR-226769,Gina Hoffman,Padilla Ltd,us-west
DR-856765,Daniel Baird,Stark-Simmons,us-central
DR-230958,Phyllis Jones,"Nunez, Ho and Rivera",us-central
DR-263234,Ana Ross,"Mercer, Henderson and Martin",us-west
DR-651783,Perry Alexander,Lee-Knapp,us-central
DR-920157,Timothy Smith,Brown-Stone,us-central
DR-370731,Anna Lopez,Edwards Ltd,us-west
DR-849495,Abigail Brewer,"Logan, Clements and Tucker",us-central
DR-722812,Brad Scott,Atkins-Johnson,us-west
DR-223577,Juan Hill,Warner-Wheeler,us-central
DR-422522,William Conley,"Cox, Frost and Wright",us-west
DR-991552,Alex Clark,Hawkins and Sons,us-central
DR-252623,Emily Meyer,Kane-Daniels,us-central
DR-136701,Tina Smith,Flowers-Dixon,us-west
DR-618991,Philip Young,"Smith, Glover and Oliver",us-central
DR-405857,Chad Shah,"Johnson, Johnson and Barnes",us-west
DR-127700,Kevin Johnson,Deleon-Clark,us-central
DR-563322,Walter Ware,"Navarro, Gonzales and Delacruz",us-central
DR-649999,Jeffrey Randall,Wilson LLC,us-central
DR-146205,Justin Gray,Walsh Group,us-west
DR-815027,John Stevens,Flowers Inc,us-central
DR-745392,Philip Bennett,"Wells, Davis and Saunders",us-central
DR-295112,Jeffrey Gay,"Ross, Wilson and Phillips",us-west
DR-122275,Melinda Gibson,"Bradshaw, Hernandez and Gonzales",us-west
DR-585383,Jennifer Gonzales,"Black, Allen and Johnson",us-west
DR-300139,George Turner,Howard-Hunt,us-west
DR-314600,Felicia Scott,Smith-Diaz,us-west
DR-594804,Cassandra Sloan,"Mcneil, Hoover and Walker",us-west
DR-759091,Charlene Fields,"Rosario, Bates and Figueroa",us-west
DR-800083,Elizabeth Davenport,Oconnor Inc,us-west
DR-923076,Pamela Patterson,Martinez Ltd,us-west
DR-657221,William Thomas,Byrd PLC,us-central
DR-768685,Derek Hughes,Greene-Green,us-west
DR-784763,Christopher Hensley,"Perez, Edwards and Gonzalez",us-west
DR-745050,Margaret Carpenter,"Palmer, Cross and Rodriguez",us-central
DR-477613,Mark Jones,King-Simpson,us-central
DR-409069,Brian Dickerson,"Sharp, Stone and Johnson",us-west
DR-827002,Connor Marshall,"Trujillo, Watkins and Willis",us-west
DR-553449,Taylor Torres,Johnson-Castillo,us-central
DR-904533,Thomas Mcbride,Martinez-Ward,us-west
DR-107421,Jennifer Riley,Cantrell-Jones,us-central
DR-400659,Debra Quinn,"Sullivan, Jordan and Rivera",us-west
DR-598801,Deanna Summers,Holder-Williams,us-west
DR-686524,Taylor Gonzales,Armstrong PLC,us-west
DR-991504,Shane Jordan,"White, Sanchez and Daniels",us-central
DR-987256,Lisa Lucas,Hernandez Group,us-west
DR-918657,Meredith Williams,"Ruiz, Gardner and Harris",us-central
DR-841418,David Hill,"Jackson, Barnes and Swanson",us-central
DR-620086,Morgan Hayes,"Jackson, Sheppard and Luna",us-west
DR-301173,Thomas Hood,"Cuevas, Lang and Castillo",us-west
DR-204911,Tiffany Lester,Shah LLC,us-west
DR-625847,Suzanne Campbell,Smith Ltd,us-central
DR-807179,Steven Johnson,"Thomas, Contreras and Wilkinson",us-central
DR-685072,Chad Harris III,Wilson PLC,us-west
DR-116963,Kimberly Rodgers,"Mendez, Lee and Long",us-central
DR-541035,Mr. Victor Smith,"Wilson, Ware and Joyce",us-central
DR-357222,Nancy Phillips,Kelly PLC,us-west
DR-226587,Sheryl Gibbs,"Aguilar, Franklin and Kim",us-west
DR-666850,Terri Curtis,Vasquez-Simon,us-central
DR-619340,Jessica Meadows,Andrews Ltd,us-west
DR-568862,Nancy Schmidt,Malone-Saunders,us-west
DR-666680,Carly Gay,Flores-Baker,us-central
DR-964558,Joshua Flores,"Dominguez, Thomas and Solis",us-west
DR-607090,Christopher Holmes,Hawkins-White,us-west
DR-163022,Tony Schaefer,Stark-Martinez,us-central
DR-789287,Chris White,Kerr-Rodriguez,us-central
DR-737364,Samuel Shelton,"Lee, Davidson and Ortiz",us-west
DR-689129,Jennifer Olson,Lawson-Bell,us-central
DR-194423,Teresa Marquez,Li Inc,us-west
DR-288089,Jean Carter,Fry and Sons,us-central
DR-962447,Sarah Williams,"Miller, Lowe and Scott",us-central
DR-181503,Lisa Huber,Clark-Cooley,us-central
DR-437097,Christina Hall,Pena Ltd,us-central
DR-339742,Anthony Johnson II,Glass-Sanchez,us-central
DR-519388,Melissa Johnson,"Jones, Mason and Smith",us-central
DR-191864,Jason Schmidt,"Weaver, Ochoa and Chavez",us-west
DR-418132,Kristen Escobar,"Henry, Russell and Rogers",us-central
DR-256865,Nicholas White,Elliott-Jones,us-central
DR-143850,Chelsea Martinez,"Simpson, Brooks and Mcguire",us-central
DR-696775,Joseph Hendricks,Anderson-Prince,us-west
DR-481343,Kimberly Fisher,"Green, Prince and Wade",us-central
DR-903074,Elizabeth Henry,"Price, Davis and Ramirez",us-west
DR-551767,Scott Phelps,"Ferguson, Perez and Forbes",us-west
DR-462728,Taylor Parks,White Group,us-west
DR-100740,Steven Crosby,"Richmond, Smith and Murphy",us-west
DR-601677,Margaret Ward,Avila PLC,us-west
DR-552491,Edward Shields,Flores Group,us-central
DR-824328,Charles Maxwell,"Campbell, Moore and Cook",us-west
DR-668533,Steven Weber,"Johnson, Christian and Reed",us-central
DR-362311,Melinda Gonzalez,"Stevenson, Reeves and Jackson",us-west
DR-574995,Brianna Hughes,"Atkins, Morgan and Williams",us-west
DR-368043,Cody Weaver,Avery Ltd,us-west
DR-866869,Thomas Thompson,Burch-Hawkins,us-central
DR-410272,Kristen Gross,"Robinson, Stevenson and Gonzalez",us-central
DR-829728,Timothy Russell,"Chapman, Harrison and Robinson",us-west
DR-295978,Timothy Bond,Ward and Sons,us-west
DR-792356,Noah Acevedo,"Lang, Johnson and Sampson",us-central
DR-614069,Reginald Young,Larson and Sons,us-central
DR-804322,Mrs. Kelly Jackson DDS,Hart PLC,us-west
DR-746995,George Garcia,"Burke, Blanchard and Marquez",us-central
DR-873633,Thomas Brewer,Morgan-Reynolds,us-central
DR-136188,Kevin Scott,"Martin, Wallace and Knapp",us-central
DR-626422,Mrs. Yvonne Wilson,Hansen-Graham,us-west
DR-812448,Gregory Simpson,"Webster, Price and Powers",us-central
DR-284748,Christopher Frank,Bennett Ltd,us-central
DR-457689,Connie Berry,"Miller, White and Johnson",us-central
DR-867338,Kelly Weeks,Ball and Sons,us-central
DR-940527,Stephanie Meyer,"Smith, Clark and Lee",us-central
DR-939428,Michael Robertson,Armstrong-Robinson,us-central
DR-654966,Luis Weaver,Fields LLC,us-central
DR-629898,Diane Diaz,Gonzalez-Long,us-central
DR-367477,Deborah Powell,Bryant-Watson,us-west
DR-144644,Steven Graves,Smith-Shepard,us-west
DR-382213,Sean Frank,Reed and Sons,us-central
DR-272565,Mr. Nathaniel Dillon,"Bradley, Marquez and Wolf",us-west
DR-216065,Joel Mullen,Davis PLC,us-west
DR-167951,Victoria Kim,Lyons-Perry,us-west
DR-602987,Sean Powell,Smith Ltd,us-west
DR-356739,Chad Davenport,Bailey Inc,us-west
DR-685214,Jason Davidson,Perkins Inc,us-central
DR-631893,Stacey Williams MD,Rivera and Sons,us-central
DR-303733,James Myers,Spencer and Sons,us-central
DR-245589,Cynthia Harris,"Hansen, Hampton and Clark",us-central
DR-516205,Jennifer Martinez,"Hunter, Fletcher and Wheeler",us-central
DR-926293,Megan Smith,Diaz-Gates,us-central
DR-306625,Jennifer Rice,Levy-Gomez,us-central
DR-339307,Courtney Cruz,"Duncan, Simmons and Austin",us-west
DR-263829,Zachary Newman,Quinn-Ochoa,us-central
DR-972003,Rhonda Blankenship,Mack-Brown,us-west
DR-634173,Christopher Schneider,Mathis-Archer,us-central
DR-268649,Jennifer Washington,Rivera-Andrews,us-central
DR-650576,Linda Salinas,Pope-Richardson,us-west
DR-996127,Madison Gaines,Hopkins LLC,us-west
DR-387937,William Reyes,Carter Inc,us-west
DR-925800,Susan Chase,"Luna, Moore and Wise",us-west
DR-243697,Brian Richards,"Williams, Klein and Harris",us-central
DR-766152,Alexander Evans,Lutz-Miles,us-central
DR-677186,Tyler Pena,Thomas-Smith,us-central
DR-426977,Cynthia Gordon,Watts PLC,us-central
DR-268118,Mason Dennis,"Gilbert, Garrison and Anderson",us-west
DR-603872,Micheal Oliver,Nunez Inc,us-central
DR-719830,Yvonne Graham,"Anderson, Thompson and Le",us-central
DR-230910,James Young,Vance-Smith,us-west
DR-712636,Jasmine Hoover,Carroll PLC,us-west
DR-222188,Joseph Tucker,"Williams, Myers and Pierce",us-central
DR-276171,William Branch,"Bennett, Benson and Diaz",us-west
DR-199644,Michael Kim,Jones and Sons,us-central
DR-380127,Jodi Williams,"Gonzalez, Kane and Brock",us-central
DR-974525,Melissa Foster,"Rivera, Tucker and Serrano",us-west
DR-503907,Jessica Clark,Barry-Eaton,us-central
DR-700697,Charlene Allen,Walker-Patton,us-central
DR-382365,Shelia Thomas,Combs and Sons,us-central
DR-732950,Amber Hanson,Ruiz-Dominguez,us-central
DR-660755,Jordan Sexton,Espinoza and Sons,us-central
DR-147198,Jade Snyder,"Ward, Rivera and Little",us-west
DR-264951,Austin Stewart,Moore-Russell,us-central
DR-403280,Travis Aguirre,Ruiz Inc,us-central
DR-658327,Jessica Middleton MD,Richardson-Berry,us-central
DR-296417,Steve Banks,"Fernandez, Wade and Fisher",us-central
DR-939170,Michelle Weaver,Lutz Group,us-central
DR-803833,Natasha Silva,"Moore, Nicholson and Gomez",us-west
DR-223977,Nancy Hernandez,Anderson-Becker,us-west
DR-715171,Brianna Lambert,"Mckinney, Mcdonald and Burton",us-central
DR-752373,Jennifer Hendrix,Noble-Guerrero,us-west
DR-824454,Stephanie Miller,"Cole, Davis and Salazar",us-central
DR-921409,Ashley Garner,"Rosario, Henry and Cole",us-west
DR-941593,James Montgomery,Allen-Combs,us-central
DR-905747,Joshua Johnson,Buchanan PLC,us-west
DR-592052,Anthony Hinton,Bush Ltd,us-west
DR-387319,Dalton Lin,"Fuller, Poole and Mccoy",us-west
DR-190122,Gail Rodriguez,Hubbard-Knight,us-central
DR-236754,Casey Ruiz,"Ellison, Le and Hess",us-west
DR-354630,Megan Holden,Henderson Ltd,us-central
DR-921268,Lance Snyder,"Francis, Porter and Roberson",us-central
DR-764301,Krystal Smith,"Taylor, James and Price",us-west
DR-630294,Emma Greene,"Bartlett, Estrada and Rios",us-west
DR-515571,Garrett Perez,"Wilson, Scott and Hicks",us-central
DR-593552,Krystal Braun,Moore-Perez,us-west
DR-297139,Timothy Garrett,Barnes Group,us-central
DR-893598,Derek Garcia,Garcia Inc,us-central
DR-716802,Brett Gonzalez,Stephens PLC,us-central
DR-125312,Douglas Simon,"Chavez, Smith and Young",us-west
DR-474613,Heather Salinas,Carter-Lynch,us-central
DR-344594,Sean Rose,Morrison-Butler,us-west
DR-194715,Christy Thompson,Rich and Sons,us-central
DR-821050,Dominique Lopez,"Ward, Ramirez and Arnold",us-west
DR-563011,Kelly Lynch,Skinner Ltd,us-west
DR-488431,Patricia Brown,Baker and Sons,us-central
DR-530445,Amanda Mullen,Kirk-Stewart,us-west
DR-217167,Mia Ferguson,Townsend and Sons,us-central
DR-254021,Susan Carter,Steele and Sons,us-west
DR-992608,Kenneth Murray,"Cox, Lawrence and Alexander",us-west
DR-993645,Angela Alexander,Johnson-Garcia,us-west
DR-728306,Ashley Mcguire,Johnson-Nichols,us-central
DR-143694,Heather Martin,"Rose, Kent and Bowers",us-west
DR-399583,Tim Wagner,Parker and Sons,us-west
DR-500388,Patricia Edwards,Boone-Lopez,us-central
DR-741727,Michelle Walker,"Williams, Hawkins and Robinson",us-central
DR-109106,Luke Cervantes,Tanner-Spence,us-west
DR-810353,Mary Johnson,Hale LLC,us-central
DR-929711,Felicia Logan,Hansen-Wood,us-central
DR-473298,David Mullins,Jefferson Ltd,us-west
DR-426112,Veronica Lewis,Mitchell LLC,us-west
DR-399355,Alvin Boyer,Mccoy-Sanders,us-west
DR-223894,Shannon Sharp,Cox PLC,us-west
DR-814112,Elizabeth Johnson,Ewing LLC,us-west
DR-739749,Deanna Finley,"Adams, Werner and Mcgee",us-central
DR-457399,Lisa Morgan,"Smith, Torres and Crawford",us-central
DR-722881,Michael Farrell,Ford-Cruz,us-west
DR-996243,Sergio Franklin,"Rosario, Owens and Wilson",us-west
DR-264732,Amy Blair,"Robertson, Lee and Roberts",us-west
DR-504883,Natalie Mclaughlin,Duke Group,us-west
DR-911437,Joshua Waller,Porter-Hayes,us-central
DR-558768,Leslie Smith,Patton-Miles,us-central
DR-347460,Alexandra Roy,Robbins-Ingram,us-central
DR-939099,Angela Nguyen,"Page, Lopez and Torres",us-central
DR-734511,Michael Wilson,Bowen and Sons,us-west
DR-227278,Lisa Smith,Mitchell-Hicks,us-central
DR-251625,Daniel Holloway,Robinson Inc,us-central
DR-401088,Gina Nolan,Ford-Adams,us-west
DR-233210,Emily Torres,"Bradley, Barajas and Bentley",us-west
DR-702737,James Hall,Jones-Fitzgerald,us-west
DR-284030,Maria Chaney,"Wilkinson, Kramer and Baker",us-west
DR-678119,Jenna Castro,Cameron and Sons,us-west
DR-284693,Adam Miller,Howell-Allen,us-central
DR-219802,Dalton Arnold,"Schmidt, Blackwell and Wilson",us-west
DR-588870,Eric Schultz,Sullivan Inc,us-west
DR-290027,Rhonda Martin,Robinson-Sweeney,us-west
DR-636935,Martha Morales,Dixon-Malone,us-central
DR-865131,Scott Holloway,James-George,us-west
DR-956860,Larry Johnston,Johnson and Sons,us-central
DR-329161,Sean Sullivan,Tate-Byrd,us-west
DR-775065,Samantha Hernandez,"Crawford, Gonzalez and Woodward",us-central
DR-199925,Justin Lawrence,Sullivan-Williams,us-west
DR-878879,Lisa Smith,Phillips-Rosales,us-central
DR-582091,Sean Rodriguez,Lewis PLC,us-central
DR-554296,Kristin Smith,Lewis-Stevens,us-central
DR-975217,Angela Dillon,David-Campbell,us-central
DR-523035,Christine Smith,Young Ltd,us-central
DR-553863,Jacqueline Stevens,"Meadows, Khan and Schultz",us-west
DR-856275,Lucas Lewis,Perez PLC,us-central
DR-603776,Ana King,Mooney-Wyatt,us-west
DR-524613,Joel Frye,Smith Inc,us-central
DR-997420,Lynn Willis,Monroe-Petersen,us-central
DR-840775,Roger Harmon,Davis-Smith,us-west
DR-678485,Jill Andrews,Long-Herrera,us-central
DR-370004,Tom Rich,Hughes-Chapman,us-west
DR-520344,Bethany Roberts,Porter and Sons,us-west
DR-815176,Sarah Dunlap,Marquez LLC,us-central
DR-528929,Jill Cummings,Robinson-Walker,us-central
DR-594005,Cynthia Liu,"Oneal, Hanson and Galvan",us-west
DR-639921,Molly Munoz,Perez-Jones,us-central
DR-527089,James Smith,Murray PLC,us-central
DR-699570,Isabella Mcclure,Hernandez-May,us-west
DR-782632,Ross Gregory,"Oliver, Friedman and Harrison",us-west
DR-845147,Jamie Barrett,Robinson and Sons,us-central
DR-346515,Ana Bryant,Acevedo Inc,us-central
DR-700508,Alan Wood,Cunningham Group,us-central
DR-161736,Jennifer Burke,"Adkins, Obrien and Mitchell",us-west
DR-752571,Terri Peck,Salazar and Sons,us-west
DR-116702,Elizabeth Mills,"Carter, Chung and Harper",us-west
DR-861950,Alyssa Hill,Mcintosh Group,us-west
DR-272380,Kenneth Blair,Tate LLC,us-west
DR-902607,Francis Cisneros,"Fleming, Barton and Mccann",us-central
DR-212620,Danielle Jackson,Castillo-Sullivan,us-west
DR-259384,Samuel Wright,Long-Hansen,us-central
DR-331958,Henry Robinson,"Washington, Oliver and Blanchard",us-central
DR-248038,Patricia Parker,Romero PLC,us-west
DR-344087,Claudia Nguyen,"Chen, Jordan and Banks",us-west
DR-232435,Victor Holmes,Moore-Mcgee,us-west
DR-703109,Katherine Coleman,Irwin and Sons,us-central
DR-175374,Paula May,Long-Padilla,us-central
DR-288314,Charles Carpenter,Liu-Rodriguez,us-west
DR-605276,Lauren Martin,Green-Lang,us-west
DR-542715,Melissa Thomas,Bridges and Sons,us-central
DR-599673,Nicole Robinson,"Hinton, Lewis and Johnson",us-central
DR-111409,Kaylee Hughes,"Young, Davis and Hogan",us-west
DR-820656,Jessica Gray,Moore-Ray,us-central
DR-819665,David Morgan,Compton-Lowery,us-central
DR-283825,Thomas Hansen DVM,"Reid, Rodriguez and Chavez",us-west
DR-174024,Benjamin Martinez,Davis Ltd,us-west
DR-345606,Julia Smith,"Clark, Walker and Molina",us-west
DR-708502,Kerry Smith,"Jones, Wolf and Cox",us-central
DR-750859,Mike Kennedy,"Lopez, Smith and Roth",us-central
DR-450887,Anthony Mendoza,"York, Collins and Miller",us-west
DR-720613,Ryan Jones,Williamson-Henry,us-west
DR-718069,Karen Soto,Mathews-Jacobson,us-central
DR-964413,Jason Anderson,Morgan Inc,us-central
DR-521297,Marie Potter,Williamson-Mitchell,us-west
DR-424458,Marvin Humphrey,"Jones, Melendez and Williams",us-central
DR-310551,Phillip Miller,Madden PLC,us-west
DR-532727,Kyle Hoffman,"Davis, Moore and Fletcher",us-west
DR-858362,Roger Richards,Holland-Smith,us-west
DR-813303,Robert Le,"Obrien, Parks and Shannon",us-west
DR-431500,James Davis,Rice PLC,us-west
DR-119467,Susan Stevens,Oconnor Inc,us-central
DR-812611,Kim Galvan,"Johnson, Mendez and Fields",us-west
DR-176454,Evelyn Ibarra,"Mckay, Fuller and Simmons",us-central
DR-160018,Charles Barnes,Sanchez-Mitchell,us-central
DR-700049,Jacob Young,"Watkins, Thompson and Marquez",us-west
DR-210667,Jon Guzman,"Gillespie, Allen and Phillips",us-central
DR-935217,Mr. James Garcia,Rodriguez Group,us-central
DR-929901,Gerald Middleton,"Cruz, Evans and Kaufman",us-west
DR-944578,Richard Nguyen,Simpson PLC,us-west
DR-798996,Kim Jackson,"Doyle, Garza and Griffin",us-west
DR-856247,Christopher Ray,"Marshall, Thomas and Wu",us-central
DR-594761,Ryan Cook,Knight LLC,us-central
DR-716171,Samantha White,"Martin, Johnson and Kelly",us-west
DR-116444,Katie Floyd,Washington PLC,us-central
DR-453683,Brittney Campos,"Brown, Smith and Williams",us-central
DR-351138,Amanda Clark,Pace-Fletcher,us-west
DR-140062,Nicole Rice,Roberson and Sons,us-central
DR-292778,Matthew Haley,Curtis and Sons,us-central
DR-483665,Jill Dalton,Murphy-Ramos,us-central
DR-332527,Kristin Miller,Ellis PLC,us-central
DR-240033,Jonathan Ruiz,"Kim, Mathis and Larsen",us-west
DR-745341,Lisa Bush,Foster-Jimenez,us-west
DR-376778,Samantha Huynh,"Alexander, Carroll and Bell",us-west
DR-546438,Kyle Dodson,"Carr, Moore and Allen",us-west
DR-677335,James Carlson,"Holmes, Fleming and Salazar",us-central
DR-722673,Courtney Cook,Smith-Reyes,us-west
DR-820761,Douglas Ramirez II,Scott Ltd,us-west
DR-787332,Laurie Wong,Flynn LLC,us-west
DR-880693,Stephanie Mclaughlin,"Young, Gutierrez and Moore",us-central
DR-154125,Mark Gray,Spence-Larson,us-west
DR-303797,Pamela Townsend,Stein-Yates,us-central
DR-488146,Robert Williams,Powell and Sons,us-west
DR-932499,Jon Mason,Hartman-Lozano,us-west
DR-871183,Dwayne Humphrey,Hernandez PLC,us-central
DR-172247,Michael Mendez,Nicholson Group,us-central
DR-830477,Elizabeth Davis,Walker Inc,us-central
DR-589359,Sarah Smith,Wright-Joseph,us-west
DR-802948,April Townsend,Jones Inc,us-central
DR-641301,April Jordan,Pope Group,us-west
DR-405159,Brian Murray,Johnson-Brown,us-central
DR-650591,Heather Rodriguez,"Sanchez, Baxter and Price",us-west
DR-433137,Brenda Webster,"Jones, Hampton and Smith",us-west
DR-790887,Diane Johnson,Mathis-Alvarez,us-central
DR-120763,Sean Weaver,"Castillo, Myers and Taylor",us-central
DR-999831,Evan Jones,Barrett-Stafford,us-west
DR-697147,Cindy Smith,Pineda-Thomas,us-west
DR-874859,Manuel Johnson,Johnson-Hamilton,us-central
DR-106675,Christian Johnson,Byrd Ltd,us-west
DR-754687,Mary Williams,Nichols LLC,us-central
DR-898390,Leslie Lowe,"Armstrong, Daniels and Morris",us-west
DR-407133,Angel Thompson,"Velez, Edwards and Johnson",us-central
DR-972316,Jessica Barnett,"Strickland, Reynolds and Allen",us-west
DR-870372,Marissa Guzman,Gonzalez Group,us-central
DR-857998,Jennifer Gordon,Morse and Sons,us-west
DR-488281,Steven Taylor,James Group,us-central
DR-595806,Heather Peterson,Hill-Salinas,us-central
DR-647896,Michael Long,House Inc,us-central
DR-962383,Martin Molina,Orr and Sons,us-west
DR-291532,Brandy Young,Dunn Group,us-central
DR-157295,Toni Webb,"Lewis, Fitzpatrick and Jones",us-west
DR-910642,Thomas Washington,"Perez, Nunez and Garrett",us-central
DR-527791,Christopher Caldwell,"Mcdaniel, Frank and Andrews",us-central
DR-772298,James Fernandez,"Chen, Robinson and Mcclain",us-west
DR-675895,Ralph Johnson,"Cameron, Mclean and Campos",us-west
DR-236005,Daryl Estrada,"Mitchell, Lee and Singleton",us-central
DR-696544,Donald Riley,Harris PLC,us-west
DR-157314,David Short,Cardenas Ltd,us-central
DR-679046,Katherine Norman,"Reid, Cole and Houston",us-west
DR-495662,Javier Wang,Jackson-Hodge,us-central
DR-716556,David Hammond DDS,"Smith, Nelson and Lopez",us-west
DR-671498,Kelly Martinez,Lopez-Kirk,us-central
DR-233267,Kathy Ford,"Jackson, Coleman and Garcia",us-west
DR-835849,Carrie Stone,"Robinson, Davis and Stone",us-central
DR-707401,Joe Banks,Decker-Cole,us-central
DR-682601,Helen Smith,Lozano LLC,us-central
DR-663252,Samantha Hill,Griffith-Anderson,us-central
DR-967072,Lance Hogan,Mccoy-Dixon,us-west
DR-759635,Nicole Harper,"Joyce, Mcintyre and Williams",us-west
DR-850593,Timothy Bond,Kirby PLC,us-west
DR-634731,John Robinson,Tanner and Sons,us-central
DR-257915,William Gray,Morales-Adams,us-central
DR-964632,Holly Collins,Key and Sons,us-west
DR-864931,Stephanie Anderson,Hill-Edwards,us-central
DR-390514,Matthew Murphy,"Russell, Thompson and Mcfarland",us-west
DR-864217,Katie Morales,"Gray, James and Ford",us-central
DR-919949,Kristen Hayes,"Casey, Ewing and Cook",us-west
DR-405938,Karen Williams,Gray-Powers,us-central
DR-615785,Robert King,Hoover-Ray,us-west
DR-577841,William Carter,Miller-Lee,us-west
DR-954656,Lisa Franklin,"Lewis, Burch and Nelson",us-central
DR-546983,Sarah Watts,"Griffin, Stewart and Wood",us-central
DR-375709,Nicole Oconnell,Gonzalez and Sons,us-central
DR-776000,Brian Wu DDS,Lewis Inc,us-west
DR-703314,Carol Armstrong,"Koch, Shepard and Herrera",us-central
DR-220456,Sarah Burke,Davis Group,us-west
DR-510519,Amber Arellano,"Kramer, Velasquez and Yoder",us-west
DR-849030,Steven Walters,"Shaw, Brown and Hill",us-west
DR-953803,Mario Waters,Deleon Ltd,us-central
DR-287459,Benjamin Santos,Clarke-Hansen,us-central
DR-210598,Lindsay Torres,"Jones, Baker and Warren",us-central
DR-760200,Scott Webb,Ali-Brown,us-central
DR-778343,Mark Barnes,Clark-Houston,us-central
DR-861513,Christine Crawford,Smith PLC,us-central
DR-140382,Jacob Quinn,Lara Group,us-central
DR-725266,Lori Petersen,"Jennings, Buck and Jones",us-west
DR-866450,Derek Hall,Hamilton LLC,us-central
DR-790757,Nancy Welch,Soto-Singh,us-central
DR-998977,Deborah Hodges,Barnett and Sons,us-central
DR-472114,Dr. Hunter Peterson MD,"Garcia, Mcdaniel and Houston",us-central
DR-274079,Brian Melendez,Hurst LLC,us-central
DR-375139,George Pham,Bradley PLC,us-west
DR-747319,Kelly Smith,Shaw-Buchanan,us-central
DR-679731,Denise Curtis,Shields-Gross,us-west
DR-305118,Alexis Vaughan,Allen Inc,us-central
DR-657791,Glenn Reilly,Anderson-Rojas,us-central
DR-744178,Alejandro Miller,"Martin, Smith and Hodge",us-central
DR-941514,Peter Scott,"Melendez, Allen and Holder",us-central
DR-258143,Andrew Ruiz,"Gomez, Anderson and Sullivan",us-central
DR-962169,Jennifer Carter,"Larson, Williams and Brown",us-west
DR-824311,Kevin Clark,Johnson PLC,us-west
DR-464750,Brian Costa,Lamb Inc,us-central
DR-173569,Samuel Pope,"Jefferson, Lee and Kelley",us-west
DR-710664,Denise Ramos,Morris LLC,us-west
DR-754368,Gregory Tate,"Scott, Berg and Howe",us-west
DR-756031,Laura Lewis,"Rodriguez, Taylor and Callahan",us-central
DR-987519,Mitchell Mcgee,"Clark, Wu and Brown",us-west
DR-658973,Dr. Jeremy Smith,Perez-Todd,us-west
DR-204170,Louis Pearson,Jones Ltd,us-central
DR-685564,Erica Wilson,Patel-Brown,us-west
DR-236232,Patricia Martinez,Hartman Ltd,us-central
DR-491119,Anna Clark,Bennett-Cox,us-west
DR-108481,Melissa Joyce,Harrington Inc,us-west
DR-550326,Jill Alexander,Gonzalez LLC,us-west
DR-289510,Anthony Ross,Sweeney and Sons,us-central
DR-321365,Rebecca Shea,Smith PLC,us-central
DR-633311,James Gallegos,Zhang Inc,us-central
DR-135911,Thomas Johnson,Mccarty-Morales,us-west
DR-426986,Craig Fuentes,Francis Inc,us-west
DR-410501,Adriana Bailey,Morrison-Smith,us-central
DR-753858,Joseph Bishop,Kemp-Mcbride,us-central
DR-699636,Cindy Smith,"Carter, Turner and Osborne",us-central
DR-604161,Christopher Nelson,Montgomery-Perry,us-west
DR-251551,Whitney Garcia,Franklin Inc,us-west
DR-981067,Timothy Thompson,"Guzman, Sanchez and Bell",us-central
DR-820087,Cynthia Mason,Walker-Bruce,us-west
DR-907236,Mallory Salazar,"Parker, Green and Norris",us-west
DR-338286,Raymond Brooks,Griffin PLC,us-central
DR-907064,Craig Young,Knapp PLC,us-central
DR-847618,Heather Todd,"Parker, Taylor and Johnson",us-central
DR-299217,Cody Bridges,Lindsey-Ramos,us-west
DR-886097,Megan Riley,Miller-Hamilton,us-central
DR-868048,Kendra Ortiz,"Cox, Lee and Gross",us-west
DR-628909,Elizabeth Sellers,Webb Group,us-west
DR-551696,Joshua Rodriguez,Martin PLC,us-west
DR-371570,Desiree Williams MD,Landry-Martinez,us-west
DR-195114,Louis Bowman,"Johnson, Ellison and Stewart",us-west
DR-354175,Robert Jones,Diaz-Gonzalez,us-central
DR-373796,Erik Martinez,Hanna-Rogers,us-west
DR-805111,Rebecca Sims,White-Shepherd,us-west
DR-594990,Steven Jones MD,"Stanley, King and Potts",us-central
DR-905000,Robin Blake,"Rose, Cameron and Escobar",us-central
DR-725968,Tanya Rojas,Glenn Inc,us-west
DR-281569,Stephanie Brown,Martinez LLC,us-west
DR-160012,Christopher Moore,Meyers Ltd,us-central
DR-801219,James Greene,"Salas, Abbott and Wagner",us-west
DR-713981,William Miller,Paul LLC,us-central
DR-516117,Ryan Copeland,Allen-Johnson,us-west
DR-441277,Christina Collins,Taylor-Lopez,us-central
DR-272006,Kelsey Lawrence,"Tyler, Glenn and Brooks",us-west
DR-977637,Sara Wilkinson,Diaz-Davidson,us-central
DR-907429,Daniel Evans DVM,Ali-Ramos,us-central
DR-778526,Patricia Green,Brown-Banks,us-central
DR-691559,Kenneth Klein,Williamson Ltd,us-central
DR-715249,Joe Little,Snyder Group,us-central
DR-908476,Kelly Rodriguez,"Garza, Barr and Medina",us-central
DR-131355,Adam Dickerson,Phillips-Phillips,us-west
DR-108124,Tyler Mclean,Joseph Ltd,us-central
DR-559390,Sherri Short MD,Pace LLC,us-central
DR-514584,Steven Farmer,Macdonald Group,us-central
DR-920272,Amanda Ross,"Wise, Curtis and Harvey",us-west
DR-797344,Stephanie Ayers,"Hickman, Bray and Johnson",us-west
DR-480615,Miss Alexa Williams,Parker Inc,us-central
DR-747006,Joel Butler,Harvey-Mcintyre,us-west
DR-414864,Penny Ford,"Morris, Alexander and Bowers",us-central
DR-311696,Laurie Dominguez,"Williams, Chung and Meyers",us-central
DR-706350,Christine Ray,Hall Ltd,us-central
DR-346167,Darrell Briggs,Shaw-Thompson,us-west
DR-455696,Keith Wagner,"Kim, Flowers and Patel",us-west
DR-677255,Eric Ray,Miller Group,us-central
DR-170800,Morgan Baker,Knight-Lowe,us-west
DR-849292,Jennifer Thomas,"Mcclain, Coleman and May",us-central
DR-929951,Mr. Eric Price,Lam LLC,us-west
DR-841150,Joseph Williams,"Walker, Rasmussen and Allen",us-west
DR-169599,Savannah Fox,Green Group,us-west
DR-891309,Teresa Andersen,Garcia PLC,us-central
DR-381230,Adam Daniel,Hogan LLC,us-west
DR-753754,Linda Hampton,"Brown, Johnson and Cook",us-west
DR-284995,Stephen Rush,"Barton, Sanchez and White",us-west
DR-458036,Jimmy Lawrence,Alvarez-Walker,us-central
DR-909951,Anthony Alexander,Gray LLC,us-central
DR-107223,Daniel Moore,Dyer and Sons,us-central
DR-672720,Crystal Ball MD,Wheeler Inc,us-west
DR-354982,Laura Brown,"Schmidt, Brown and Pope",us-central
DR-667304,Tara Sharp,Harris Ltd,us-central
DR-329764,Wesley Zhang,Kennedy and Sons,us-west
DR-344953,Julie Berry,Guzman-Baker,us-central
DR-807812,Paul Smith,Brown LLC,us-central
DR-466064,Donna Morris,"Davis, Mcintosh and Cook",us-west
DR-664633,Ricardo Avila,"Waters, Gray and Estrada",us-west
DR-683621,Michael Saunders,"Kelly, Perez and Boyle",us-west
DR-471636,Stephanie Fritz DDS,Mendoza-Smith,us-west
DR-955377,Thomas Wheeler,King-Moreno,us-west
DR-537624,John Skinner,Webb-Hayes,us-central
DR-715997,Mike Black,"Medina, Garcia and Vargas",us-west
DR-208091,Daniel Williams,"Coleman, Macdonald and Perez",us-west
DR-696690,Veronica Jensen,Wallace Ltd,us-central
DR-451878,John Schneider,"Williams, Parker and Hernandez",us-central
DR-637869,Alexis Anderson,"Swanson, Smith and Jennings",us-central
DR-429013,Daniel Sanders,Ellis Inc,us-central
DR-555230,Nathan Weiss,Perez Ltd,us-central
DR-417186,Debra Gonzalez PhD,Miller-Fox,us-central
DR-235616,Michael Torres,"Coleman, Jensen and Murray",us-west
DR-726307,Samantha Miles,Lyons-Gilmore,us-west
DR-279072,Paul Little,Sweeney-Booth,us-central
DR-776016,Lori Hicks,Meza-Abbott,us-west
DR-752964,Jason Simmons,Williams Group,us-west
DR-165918,Daniel Christensen,Martinez-Zimmerman,us-central
DR-905663,Miss Wanda Hill,Ramos PLC,us-west
DR-814862,Mr. Jeremy Sims,"Long, Brown and Clay",us-central
DR-663843,Derek Olsen,"Barnes, Orozco and Nguyen",us-west
DR-120523,Patrick Williams,Osborne-Butler,us-west
DR-695862,Devin Johnson,Sanchez PLC,us-central
DR-950743,Kevin Lewis,"Thomas, Jenkins and Morris",us-central
DR-835220,Joseph Nelson,Knight-Medina,us-west
DR-672782,Aaron James,Brown Group,us-central
DR-771881,Sandra Reyes,Barrett Group,us-central
DR-784852,Jonathan Sanchez,Brown Ltd,us-west
DR-926170,Beth Melendez,"Hughes, Williams and Berry",us-central
DR-937711,Steven Parker,"Washington, Kent and Nichols",us-west
DR-463424,Max Spencer Jr.,"Ferguson, Gonzalez and Clarke",us-west
DR-409398,Jeffrey Williams,"Foley, Smith and Lee",us-west
DR-343243,Karen Wolfe,Garcia-Hayden,us-west
DR-578027,Robert Anderson,"Wilson, Wright and Wise",us-west
DR-361840,Deanna Martin DDS,Ford PLC,us-west
DR-188661,Lee Miller,Miranda-Wilson,us-central
DR-987714,Brian Greer Jr.,Pitts-Roberts,us-central
DR-229131,James Owen,"Stark, Walters and Jarvis",us-west
DR-616195,Sabrina Sparks,Robinson and Sons,us-west
DR-878292,Kristen Wagner,Anderson LLC,us-west
DR-194317,Tracey Perez,Weber and Sons,us-central
DR-268208,Aaron Cook,Wilson-Pena,us-central
DR-240859,Jeremy Parks,Walker-Carter,us-west
DR-776807,Christina Robbins,Freeman Ltd,us-west
DR-479652,Shannon Moore,Greene LLC,us-central
DR-592755,Jill Noble,"Hernandez, Johnson and Stone",us-west
DR-339100,Charles Zamora,Smith and Sons,us-west
DR-664877,Christopher Watts,"Hall, Bailey and Larson",us-west
DR-932066,William Wilson,"Bell, Garcia and Henderson",us-central
DR-151348,Ricky Peterson,Wilson-Jones,us-west
DR-467482,Stacey Gonzalez,Lee Inc,us-central
DR-893533,Christina Anthony,"Howard, Kim and Acosta",us-central
DR-935230,Michael Zavala,Smith-Smith,us-central
DR-173595,John Miller,Stewart-Johnson,us-west
DR-507837,John Hunt,"Jones, Odonnell and Cooper",us-central
DR-100270,Mary Kennedy MD,Rose-Freeman,us-central
DR-262462,Michael Hall,Williams LLC,us-central
DR-707841,Anthony Martin,Hubbard PLC,us-central
DR-138223,Tina Harris,Lowery-Wade,us-central
DR-680417,Donna Owens,"Foster, Sanchez and Garcia",us-west
DR-120735,Brandon Martin,Thompson Inc,us-west
DR-817664,Jennifer Johnson,Gordon Ltd,us-west
DR-661977,Michael Evans,"Coleman, Nguyen and Russell",us-central
DR-216238,Jonathon Jacobson,Johnson-Wilson,us-west
DR-804286,Amy Hernandez,Manning Inc,us-central
DR-133994,Robert Jacobson,Hughes-Smith,us-central
DR-722358,Debra Raymond,"Hunter, Martin and Gonzalez",us-central
DR-941838,Antonio Butler,"Harrison, Nash and Lyons",us-west
DR-510459,Denise Robles,Moore PLC,us-west
DR-306540,Hannah Kline,Stevenson-Sherman,us-central
DR-194018,Christopher Wise,Copeland LLC,us-central
DR-406955,Eric Mejia,Estrada LLC,us-central
DR-403666,Christian Bradley,Fleming LLC,us-central
DR-990976,Isaiah Brennan,Mullins PLC,us-central
DR-730201,Linda Heath,Reyes-Wise,us-central
DR-334738,Brian Crawford,"Nelson, Gonzalez and Garrett",us-central
DR-653436,Mr. Joseph Waller DDS,"Hernandez, Caldwell and Petersen",us-central
DR-550392,Sarah Marshall,Matthews-Ward,us-west
DR-416885,Peter Short,Gutierrez PLC,us-central
DR-596511,Brian Williams,Contreras and Sons,us-central
DR-414088,Heather King,Brown-Landry,us-west
DR-450391,Charles Hull,Grimes-Chavez,us-west
DR-573628,Jose Skinner,Davis-Wheeler,us-central
DR-705344,Erica Mitchell,"Dixon, Jones and King",us-central
DR-765692,Lisa Davis,Warren LLC,us-central
DR-357886,Dylan Thomas,White-Hayes,us-central
DR-105168,Christopher Davis,"Booker, Fletcher and Baker",us-west
DR-922822,Lisa Pitts,"Alexander, Smith and Powers",us-west
DR-427069,Laura Delgado,"Wilson, Jones and Miller",us-west
DR-955092,Jared Berry,Carlson LLC,us-central
DR-647639,Danielle English,"Smith, Craig and Coleman",us-central
DR-984329,Andrew Walsh,"King, Barker and Hogan",us-central
DR-710645,Frederick Mcmillan,"Munoz, Taylor and Johnson",us-central
DR-515151,Joshua Wilson,Brown LLC,us-central
DR-335224,Amanda Frazier,"Jordan, Pope and Brooks",us-central
DR-588064,Joe Edwards,Sutton LLC,us-west
DR-130014,Karina Fisher,Cook-Smith,us-west
DR-374130,James Hopkins,Sanchez-Barnett,us-west
DR-386794,David Sanders,Webb and Sons,us-central
DR-353628,Renee Mccoy,Jones-Sanchez,us-central
DR-608866,Ms. Kimberly Munoz,Lyons Group,us-west
DR-193901,Nicole Ryan,Daniels-Hill,us-west
DR-984739,Lisa Ellis,Bruce-Collins,us-central
DR-500307,Jamie Allen,"Morales, Lopez and Sanders",us-west
DR-387730,Tammy Reese,"Duarte, Davis and Baxter",us-central
DR-625618,Anthony Clark,"Anderson, Phillips and Jackson",us-central
DR-659592,Anthony Chavez,"Houston, Holt and Cameron",us-west
DR-913428,Deborah Oconnor,Hopkins LLC,us-west
DR-201350,Lisa Fleming,"Miller, Bryant and Greene",us-central
DR-453554,Heather Charles,"Bruce, Fowler and Costa",us-west
DR-494562,Tracey Navarro,"Mccann, Schroeder and Ramos",us-central
DR-591005,Jill Barajas,Camacho PLC,us-west
DR-402918,Claudia Lewis,Nunez Ltd,us-west
DR-346089,Jerry Wang,Thornton Ltd,us-central
DR-846469,Abigail Combs,Edwards Group,us-central
DR-235257,Charles Meyers,"Parker, Forbes and Beltran",us-central
DR-773127,Madison Branch,Powers-Wells,us-central
DR-766439,Matthew Collins,"Osborne, Lee and Hansen",us-central
DR-642906,Thomas Clarke,Holland-Rios,us-west
DR-360639,Stacey Le,Reyes-Brown,us-west
DR-141183,Crystal Sims,Hayes-Yoder,us-central
DR-115340,Justin Harris,Montoya LLC,us-central
DR-434077,Gregory Brown,"Coleman, Lee and Johnson",us-central
DR-532814,Tiffany Kennedy,Smith-Sanders,us-central
DR-585082,Laura Martinez,Frazier PLC,us-central
DR-422164,Thomas Browning,"Whitney, Jordan and Potter",us-central
DR-473647,Angela Bennett,Moore Ltd,us-west
DR-197114,Teresa Coleman,Mann LLC,us-central
DR-222451,Aaron Hunter,Brown-Wood,us-west
DR-102759,Kevin Andrews,"Hughes, Hart and Young",us-central
DR-458048,Mark Wallace,"Lewis, Callahan and James",us-central
DR-757024,Paul Cole,"Cortez, Adams and Rowland",us-west
DR-286310,Andrew Davis,Barajas-Hanson,us-central
DR-178191,Daniel Jones,"Gray, Carson and Phillips",us-west
DR-306522,David Collins,Ramos-Wallace,us-central
DR-777860,Bobby Garcia,"Parker, Bush and Young",us-central
DR-791782,Jennifer Williams,Gordon-Roberts,us-central
DR-203654,Isaac Hahn,"Collins, Patrick and Black",us-west
DR-219870,Kevin Edwards,Smith Inc,us-central
DR-279599,Michael Collins,Gallagher-Henderson,us-west
DR-789563,Jacqueline Giles,Crawford Ltd,us-central
DR-234526,Kim Miller,Shah-Nash,us-west
DR-479995,Edward Hurley,"Robinson, Ferguson and Hodges",us-central
DR-326096,James Murray,Knight-Orozco,us-west
DR-917299,Peter Bullock,Rogers LLC,us-central
DR-159345,Monica Hughes,Smith-King,us-west
DR-833255,Lisa Robinson,Chavez Ltd,us-west
DR-917604,Catherine Bryant,Webb Inc,us-central
DR-889958,James Bryant,"Pierce, Kline and Gonzales",us-west
DR-409235,Sandra Jenkins,Flores PLC,us-central
DR-658976,Jeremy White,West PLC,us-west
DR-653086,Morgan Barker,Peterson LLC,us-west
DR-399623,Pamela Carpenter,"Bauer, Moore and Quinn",us-central
DR-204797,Donna Ball,Humphrey-Anderson,us-west
DR-883454,Caitlin Casey,Wright-Keith,us-west
DR-799906,Jordan Murphy,Peterson-Brown,us-central
DR-225046,Eric Hayes,"Bowman, Smith and Stevens",us-west
DR-696618,Daniel Nelson,Pearson-Richard,us-central
DR-336604,John Dominguez,Vaughn PLC,us-central
DR-976863,Christian Fowler,Doyle and Sons,us-west
DR-480689,Valerie Cuevas,"Neal, Bradley and Kelly",us-west
DR-607106,Stacy Hicks,Rodriguez-Diaz,us-west
DR-399133,Dustin Oneal,Love Group,us-central
DR-909489,Karen Campbell,"Love, Martinez and Juarez",us-west
DR-877150,Jennifer Sanford,Owens-Simon,us-west
DR-604184,David Ayers,"Hickman, Davis and Conway",us-west
DR-883369,Bailey Davis,"Robinson, Miller and Henderson",us-west
DR-605127,Jose Wolfe,"Bailey, Christian and Jackson",us-west
DR-325610,Caleb Shaffer,Phillips LLC,us-central
DR-267186,Tina Barry,"Gonzalez, Casey and Castaneda",us-west
DR-224296,Doris Williams,Tanner Group,us-west
DR-705804,Rebecca Brown,Arnold and Sons,us-west
DR-764095,Patricia Hawkins,"Randall, Mitchell and Pena",us-west
DR-261439,Jonathan Richardson,Smith Ltd,us-west
DR-547080,Gabriel Montgomery,Rogers-Sanders,us-central
DR-616093,Alfred Conrad,Sanchez-Johnson,us-central
DR-884542,Christian Benson,Davies-Stewart,us-west
DR-835964,Anna Harvey,Caldwell-Morgan,us-west
DR-555058,Kristi Gutierrez,Hernandez-Larson,us-west
DR-634396,Vanessa Collins,Saunders PLC,us-west
DR-947636,Stephanie Anderson,Thomas-Pittman,us-central
DR-619845,Ryan Webster,"Lloyd, Brown and Norton",us-central
DR-833648,Rebecca Ruiz,Morrison-Jones,us-central
DR-644774,Deborah Walton,Cobb-Phillips,us-central
DR-777695,David Green,Marquez and Sons,us-west
DR-953654,Steven Hamilton,"Russell, Watson and Davies",us-west
DR-576226,Shelly Barry,Davis PLC,us-west
DR-260928,Heather Young,"Wade, Scott and Paul",us-central
DR-299929,Angela Newton,Smith Ltd,us-west
DR-171621,Matthew Wilkins,Rodriguez and Sons,us-central
DR-392581,Heidi Smith,Wood and Sons,us-west
DR-492647,Sean Jackson,Lopez Ltd,us-central
DR-239859,Daniel Montoya,"Murphy, Reyes and Mcfarland",us-west
DR-392719,Corey Ewing,West-Trevino,us-central
DR-180580,Ralph Lowe,Crawford LLC,us-central
DR-729853,Kimberly Jacobs,"King, Beck and Tran",us-central
DR-157755,Lisa Larson,Lewis and Sons,us-central
DR-759795,Charles Bryant,Williams-Thomas,us-west
DR-927303,Gregory Fields,Brock-Hughes,us-west
DR-249077,Christopher Crawford,"Garcia, Brooks and Harding",us-central
DR-374304,Joshua Brown,Owens Ltd,us-central
DR-877313,Jay White,"Dixon, Harrison and Glenn",us-west
DR-932372,Rebecca Banks,"Park, Howell and Roberts",us-central
DR-140700,William Wright,Massey PLC,us-west
DR-494995,Johnny Robles,Novak-York,us-west
DR-161305,Joyce Phillips,Howard and Sons,us-west
DR-875650,Sarah Thomas,Petty PLC,us-central
DR-483330,David Williams,"Russell, James and Lopez",us-west
DR-711283,Robert Cox,"Thomas, Porter and Zuniga",us-west
DR-271036,Scott Sweeney,Bullock-Myers,us-west
DR-743465,Stephanie Rodriguez,Berry Ltd,us-central
DR-808522,Wendy Moore,Walker Ltd,us-west
DR-384700,Kevin Jones,"Moses, Barrett and Hinton",us-west
DR-625560,Ashley Rodriguez,Rodriguez LLC,us-central
DR-978751,Stephanie Marshall DDS,"Fisher, Jones and Diaz",us-west
DR-280728,Charlotte Nguyen,Ritter-Collins,us-central
DR-971315,Jeanette Blevins,"Bernard, Scott and Franklin",us-west
DR-241811,Kristy Rodgers,Scott and Sons,us-central
DR-268885,Matthew Stewart,"Smith, Anderson and Holt",us-central
DR-970395,Ryan Fisher,Henry-Coleman,us-west
DR-741369,Matthew Miller,Hopkins-Ferguson,us-west
DR-105524,Lee Lin,"Beck, Robbins and Shaffer",us-central
DR-375980,Luke Green,Cochran LLC,us-west
DR-340071,Morgan Banks,Baker-Harris,us-west
DR-307265,Jenna Gonzalez,"Armstrong, Becker and Wood",us-west
DR-526260,Jamie Wheeler,Parrish LLC,us-west
DR-798798,Michael Merritt,"Mccoy, Walker and Franco",us-west
DR-282708,Shawn Newman,Rodriguez-Smith,us-west
DR-964710,Monica Hines,Clark Ltd,us-west
DR-523348,Dr. Felicia Garcia,"Peck, Smith and Hawkins",us-west
DR-445613,Amy Todd,Tanner Ltd,us-west
DR-425842,Joseph Mejia,Oneill-Jones,us-central
DR-313495,Mary Avery,"Gonzalez, Faulkner and Griffin",us-west
DR-706067,Marilyn Mahoney,Johnson and Sons,us-west
DR-176183,Joseph Nelson,Moore-Taylor,us-central
DR-453829,Reginald Smith,Maldonado-Luna,us-west
DR-263724,Stephanie Valdez,Rogers LLC,us-central
DR-374736,Brandy Tran,Williams-Barnett,us-central
DR-296757,Candace Rose,"Lee, Wright and Jones",us-central
DR-778894,Dana Gray,Baxter-Gonzalez,us-central
DR-758082,Claudia Ramirez,White-Lopez,us-west
DR-202740,Craig Collins,Wilson Group,us-central
DR-513021,Aaron Liu,Spencer-Herrera,us-central
DR-968849,John Duffy,Schneider-Pitts,us-central
DR-998811,Amanda Stone,Green Group,us-west
DR-508728,Veronica Vaughan,"Murphy, Fields and Rivera",us-central
DR-661665,Brian Davis,"Perez, Cruz and Francis",us-west
DR-261583,Alexander Oconnor,Crane-Taylor,us-central
DR-331176,Kenneth Sherman,Cunningham-Wise,us-west
DR-480242,Maria Flowers,Davidson and Sons,us-central
DR-578085,Mary Jones,Fry Ltd,us-west
DR-569827,Ronald Reid,Jackson-Walker,us-west
DR-128400,Ashlee Flynn,"Peterson, Bond and White",us-west
DR-614657,Steven George,Miller-Valdez,us-central
DR-580881,Juan Garcia Jr.,Perez-Harris,us-central
DR-656348,Heather Oliver,"Montoya, Macdonald and Ali",us-central
DR-239675,Derek Krueger,Anderson-Carpenter,us-west
DR-918826,Joshua Nguyen,Martinez-Cantu,us-west
DR-394523,Jimmy Hancock,"Perez, Huang and Hall",us-central
DR-728868,Andrew Graham,Miller-Farley,us-west
DR-898895,Matthew Parker,"Collins, Craig and Rose",us-west
DR-669564,Paul Hill,Mueller Ltd,us-west
DR-658895,Jenna Palmer,"Clark, Stevens and Lyons",us-central
DR-736189,Melissa Davis,Franklin Ltd,us-west
DR-171348,Megan Mercado,Morales Group,us-central
DR-433580,Ralph Keller,Marks PLC,us-west
DR-752423,Courtney Mcdowell,Dixon LLC,us-central
DR-112403,Margaret Robinson,Mitchell Ltd,us-central
DR-484578,John Ritter,Turner Ltd,us-central
DR-777552,Mike Bell,"Anderson, Coleman and Valdez",us-west
DR-583682,Margaret Schmitt,Griffith Inc,us-west
DR-639399,David Ramos,Garrison-Owens,us-west
DR-794893,Gabriela Sawyer,Brown and Sons,us-west
DR-702478,Alexander Simpson,Sweeney Group,us-central
DR-442937,Mr. Gerald Pena,"Williams, Pugh and Schaefer",us-west
DR-861814,Alison Shaffer,"Carr, Myers and Foster",us-west
DR-383953,Benjamin Joyce,"Blair, Downs and Mueller",us-west
DR-631405,Nicole Washington,Walker-Ortega,us-central
DR-433502,William Oconnell,Alvarez LLC,us-central
DR-409552,Rhonda Coleman,Carter-Scott,us-west
DR-504229,Joseph Wong,Schroeder Ltd,us-central
DR-717002,Alexis Clark,Stone-Parker,us-central
DR-402403,Jessica Nguyen,Nguyen LLC,us-west
DR-669682,Angela Sims,"Green, Brewer and King",us-west
DR-605778,George Morrison,"Hutchinson, Aguilar and Yates",us-west
DR-208610,Sarah Cameron,Jones-Nelson,us-west
DR-760202,Phillip Collins,Henderson-Fox,us-west
DR-168903,Julie Humphrey,Jackson Inc,us-west
DR-225076,Diana Ballard,Campbell Ltd,us-west
DR-681918,Michael Long,"Kim, Thomas and Solis",us-west
DR-818289,Kevin Quinn,"Meadows, Miranda and Jacobs",us-west
DR-513951,Benjamin Maldonado Jr.,Barnes Inc,us-west
DR-781087,Christina Tran,Chavez Inc,us-central
DR-994464,Sandra Roach,Jacobs Ltd,us-west
DR-270768,Morgan Ward,Garcia Group,us-west
DR-983775,Amanda Jones,Young-Gomez,us-central
DR-529512,Brian Moore,French-Barnes,us-west
DR-616247,Denise Sanders,"Palmer, Baker and Rivera",us-central
DR-460796,Justin Rice,"Williams, Jensen and Carroll",us-west
DR-608318,Amanda Mcgee,Dodson-Anderson,us-central
DR-156437,Gary Nunez,Martin Inc,us-west
DR-264198,Angela Martinez,Phelps-Fernandez,us-central
DR-255730,Michelle Scott,Hutchinson Ltd,us-west
DR-468543,Michael Foster,"Barrera, Roberts and Smith",us-central
DR-446749,Stephen Oconnor,Johnson-Moore,us-central
DR-273060,Michael Anderson,Jarvis-Mcdaniel,us-central
DR-753939,Anthony Wagner,Guerra LLC,us-west
DR-491407,Andrea Tapia,Garcia-Mccarthy,us-west
DR-140590,George White,Fitzpatrick-Stephens,us-west
DR-354418,Barry Franco,"Erickson, Martinez and Ortiz",us-west
DR-115962,Heather Smith,"Mcguire, Wilkerson and Harrell",us-west
DR-137318,Joseph Davis,Miller Inc,us-central
DR-212274,Rita George,"Gonzalez, Nixon and Guerrero",us-central
DR-924121,Hector Harris,Thompson-Harris,us-central
DR-962965,Andres Shepherd,Cox-Richard,us-central
DR-854891,Hector Wagner,"Alexander, House and Lewis",us-west
DR-493449,Todd Santos,Vincent-Juarez,us-west
DR-773738,Devin Macdonald,"Carrillo, Nelson and King",us-central
DR-948040,Crystal Mclean,Koch Inc,us-west
DR-918031,Jeffrey Young,"Yu, Park and Hernandez",us-central
DR-416780,Shelby Rodriguez,Little PLC,us-west
DR-291627,Dustin Williams,Reed-Lopez,us-central
DR-410901,Kenneth Shaw,Kane Inc,us-central
DR-615937,Amy Morgan,Golden-Lynch,us-west
DR-238477,Julie Haynes,"Cruz, Gibbs and Wiley",us-central
DR-529626,Beth Lowery,Lee-Olson,us-west
DR-620227,Brett Ritter,Silva-Cain,us-central
DR-428753,Joshua Gibbs,Mcbride Group,us-central
DR-649492,Julian Kaufman,Edwards-Smith,us-west
DR-458357,William Odom,Bradford-Pineda,us-central
DR-530205,Angela Diaz,"Ortiz, Meadows and Doyle",us-central
DR-207583,Ashley Price,Shaffer-Knapp,us-west
DR-408978,Maria Mccall,Miller Group,us-central
DR-500743,Molly Perez,"Gonzales, Mitchell and Nielsen",us-west
DR-334115,Lauren Mack,Miller Inc,us-central
DR-361783,Eric Finley,Reed and Sons,us-central
DR-751791,Luis Bray,"Wang, Rogers and Reid",us-west
DR-151731,Kimberly Cruz,Fleming and Sons,us-central
DR-453778,Jessica Rogers,Edwards Ltd,us-central
DR-447638,Jessica Morgan,"Rivera, Andrews and Roberts",us-west
DR-818278,Julie Duran,Strickland and Sons,us-west
DR-517954,Andrew Roman,Williams PLC,us-west
DR-770305,Mrs. Jessica Payne,"Russo, Austin and Turner",us-west
DR-580708,Kimberly Cole,Garza-Hernandez,us-west
DR-709533,Mr. Adrian Palmer,Hart-Phillips,us-central
DR-826413,Elizabeth Drake,Green and Sons,us-west
DR-842896,Lori Perkins,"Edwards, Nguyen and Brooks",us-central
DR-503016,Robert Johnson,Rice-Erickson,us-west
DR-362862,Jared Johnson,Robinson-Ortega,us-west
DR-282358,John Campbell,Taylor-Simpson,us-central
DR-403805,Jennifer Murphy,Young-Valentine,us-central
DR-532869,Stephanie Nguyen,"Greene, Taylor and Morris",us-west
DR-984149,Erik Edwards,Perez-Massey,us-central
DR-582178,Hunter Smith,Keith LLC,us-central
DR-868803,Steven Simmons,Martinez-Todd,us-central
DR-961387,Michael Mejia,Costa-Bush,us-central
DR-785025,Beverly Silva,"Reynolds, House and Jones",us-west
DR-370403,Janice Johnson,Lopez-Morse,us-central
DR-991216,Robert Smith,Jackson Ltd,us-west
DR-621437,Aaron Fitzgerald,Carter-Fox,us-central
DR-923166,Charles Gonzalez,Perez and Sons,us-west
DR-625762,Mary Rivera,Smith-Williamson,us-central
DR-971160,Margaret Owens,"Mitchell, Jackson and Anderson",us-west
DR-550179,Abigail Chapman,"Miller, Pugh and Campbell",us-west
DR-978365,Stephanie Martinez,"Harris, Barajas and Powell",us-central
DR-227125,Diane Allison,Payne-Hammond,us-central
DR-419555,Alyssa Marsh,"Wood, Barr and Adkins",us-west
DR-386965,Jamie Beasley,Warner Group,us-central
DR-869308,Laurie Peterson,Garcia-Ward,us-central
DR-205768,Jason Morales,"Evans, Martinez and Clark",us-central
DR-442140,Troy Stark,"Gonzalez, Hernandez and Schwartz",us-central
DR-773631,Tyler Black,Martin Inc,us-central
DR-728245,Brandon Escobar,Howard Ltd,us-central
DR-323393,Lonnie Johnson,Morris-Garcia,us-central
DR-831973,Laura Atkinson,Robinson Inc,us-central
DR-452066,Richard Smith,"Simmons, Rogers and Reyes",us-central
DR-171255,Caitlyn Ayala DVM,Dougherty-Collins,us-central
DR-172356,Michael Smith,"Smith, Murray and Hall",us-central
DR-272541,Veronica Gross,Cervantes Ltd,us-west
DR-180607,Christine Armstrong,Ochoa and Sons,us-west
DR-762943,Mark Barr,"Howard, Salazar and Fischer",us-central
DR-125270,Michael Pope,Bailey Inc,us-west
DR-142074,Gregory Hodge,"Baker, Murphy and Hayes",us-central
DR-493026,Lauren King,Sullivan Group,us-central
DR-806355,Nina Li,Boone Group,us-central
DR-256451,Richard Howard,Acosta-Davis,us-central
DR-276748,Christopher Jackson,Foster-Lloyd,us-west
DR-156501,Jose Hicks,Davis Group,us-west
DR-262245,Victoria Horn,Johnson Ltd,us-west
DR-308037,Megan Martinez,Jacobs-Reynolds,us-west
DR-266102,Sheila Adams,Ryan Inc,us-west
DR-130533,Steven Young,"Lozano, Mcdaniel and Dunn",us-central
DR-132766,Joseph Smith,Martinez-Martinez,us-west
DR-534893,Linda Wright,Miller PLC,us-central
DR-371765,Theresa Wilson,Terrell Inc,us-central
DR-378946,Wendy Le,"Lowe, Whitehead and Campbell",us-west
DR-182158,Maria Rodriguez,"Hall, Rodriguez and Jones",us-central
DR-116623,Scott Lloyd,Cross Group,us-central
DR-253889,Olivia Mathis,Bowers Ltd,us-west
DR-123870,Kevin Ryan,Kelly Inc,us-west
DR-686058,Wesley Wagner,"Torres, Ayers and Mendoza",us-central
DR-560786,Neil Stephens,White-Mitchell,us-central
DR-685907,Taylor Parker,"Patterson, Ward and Maddox",us-west
DR-547773,Tara Bennett,Simmons-Johnson,us-west
DR-685208,Nicole Maxwell,Murphy-Anderson,us-central
DR-671527,Nathan Wyatt,Garcia and Sons,us-central
DR-927847,Mary Rowe,Johnson-Rodriguez,us-central
DR-432709,Allison Gordon,"Lang, Raymond and Wade",us-central
DR-728055,Brian Hicks,Sullivan Ltd,us-central
DR-411805,Brandon Rice,"Thompson, Miller and Warren",us-central
DR-146789,Christian Ramirez,Schroeder Group,us-central
DR-333213,Mario Beard,Martin-Morales,us-west
DR-804643,Haley Aguilar,Benson-Stewart,us-central
DR-496275,Jacob Christian,"Leon, Torres and Everett",us-central
DR-367784,Kristen Frederick,Hernandez-Acevedo,us-central
DR-657430,Amber Sutton,Wood and Sons,us-west
DR-378423,Ruben Jimenez,Smith-Pierce,us-west
DR-953699,Linda Johnson,Deleon-Lang,us-central
DR-817669,David Soto,Gomez-Mccarthy,us-central
DR-838203,Alexandra Reeves,"Gonzalez, Mcdonald and Lloyd",us-west
DR-736614,Jose Mccoy,Gonzalez-Adams,us-central
DR-125010,Vanessa Anderson,"Schultz, Sanchez and Davis",us-central
DR-869261,James Green,Russell LLC,us-west
DR-375002,Diana Kennedy,Campbell Ltd,us-west
DR-870793,Seth Boyd,Hernandez-Allen,us-central
DR-494759,Courtney Holland,Juarez Group,us-central
DR-963333,Jose Roman,Carter-Sexton,us-central
DR-230529,Frank Singh,Miller and Sons,us-west
DR-233084,Jennifer Rogers,Parsons-Manning,us-west
DR-430567,Joshua Holt,"Owen, Sawyer and Davis",us-west
DR-455047,Bonnie Miller,"Duncan, Gonzalez and Pearson",us-west
DR-439004,Amanda Frederick,Graham Ltd,us-west
DR-765501,Antonio Miles,Lowe-Barker,us-west
DR-788079,Mark Davis,Sullivan-Tate,us-west
DR-309670,James Lambert,Martinez-Johnson,us-west
DR-873706,Gavin Garcia,Ho-Bailey,us-west
DR-862265,Brittany Smith,"Jones, Mckinney and Ellis",us-central
DR-694051,Paul Marquez,Hernandez-Elliott,us-west
DR-474539,Tamara Snyder,Bowman PLC,us-central
DR-218335,Cheryl Martin,"Singh, Sanchez and Bond",us-central
DR-362507,Lawrence Williams,"Wall, Barnes and Smith",us-west
DR-522347,Peter Gould,"Meyer, Davis and Cline",us-central
DR-805307,Barry House,Lawson-Leach,us-central
DR-493037,Adrian Lowe,Scott-Turner,us-central
DR-383680,Brandon Stein,Schmidt and Sons,us-west
DR-885615,Erika Wagner,Schaefer and Sons,us-central
DR-221142,Daniel Hall,"Middleton, Tucker and Jacobson",us-west
DR-589966,Jeremy Woods,Guerrero PLC,us-central
DR-753347,Ian Thomas,"Thompson, Hudson and Graves",us-central
DR-240100,Kyle French,Smith Group,us-central
DR-125258,Gregory Davidson,"Poole, Brown and Jackson",us-central
DR-374498,Matthew Burgess,"Martinez, Hill and Butler",us-central
DR-285045,Kaitlyn Price,"Sullivan, Beck and Watson",us-west
DR-814957,Brian Barajas,Cole Inc,us-west
DR-425191,Brianna Huber,"Bush, Huffman and Brown",us-west
DR-673815,Heather Rogers,Smith LLC,us-west
DR-474417,Nathaniel Stewart,Rice-Jimenez,us-west
DR-254260,Laura Kim,Cole-Ross,us-central
DR-791421,Carly Smith DDS,Simon LLC,us-central
DR-153224,Gabriel Ross,Silva-Mccullough,us-central
DR-252661,Richard Harmon,Warren-Barrera,us-west
DR-108207,Tyler Ward,Campbell-Campbell,us-central
DR-632572,Kara Jackson,"Perkins, Herring and Thomas",us-central
DR-880990,Jennifer Navarro,"Diaz, Cox and Cardenas",us-west
DR-981562,Howard Ellison,"Mora, Daniels and Knox",us-west
DR-713777,Jason Thomas,Gutierrez Inc,us-west
DR-479286,Curtis Byrd,"Gilmore, Hurst and Mcgee",us-central
DR-763173,Joel Logan,Evans-Johnson,us-central
DR-389629,Elizabeth Alexander,"Gonzales, Gonzalez and Lucero",us-central
DR-610293,Philip Edwards,"Ford, Gregory and Kim",us-central
DR-161606,Anna Sloan,"Jacobs, Johnson and Lawson",us-central
DR-965111,Charles Patterson,Ruiz-Sullivan,us-west
DR-215188,Jimmy Forbes,Villanueva PLC,us-west
DR-245883,Linda Wiggins,"Rowe, Oneal and Barrera",us-central
DR-105942,Natasha Rivers,Adams-Turner,us-central
DR-829923,Colin Massey,Vargas LLC,us-central
DR-492753,James Goodwin,"Carr, Caldwell and Vance",us-central
DR-430891,Paul Watson,Wilson-Gutierrez,us-central
DR-952418,Jesus Richardson,"Oneill, Moore and Charles",us-central
DR-249707,Claire Berg,"Ball, Silva and Watson",us-central
DR-347051,Carla Gardner,Bradley Inc,us-west
DR-843213,Christopher Aguirre,"Garcia, Nguyen and Gonzalez",us-west
DR-730312,Clarence Jordan,"Cannon, Nunez and Ramos",us-west
DR-575450,Richard Thomas,"Diaz, Buchanan and Moran",us-west
DR-589571,Elizabeth Lopez,"Kennedy, Dunn and Lee",us-central
DR-430532,Robert Thomas,Logan PLC,us-central
DR-709471,Caitlin Delgado,"Flowers, Beasley and Reese",us-central
DR-766751,Sherry French,"Lee, Burnett and Gomez",us-west
DR-766166,Amanda Banks,Lee Group,us-central
DR-335268,Anna Alexander,Pugh-Beard,us-west
DR-131807,Logan Mendez,"Harris, Thomas and Crosby",us-central
DR-470851,Dustin Mahoney,Smith PLC,us-west
DR-707059,Gordon Duran,Clark-Hill,us-west
DR-469070,Destiny Hutchinson,Brooks-Newman,us-west
DR-576030,Michelle Roberts,Howell Ltd,us-central
DR-522075,Nichole Williams,Carter Group,us-west
DR-288758,Kimberly Lane,"Malone, Guzman and Wells",us-central
DR-409221,Ryan Simpson,"Randall, Huffman and Vazquez",us-central
DR-375732,Kenneth Barrera,Perez PLC,us-central
DR-463768,Amy Williams,Brown Group,us-west
DR-228854,Christopher Russo,"Parsons, Sparks and Stewart",us-west
DR-746344,Megan Watson,"Reed, Walker and Townsend",us-central
DR-455865,Andre Willis,"Frank, Rivera and Garcia",us-central
DR-535812,Richard Burnett,"Oconnell, Robles and Martin",us-central
DR-774815,Michael Buchanan,Anderson Group,us-central
DR-133797,Adam Thomas,Scott Inc,us-west
DR-202450,Dustin Dixon,"Stone, Schmidt and Cruz",us-west
DR-174301,Sandra Armstrong,Li-Miranda,us-west
DR-978227,Christopher Russell,Harrison and Sons,us-west
DR-110297,Kara Hawkins,"Stewart, Stephens and Ramos",us-central
DR-356664,Jack Mack,Hall Ltd,us-central
DR-950254,Larry Anderson,"Shannon, Mckenzie and Washington",us-central
DR-736371,Caitlyn Hunt,Decker-Garcia,us-central
DR-267906,Tami Price,"White, Dodson and Duran",us-central
DR-413838,Todd Crawford,Baker-Green,us-central
DR-540185,Andrea Fitzgerald,"Clark, Harris and Stout",us-west
DR-535197,Erica Bishop,Brooks-Hebert,us-west
DR-763436,Jessica Tucker,Baker-Duffy,us-west
DR-168260,Kevin Carrillo,"Torres, Taylor and Garcia",us-central
DR-520525,Shawn Long,Villarreal Group,us-west
DR-312644,Kelsey Anderson,Holt PLC,us-central
DR-683927,Christopher Levine,"Macias, Perez and Mccall",us-central
DR-106488,Eddie Nicholson,"Rodriguez, Ramos and Thomas",us-west
DR-155377,Barbara Anderson,"Farmer, Smith and Ballard",us-west
DR-141913,Brandon Olsen,Nichols-Wallace,us-west
DR-994754,Brian Bailey,Garcia Ltd,us-west
DR-892821,Spencer Summers,Goodwin LLC,us-west
DR-226201,Emily Rogers,Buchanan Group,us-central
DR-174410,Jay Evans,Brown Ltd,us-west
DR-221070,Tyler Griffith,"Fields, Singleton and Norton",us-west
DR-481158,Michael Roberts,"Kerr, Fleming and Walsh",us-west
DR-600764,Matthew Dawson,"Clark, Wilkinson and Bowman",us-west
DR-321246,Barbara Farley,Anderson-Dunn,us-central
DR-131238,Vicki Rose,Owens-Olsen,us-central
DR-521028,Margaret Spencer DVM,Garcia Group,us-west
DR-204837,Katie Silva,May Inc,us-central
DR-803093,Terrence Weaver,Morris and Sons,us-west
DR-910375,Donna Blackwell,Hall PLC,us-west
DR-712491,Anna White,"Morales, Schwartz and Davila",us-central
DR-492495,Jared Richards,Young-Pineda,us-central
DR-542291,Amanda Martinez,Carpenter-Williams,us-west
DR-868546,Jessica Miller,"Martin, Griffin and Herring",us-central
DR-917108,Chelsea Johnson,"Herman, Mueller and Thompson",us-central
DR-736327,Jennifer Lee,Turner and Sons,us-central
DR-638833,Janet Roberts,Donaldson Inc,us-central
DR-745333,Daniel Powell,"Parker, Johnson and Silva",us-central
DR-902743,Adrienne Nielsen,Matthews LLC,us-central
DR-969646,Adam Lee,Collins-Hanson,us-central
DR-248306,Randall Hernandez,Atkinson Ltd,us-central
DR-672994,Matthew Gonzales,Morris-Rowe,us-central
DR-827921,Elizabeth Wade,"Cole, Rice and Oliver",us-central
DR-420324,William Eaton,Townsend PLC,us-central
DR-191542,Sheri Melendez,"Campbell, Oliver and Johnson",us-central
DR-414714,Matthew Matthews,Hardin PLC,us-central
DR-767957,Robert Jordan,Gray PLC,us-west
DR-549809,Elaine Reed,Foley LLC,us-west
DR-565397,Lori Benjamin,Ray-Hill,us-west
DR-217374,Tony Bishop,Rios and Sons,us-central
DR-893539,Tammy Brown,Smith Inc,us-central
DR-554838,Evan Davis,Jones Inc,us-west
DR-200154,Travis Rogers,Mckay-Miller,us-central
DR-573044,Kimberly Williams,Clark-Sanders,us-central
DR-326785,Lisa Joyce,Schultz Group,us-west
DR-118553,Amanda Espinoza,"Hansen, Smith and Parker",us-central
DR-881011,Nicole Schroeder,"Cruz, Franco and Walter",us-west
DR-572392,Glen Wheeler,Cohen Inc,us-west
DR-332906,Michael Frost,Johnson-Hoffman,us-west
DR-351555,Louis Olsen,"Forbes, Salazar and Jensen",us-central
DR-838181,Cindy Greer,"Robles, Cooke and Farmer",us-central
DR-899630,Thomas Bowen,Blackwell Inc,us-west
DR-959761,Kathryn Hines,Brown-Gray,us-west
DR-327626,Margaret Morrow,"Pineda, Young and Garcia",us-central
DR-398134,Stephanie Turner,"Morrow, Thompson and Stevens",us-central
DR-737441,Robert Brown,Krause PLC,us-central
DR-960877,Oscar Carr,Gibbs-Barnett,us-central
DR-530416,Shannon Roman,Gomez-Woods,us-west
DR-238075,Ricky Phillips,Smith Inc,us-west
DR-616668,Kimberly Moore,"Beltran, Fernandez and Roberts",us-central
DR-494364,Jerry Garcia,Ingram-Watson,us-west
DR-881845,Leonard Clayton,"Watson, Campbell and Knight",us-central
DR-748234,Gabrielle Leon,Davis PLC,us-central
DR-751732,Tyler Graham,Li Group,us-central
DR-864296,Travis Hale,"Washington, Perkins and Morris",us-central
DR-379213,Sandra Smith,"Butler, Howard and Bell",us-west
DR-830611,Timothy Boyd,Hoffman Ltd,us-central
DR-747800,Julian Bowers,"Sexton, Moses and Matthews",us-west
DR-762163,Katherine Green,"Johnson, Herrera and Mccoy",us-west
DR-490429,Peter Golden,Marquez Inc,us-west
DR-559810,Scott Costa,Lopez-Reese,us-central
DR-591069,Jerry Ingram,Lang-Erickson,us-west
DR-284924,Teresa Delgado,Castro-Archer,us-central
DR-237575,Matthew Williams,"Goodwin, Shields and Bautista",us-central
DR-469978,Alexander Johnson,"Burns, Irwin and Meadows",us-central
DR-982756,Charles Foley,"Hall, Lewis and Peters",us-west
DR-273997,David Daniels,"Short, Atkins and Nguyen",us-west
DR-364936,David Williams,Snow-Ibarra,us-west
DR-905071,Scott Perry,Barrett-Wright,us-west
DR-232345,Richard Freeman,Fleming Ltd,us-west
DR-766398,Mike Rose,Anderson Group,us-west
DR-795124,Jose Gonzalez,"Long, Marshall and Payne",us-west
DR-164966,Christina Dorsey,Powell-Boone,us-central
DR-874872,Mark James,Flowers-Ewing,us-central
DR-833307,Dakota Gay,Jones-Smith,us-west
DR-361660,Kyle Meza,"Flores, Jensen and Graham",us-central
DR-871235,Leslie Smith,"Williams, Gilbert and Mcconnell",us-central
DR-995272,Kevin Moore MD,Wolf-Collins,us-central
DR-511549,Yvette Brown,Carter-King,us-central
DR-419444,James Smith,Martinez LLC,us-central
DR-948978,Jasmine Anderson,Hernandez and Sons,us-west
DR-347877,Heather Salinas,"Smith, Fisher and Sloan",us-central
DR-972897,Brenda Smith,Wright Inc,us-west
DR-619531,Chad Fisher,West and Sons,us-central
DR-367760,Elizabeth Lloyd,"Noble, Kelly and Johnson",us-central
DR-919294,Tyler Moore,Flores-Vincent,us-central
DR-660863,Brian Gonzalez,Swanson and Sons,us-west
DR-939861,William Camacho,Bowman-Williams,us-central
DR-541921,Tiffany Guerrero,Harper Group,us-west
DR-561504,Elizabeth Rivera,"Harrison, Williams and Perry",us-west
DR-761851,Shari Castillo,"Rodriguez, Russell and Ellis",us-west
DR-736646,Julia Leonard,Combs-Meyer,us-west
DR-959790,Aaron Diaz,Davis-Perry,us-west
DR-312920,Samantha Gonzalez,Lee LLC,us-west
DR-334825,Corey Carlson,Weaver-Patterson,us-west
DR-479120,Anthony Moore,Lutz-Malone,us-central
DR-386181,Cindy White,David-Anderson,us-central
DR-930522,Michael Mullen,Morrow-Barr,us-central
DR-888875,Matthew Lopez,"Reynolds, Tyler and Green",us-central
DR-753573,Tracy Bell,"Hall, Sullivan and Phillips",us-central
DR-981445,Gregg Le,Brandt LLC,us-west
DR-279108,Whitney Henderson,Sweeney Group,us-west
DR-112394,Mr. Chase Morris MD,Skinner Ltd,us-central
DR-995385,Tina Ellis,Buck LLC,us-west
DR-835705,Jennifer Mann DDS,Wright-Rosales,us-central
DR-939600,Gary Delgado,Ortiz Inc,us-west
DR-811139,Sarah Bryant,"Hartman, Shelton and West",us-west
DR-590854,Samuel Miller,"Patterson, Spencer and Torres",us-west
DR-328399,Nicholas Dougherty,"Berry, Castro and Johnston",us-central
DR-706923,Katrina Rodgers,Johnson and Sons,us-central
DR-223753,Jeff Smith,Green and Sons,us-central
DR-608147,Megan Silva,Richard Ltd,us-central
DR-758397,Jaime Valentine,Lawrence-Greene,us-central
DR-416685,Christopher Dickerson,Campbell-Acosta,us-central
DR-726973,Charles Smith,"Macias, Welch and Garcia",us-central
DR-504233,Laura Garcia,Kelley and Sons,us-west
DR-370788,Ashley Decker,Gonzalez-Becker,us-west
DR-234264,Robert Villa DDS,"Henderson, Lutz and Valencia",us-central
DR-647925,Brandon Walker,Watts-Guzman,us-central
DR-433394,Daniel Wood,"Johnson, Williams and Newman",us-west
DR-122403,Brittany Hunter,Sampson PLC,us-west
DR-782586,Lawrence Smith,Hall-Wilkinson,us-central
DR-703619,Sarah Patterson,Collier Group,us-central
DR-132851,Lindsay Hill,Rodriguez LLC,us-west
DR-554377,Stephanie Campbell,"Holland, Hill and Thomas",us-west
DR-323310,Ethan Horn,Burton-Bowers,us-central
DR-194184,Randy Hamilton,Wright-Wilson,us-central
DR-616228,Kevin Dunn,Cameron Group,us-west
DR-664138,Dennis Barrett,Bender-Hughes,us-west
DR-607553,Stephen Cain,Silva LLC,us-central
DR-168992,Maria Heath,"Stevens, Taylor and Miller",us-central
DR-292785,Christopher Morrison,Wall-Dillon,us-central
DR-700356,Rachel Turner,Rivera-Medina,us-west
DR-468802,Michael Love,Koch-Lewis,us-central
DR-678392,Daniel Carr,Copeland Group,us-west
DR-936526,Timothy Chase,Roberts LLC,us-central
DR-742525,Jessica Bullock,Rice Group,us-west
DR-531131,Rachel Kim,Barron Ltd,us-central
DR-241466,Claire Hardy,"Bush, Erickson and Thomas",us-west
DR-183869,Jeff Neal,Tucker-Castro,us-central
DR-337507,Melissa Lyons,Watkins PLC,us-central
DR-116944,Heather Meadows,"Stewart, Morton and Johnson",us-central
DR-820201,Brandon Orozco,Harris and Sons,us-west
DR-948545,Jessica West,"Jackson, Evans and Bradley",us-west
DR-823129,Kenneth Strickland,"Reed, Swanson and George",us-central
DR-518572,Brandi Houston,Gregory-Davis,us-central
DR-283522,Deborah Soto,Stevens LLC,us-west
DR-674891,Judy Baldwin,"Bell, Mahoney and Smith",us-central
DR-943182,Nancy Parks,Thompson-Powell,us-west
DR-540657,Kim Anderson,"Davis, Rodgers and Jones",us-west
DR-214505,Alejandro Stafford,Davis-Mendoza,us-west
DR-802737,Alejandra Taylor MD,Watkins and Sons,us-central
DR-901913,Sheri Parker,"Diaz, Ferguson and Shaffer",us-central
DR-202255,Elizabeth Hoffman,Hopkins-Boyer,us-west
DR-944900,Christina Barrera,Tran-Johnson,us-west
DR-943767,Mary Collins,Johnson PLC,us-central
DR-790818,Crystal Taylor,Barrett-Russell,us-west
DR-697248,Walter Matthews,Lawrence PLC,us-west
DR-790139,Robert Parker,Willis Inc,us-west
DR-732581,Jennifer Graham,Greer-Stevens,us-west
DR-503461,Tara Rodriguez,"King, Hamilton and Shepard",us-west
DR-528059,Daniel Nielsen DVM,Mata and Sons,us-central
DR-760105,Rachel Howell,Reynolds-Johns,us-central
DR-856883,Janet Rivera,Howard-Lopez,us-central
DR-967593,Teresa Hall,Jarvis Ltd,us-west
DR-924038,Kelly Cox,Fisher-Underwood,us-central
DR-415066,Denise Thomas,Carter Inc,us-central
DR-749395,Erik Williams,Grant-Arnold,us-west
DR-505640,Ricky Smith,Arnold PLC,us-central
DR-300458,Ashley Leblanc,Brady Group,us-west
DR-377544,Martha Hardy,Wheeler-Rodriguez,us-west
DR-134693,Aaron Brown,Vega PLC,us-west
DR-333119,Bethany Snow,"Perez, Bass and Pruitt",us-central
DR-614008,Lori Davis,Cline Inc,us-west
DR-404707,Justin Parsons,"Rogers, Watkins and Smith",us-central
DR-622624,Sheri Hatfield,Strickland and Sons,us-central
DR-962073,John Hernandez,Washington Group,us-west
DR-447159,Ryan Bennett,Morgan-Parker,us-central
DR-113679,Michael Richardson,Rosario Group,us-central
DR-147207,Andrew Delacruz PhD,"Cole, Kramer and Henry",us-central
DR-685416,David Maldonado,Woods-Johnson,us-west
DR-922994,Jesse Brown,"Dominguez, Coleman and Phillips",us-west
DR-561117,David Peters,Watts and Sons,us-west
DR-296309,Christine Chan,Lin LLC,us-central
DR-104495,Diamond Alexander,Page and Sons,us-west
DR-860817,Christina Kelly,"Turner, Kane and Foster",us-central
DR-231912,Christopher Mcintosh,Carter-Parrish,us-central
DR-418822,Nicole Green,Lee-Ramos,us-central
DR-650085,David Miller,Alvarado LLC,us-central
DR-338682,Victor Caldwell,Scott and Sons,us-central
DR-874687,Mark Thomas,"Harvey, Strickland and Alvarez",us-west
DR-880847,Emily Oconnor,Cuevas-Kelly,us-central
DR-523894,Megan Horn,Murillo-Jones,us-central
DR-375955,Crystal Sullivan,Jones and Sons,us-central
DR-983176,Barbara Lloyd,Graham-Lane,us-central
DR-450264,James Wright,Berry-Dunn,us-central
DR-503001,Matthew Garcia,Watson Inc,us-central
DR-318046,Heidi Jones,Best PLC,us-west
DR-887433,Rita Hoover,Wright Inc,us-west
DR-517224,Mrs. Theresa Massey,Mccormick-Russo,us-central
DR-141225,Janet Daniels,May Inc,us-west
DR-739708,Jason Gallagher,"Hawkins, Williams and Collins",us-west
DR-232031,Traci Reid,"White, Gutierrez and Snow",us-west
DR-476613,Amber Miller,Herrera Inc,us-central
DR-562092,Patrick Brown,Scott-Padilla,us-central
DR-596966,Amy Jenkins,"Cruz, Dennis and Cervantes",us-central
DR-250155,Nicholas Mercer,Watkins Group,us-west
DR-475987,Amber Bass,Edwards-Elliott,us-central
DR-805701,Sabrina Smith,Burke-Vaughn,us-west
DR-879833,Stephen Nguyen,Sloan and Sons,us-central
DR-600944,Joseph Warren,Yu PLC,us-central
DR-531450,Samantha Shaw,Rodgers Inc,us-west
DR-947495,Deanna Glass,Booth Inc,us-west
DR-211403,Catherine Crawford,"Jenkins, Richardson and Jones",us-central
DR-704437,Jerry Potts,Wood and Sons,us-central
DR-311319,Kathy Brown,Hamilton and Sons,us-west
DR-474523,Mr. Kevin Miller,Schmidt-Wilson,us-central
DR-329885,Dr. Peter Young,Martinez LLC,us-central
DR-976279,Eugene Hendrix,White-Simpson,us-central
DR-947098,Andrea Crawford,Robinson-Wood,us-central
DR-745677,Gina Jones,May-Johnson,us-west
DR-273148,Rachel Vasquez,Steele-Flowers,us-west
DR-162417,Adrian Martin,Martinez Inc,us-west
DR-123253,Frank Maldonado,"Morgan, Medina and Kelley",us-west
DR-249969,Glenn Johnson,Trujillo PLC,us-west
DR-609225,Chad Brown,Hill and Sons,us-central
DR-733531,Jesse Thomas,Garcia and Sons,us-west
DR-283003,Tonya Patrick,Hall PLC,us-central
DR-472631,Jacob Walker,Campbell and Sons,us-west
DR-251862,Margaret Marshall,"Rocha, Jones and Fox",us-west
DR-809745,Thomas Hill,"Contreras, Walters and Dominguez",us-central
DR-332753,Patrick Brown,Maxwell and Sons,us-central
DR-412749,Jose Davis,Schwartz-Hansen,us-west
DR-160970,Blake Clay,Arroyo-Bailey,us-central
DR-776897,Mary Lewis,Cunningham Group,us-west
DR-269867,Kevin Sanchez,Rice LLC,us-central
DR-772059,Nicole Reyes,"Williams, Cole and Martinez",us-central
DR-233691,Stuart Morales,Curtis LLC,us-central
DR-204709,Paige Mitchell,Snyder-Cooper,us-west
DR-342768,Andrea Adkins,"Vargas, Bowers and Lawson",us-west
DR-512401,Gregory Montgomery,Ellis and Sons,us-west
DR-508180,Brandi Jones,"Johnson, Adams and Ingram",us-west
DR-902844,Jared Kidd,West-Green,us-west
DR-702501,Anne Vargas,Joseph-Velez,us-central
DR-610897,Kevin Zamora,Alexander-Cherry,us-west
DR-430763,Michelle Rogers,Peters Ltd,us-west
DR-852508,Mark Rodriguez,Johnson-Watson,us-west
DR-101819,Joshua Peck,"Miller, Vasquez and Nelson",us-west
DR-380654,Melanie Lee,Hardy-Butler,us-west
DR-446699,Ann Banks,"Johnson, Macdonald and Dougherty",us-central
DR-291722,Robert Hughes,Adams PLC,us-central
DR-343072,Joshua Crawford,Allen-Hawkins,us-west
DR-198248,Kenneth Fleming,Thompson-Farrell,us-central
DR-223026,Edward Hernandez,Koch and Sons,us-west
DR-718318,Natalie Washington,Porter-Mason,us-west
DR-925977,Samantha Davis,Lawrence-Ingram,us-central
DR-254281,Martin Martin,Haynes Group,us-central
DR-639494,Christopher Little,"Faulkner, Sparks and Green",us-west
DR-283966,Justin Freeman,Ortiz-Brown,us-west
DR-958147,Michael Walls,White Ltd,us-central
DR-469989,Frances Vasquez,Booker and Sons,us-central
DR-459003,Penny Ochoa,"Baker, Novak and Hahn",us-west
DR-446310,Daniel Reilly,Cline-Lawrence,us-west
DR-402120,Jordan Woodard,"Graves, Phillips and York",us-west
DR-620143,John Lee,"Conner, Young and Herrera",us-central
DR-615492,Kevin Skinner,"Russell, Gonzales and Lee",us-west
DR-365523,Carrie Norris,"Moran, Cunningham and Bell",us-central
DR-283352,Jason Murphy,"Ramirez, Garcia and Haley",us-west
DR-396438,Brandon Woodard,Cooke Inc,us-west
DR-228334,Andrea Davis,Allen-Benitez,us-central
DR-233616,Sandra Anderson,"Perez, Mcneil and Buck",us-west
DR-180722,Garrett Johnson,Jenkins LLC,us-west
DR-545989,James Taylor,Macdonald PLC,us-west
DR-713309,Debra Jenkins,Ramirez and Sons,us-west
DR-670773,Brian Jackson,Barnes Ltd,us-west
DR-349640,Jennifer Goodwin,Hernandez Ltd,us-west
DR-830678,Nathan Caldwell MD,"Roberts, Dunn and Griffin",us-west
DR-498761,Luke Guzman,Henderson-Wagner,us-central
DR-209267,William Mcgrath,Poole Ltd,us-west
DR-866406,Rebecca Barnett,Parks Group,us-central
DR-497721,Thomas Cruz,Adams Group,us-central
DR-203440,Taylor Bryant,Boone-Campbell,us-central
DR-651985,Renee King,Burgess Group,us-central
DR-463556,Stephanie Ramos,Duncan LLC,us-west
DR-406294,William Welch,Espinoza Ltd,us-west
DR-140396,Kyle Carroll,"Garrett, Fitzgerald and Singh",us-central
DR-903736,Jessica Henderson,Bell LLC,us-west
DR-772081,Mitchell Moore,"Mitchell, Chase and Vasquez",us-west
DR-582626,Tammy Lloyd,"Davis, Holmes and Carr",us-west
DR-854662,Diane Lewis,Vargas-Pierce,us-west
DR-851667,Thomas Garner,Camacho-Castillo,us-central
DR-666170,Thomas Perry,"Doyle, Sawyer and Green",us-central
DR-691974,Tony Ross,Allen-Clarke,us-west
DR-494166,Brandon Jordan,Hunter-Mcbride,us-central
DR-256099,Lee Williams,Short Group,us-west
DR-718351,Andrew Gallegos,"Joseph, Ross and Stout",us-west
DR-561446,Matthew Dixon,Peters LLC,us-west
DR-168961,Wendy Mitchell,Rodriguez LLC,us-central
DR-105561,Steven Christian,Davis Group,us-west
DR-492719,Sherry Garcia,Rogers LLC,us-central
DR-496377,Steven Vasquez,Galvan PLC,us-west
DR-836456,Erin Glover,Garcia-Montgomery,us-west
DR-993958,Steven Lopez,Garcia PLC,us-west
DR-631109,Cameron Cortez,"Rivera, White and Rosario",us-west
DR-957987,James Williams,"Warner, Snyder and Anderson",us-west
DR-225007,Alexis Hughes,Fry-Little,us-central
DR-940308,Rhonda Roberts,"Spencer, Harrison and Johnson",us-west
DR-153771,Martin Hamilton,Valenzuela-Herman,us-west
DR-801837,Robert Reyes,Franklin LLC,us-central
DR-589291,Lisa Heath,"Obrien, Mccall and Coleman",us-west
DR-398809,Tamara Browning,Buckley-Wells,us-west
DR-488634,Darlene Valenzuela,Gill-Keller,us-west
DR-712953,Julie Jimenez,"Jennings, Walker and Flores",us-west
DR-108566,Richard Mcdonald,Craig-Perry,us-west
DR-965980,Dana Carney,"Barr, Davis and Espinoza",us-west
DR-640630,Kenneth Rasmussen,"Harvey, Howard and Ward",us-west
DR-177502,Donald Bender,"Obrien, Clark and Weber",us-central
DR-852733,Robert Garcia,"Ortega, Bennett and Mcfarland",us-central
DR-573859,Karen Roberson,Le and Sons,us-central
DR-246452,Christopher Rojas,Gibson-Stevenson,us-west
DR-369516,Joshua Cooke,"Walker, Mcdonald and Robinson",us-central
DR-772511,Christian Taylor,Morse-Thornton,us-central
DR-128637,Laurie Hood,"Jones, Wilson and Perez",us-central
DR-434473,Holly Kennedy,Ramirez LLC,us-west
DR-154360,Kim Curtis,"Spencer, Webb and Hernandez",us-west
DR-644313,Teresa Ibarra,Johnson Group,us-west
DR-323052,Jonathan Green,Stephenson and Sons,us-west
DR-816555,Alex Rodriguez,Collins-Cook,us-central
DR-425179,Terri Chase,Johnson-Turner,us-central
DR-584204,Brandi Perez,"Brown, Sloan and Small",us-west
DR-535887,Michael Terry,"Wright, Carter and Vazquez",us-central
DR-399515,Lynn Mckinney,Hunt and Sons,us-west
DR-396641,Alison Smith,Dean Ltd,us-west
DR-276383,Mark Stanley,Goodman-Wade,us-central
DR-598699,Joshua Webb,"Lewis, Larson and Petty",us-central
DR-601301,Deborah Boyd,Kelley-Carroll,us-central
DR-764511,Christopher Lewis,Dunn and Sons,us-west
DR-933568,Tasha Ramirez,Dawson-Burnett,us-west
DR-266791,Stephanie Moore,Simmons-Snyder,us-west
DR-952198,Isaiah Simmons,Bates Ltd,us-central
DR-808511,Marie Kelley,"Johnson, Poole and Hernandez",us-central
DR-434793,Yesenia Mccarthy,Simmons and Sons,us-central
DR-665127,Daniel Bullock,Mcintyre-Diaz,us-central
DR-140830,Nicholas Tyler,Lopez-Alexander,us-west
DR-450183,Stephanie Rhodes,Flynn-Andrews,us-central
DR-340230,Shelby Steele,"Schroeder, Bradley and Tate",us-central
DR-697800,Matthew Franklin,"Whitehead, Carpenter and Schmidt",us-central
DR-705696,Kari Rodriguez,Butler-Jimenez,us-west
DR-761124,Rebecca Dunn,"Bell, Barber and Frazier",us-central
DR-145413,Dr. Darrell Martinez,Harrison Group,us-west
DR-717830,Brad Wheeler,Spencer and Sons,us-west
DR-659957,Sherri Turner,Davis Inc,us-central
DR-486220,Charles Brown,Grant LLC,us-central
DR-942174,Derek Ray,Holmes-Sullivan,us-west
DR-762783,Taylor Mclaughlin,Russell-Cummings,us-west
DR-738283,Monica Rogers,Wood-Mcdowell,us-west
DR-402006,Jennifer Hall,Wilson Ltd,us-west
DR-217560,Jacob Snyder,"Tucker, Patterson and Castillo",us-west
DR-780751,Anita Hayes,Pham LLC,us-central
DR-748173,Benjamin Garza,Smith-Velasquez,us-west
DR-960212,Joy Burgess,Smith Inc,us-west
DR-975476,Jennifer Soto,Hall-Parker,us-west
DR-876055,Mary Fisher,Smith-Ortega,us-west
DR-867047,Mr. Devin Palmer MD,"Villanueva, Smith and Holmes",us-west
DR-583102,Tracy Soto,Jackson PLC,us-central
DR-953020,Christopher Valenzuela,Allen PLC,us-central
DR-365549,Janet Winters,Chavez-Thompson,us-west
DR-490861,Charles Rivera,Chavez Inc,us-central
DR-636390,Savannah Johnson,Lee and Sons,us-west
DR-280182,Mary Mclean,Snow-Oliver,us-west
DR-642964,Christine Bartlett,"Burton, Bowen and Morse",us-west
DR-431304,Jordan Young,"Rodriguez, Wise and White",us-west
DR-734076,Ashley Yu,Reid-Ayers,us-central
DR-703607,James Rodriguez,"Jackson, Keller and Snyder",us-west
DR-465053,Charles Kim,Hoover Group,us-central
DR-547208,Sara Herrera,Chapman LLC,us-west
DR-331158,Kendra Burns,Brown-Kelly,us-west
DR-267981,Kayla Roman,Ochoa PLC,us-central
DR-319616,Linda Ryan,"Thomas, Allen and Evans",us-central
DR-504183,Amy Solomon,Cooper LLC,us-central
DR-639576,Justin Strickland,Taylor Inc,us-west
DR-700769,Randy Nichols,"Walker, Barker and Sanders",us-west
DR-752305,Andres Phillips,Stewart-Rogers,us-central
DR-663589,Sean Hill,Campbell LLC,us-central
DR-362152,Luis Suarez,Ponce-Clark,us-central
DR-698757,Alfred Armstrong,Vasquez-Lane,us-west
DR-694949,Brooke Flores,Finley-Shaw,us-west
DR-706732,David Cowan,"Butler, Allen and Smith",us-central
DR-236988,John Franklin,"Bennett, Li and Banks",us-central
DR-880963,Alan Coleman,Lopez-Calderon,us-west
DR-250096,Andrew Wright,Rodriguez Group,us-west
DR-128382,Thomas Davis,Clark-Jackson,us-central
DR-750996,Linda Cameron,"Walker, Young and Rojas",us-west
DR-202697,Jordan Collins,Evans-Williams,us-west
DR-329808,Dorothy Turner,"Oconnor, Evans and Lopez",us-west
DR-689293,Lisa Rios,Gamble-Little,us-west
DR-279465,Crystal Lynch,"Sims, Bates and Hernandez",us-central
DR-830590,Angela Robertson,Walker Ltd,us-central
DR-655899,Diana Clay,Wilson LLC,us-west
DR-149961,Jerry Reynolds,Melendez-Bender,us-west
DR-371635,Bridget Valenzuela,Frederick and Sons,us-west
DR-843312,Paul Miller,Gomez-Cooper,us-west
DR-435798,John Bennett,Black Inc,us-central
DR-591350,George Hughes,Hunt and Sons,us-west
DR-170379,Ashley Gonzalez,Howard-Nelson,us-west
DR-799469,Caitlin Weiss,Bell-Campbell,us-west
DR-931736,Stephanie Gardner,Brewer-Stewart,us-west
DR-833528,Susan Fernandez,Craig Inc,us-central
DR-223057,Steven Roman,Butler-Sweeney,us-west
DR-184487,Benjamin Ortiz,"Woods, Owens and Lopez",us-west
DR-711642,Nicholas Green,Bennett LLC,us-west
DR-418550,Zachary Shaffer,Stevens Group,us-central
DR-622614,Belinda Clark,Sullivan-Edwards,us-west
DR-939404,Joseph Johnson,Vaughn-Sanders,us-central
DR-317386,Adam Powers,"Haynes, King and Arroyo",us-central
DR-117318,Thomas Stein,Walker-Brown,us-west
DR-756721,Michelle Ross,Arias-Griffin,us-central
DR-571023,David Andrews,Guzman-Lee,us-central
DR-752506,Richard Holmes,Lewis-Kline,us-central
DR-546052,Mrs. Brenda Branch,"Carroll, Jones and Grant",us-central
DR-278274,Keith Ross,"Clark, Smith and Smith",us-central
DR-808735,Douglas Mayo,Blake Inc,us-central
DR-410076,Richard Bradley,"Taylor, Jones and Johnson",us-west
DR-353214,Kyle Douglas,"Walsh, Rodgers and Adams",us-central
DR-200703,Juan Carter,"Bell, Barr and Brown",us-west
DR-558870,Dale Cannon,"Green, Mann and Gilbert",us-central
DR-940867,Tina Marsh,Rich-Mason,us-central
DR-781579,Gregory Beasley,Medina LLC,us-central
DR-398294,Heather Gutierrez,Woods Ltd,us-west
DR-263777,Kimberly Farmer,"Bennett, Taylor and Rodriguez",us-west
DR-879128,Scott Butler,"Irwin, Ellis and Robertson",us-west
DR-557821,Nicholas West,"Simpson, Williams and Hall",us-west
DR-399343,Lori Rogers,Roberts-Cook,us-west
DR-952870,Connor Munoz,Hodges-Price,us-central
DR-195210,Madison Stephens,Perry-Fletcher,us-west
DR-381110,Matthew Chase,"Robinson, Rocha and Savage",us-central
DR-382025,Sarah Miller,Smith Ltd,us-west
DR-970418,Eric Myers,"Lara, Smith and Wilson",us-west
DR-745055,Michael Bennett,Gonzalez-Stewart,us-west
DR-455884,Jodi Hunt,Beard Ltd,us-west
DR-945373,Christina Torres,Anderson and Sons,us-west
DR-735649,Kevin Valenzuela,Smith Ltd,us-central
DR-784216,Robert Bauer,Colon and Sons,us-west
DR-623860,Bradley Dickson,Watts Inc,us-west
DR-200058,Mark Butler,Strong Inc,us-west
DR-323112,Taylor Thomas,Harris Ltd,us-west
DR-372161,Scott Reed,"Martinez, Duncan and Bailey",us-west
DR-490764,Angela Wilson,Trevino-Powell,us-west
DR-362948,Renee Mathews,"Robertson, Weeks and Sanford",us-central
DR-369831,Dr. Joshua Johnson,Ferguson Inc,us-west
DR-168403,Lisa Lawrence,Price Group,us-west
DR-913607,Johnny Alexander,Galvan-Chang,us-central
DR-893921,Lisa Bishop,Ross-Garner,us-central
DR-384314,Peggy Adams,"Morton, Rhodes and Jones",us-west
DR-902740,Jessica Edwards,"Orozco, Foster and Smith",us-west
DR-195266,Emily Maxwell,Allen Group,us-west
DR-641547,Nicholas Walker,Martin Group,us-west
DR-619174,Steven Kennedy,Day-King,us-west
DR-307952,Chelsea Duran,Vaughn-Green,us-central
DR-231665,Kristopher Morrison,Jones Group,us-west
DR-251820,Riley Smith,Barnes-Hill,us-west
DR-546513,Kenneth Miller,"Adams, Rodriguez and Brown",us-west
DR-500155,Yesenia Newton,"Peters, Moran and Le",us-central
DR-659241,Kari Moss,Sanders Inc,us-central
DR-236857,Michelle Ellis,Moss and Sons,us-west
DR-743905,John Kirk,Ray-Petty,us-west
DR-729384,Kevin Wade,"Bolton, Kennedy and Jackson",us-central
DR-993151,Wanda Hill,Jefferson-Miller,us-west
DR-734302,Ryan Morris,"Nichols, Roman and Jacobson",us-central
DR-705026,Andrew Cline,"Farrell, Anderson and Drake",us-central
DR-370245,Albert Hernandez,"Miller, Mayer and Montes",us-west
DR-679266,Joseph Martinez,Goodman and Sons,us-central
DR-776342,Emily Valencia,Padilla Inc,us-central
DR-768928,Sarah Pugh,Grant Inc,us-west
DR-493760,Jeffrey Rodriguez,Jacobs Ltd,us-central
DR-286462,Kevin Peters,Key Ltd,us-west
DR-516560,Brian Snyder,Smith and Sons,us-central
DR-756169,Glenn Jensen,Randall-Heath,us-central
DR-405652,Arthur Mendoza,"Smith, Brown and Medina",us-west
DR-467528,Alexander Morris,Taylor Group,us-central
DR-673206,Jason Zuniga,Preston and Sons,us-west
DR-224682,James Henderson,"Roberts, Harrison and Moore",us-west
DR-589321,Edward Bell,Morse Ltd,us-central
DR-852352,Steve Montgomery,"Hall, Moore and Lara",us-west
DR-159253,Jared Campos,Potter-Sanders,us-west
DR-339076,Sandra Sandoval,Duncan-Proctor,us-central
DR-570337,Vanessa Hoover,"Anderson, Robinson and Henry",us-west
DR-921521,Spencer Sosa,"Phillips, Oneill and Ramirez",us-central
DR-344507,Steven Rodriguez,"White, Strickland and Martin",us-central
DR-661597,Denise Williams,"Murphy, Chavez and Crawford",us-central
DR-443472,Ashley Campbell,Smith Ltd,us-west
DR-296012,Mark Russell,Russo Inc,us-west
DR-812491,Holly Alexander,"Wilson, Lloyd and Brown",us-central
DR-606217,Johnny Parker,"Sellers, Schroeder and Harris",us-west
DR-733129,Beth Terrell,Young Inc,us-west
DR-724604,William Pittman,"Huber, Bruce and Thompson",us-west
DR-114135,David Duarte,Owen LLC,us-central
DR-563080,Daniel Castillo,Little Inc,us-central
DR-862879,Gary Smith,Hunt Group,us-west
DR-177991,Jason Green,Atkins LLC,us-central
DR-279478,John Miller,Valencia-Hernandez,us-west
DR-431807,Noah Norris,"Smith, Bridges and Gentry",us-west
DR-341515,George Wyatt,"Christensen, Davis and Oconnell",us-central
DR-147619,Katrina Reeves,Hernandez PLC,us-central
DR-752407,Joshua Lawrence,"Flores, Gutierrez and Ritter",us-west
DR-922953,Robert Moran,Bryant-Foster,us-central
DR-351909,Rhonda Garcia,Sullivan Ltd,us-central
DR-443998,Victor Frye,"Hall, Huynh and Soto",us-west
DR-470832,Lisa Robinson,"James, Aguilar and Howell",us-central
DR-542475,Thomas Taylor,"Merritt, Martin and Lawrence",us-central
DR-482094,Jacqueline Harvey,Foster Ltd,us-central
DR-253382,Blake Keller,King Inc,us-west
DR-429454,Lindsay Harris,Poole Inc,us-west
DR-582157,Laura Jackson,James LLC,us-west
DR-484697,Theresa Garcia,Suarez-Patterson,us-west
DR-708044,John Hunter,Mcgrath LLC,us-west
DR-915007,Nancy Patel,Smith-Estrada,us-central
DR-759266,Brett Jacobs,Garcia LLC,us-west
DR-220835,Stephanie Hall,"Thornton, Palmer and Parker",us-central
DR-375822,Luis Grimes,"Frey, Cook and Smith",us-central
DR-246893,Deborah Moore,Reynolds-Williams,us-central
DR-853905,Roberta Michael,White and Sons,us-central
DR-448648,Joseph Smith,Anderson-Hutchinson,us-west
DR-124721,Melanie Price,"Forbes, Hale and Hall",us-central
DR-194707,Laura Mccann,Webb Inc,us-central
DR-736056,Sarah Austin,Soto-Hunt,us-west
DR-120626,Christopher Greer,Murphy Ltd,us-west
DR-467378,Wanda Monroe,Tyler-Thompson,us-west
DR-355975,Erik Schmidt,"Cook, Walker and Stein",us-west
DR-589210,Andrew Mcbride,Zamora-Reyes,us-west
DR-750636,Robert Anderson,Johnson-King,us-central
DR-428172,Linda Cunningham,"Jackson, Andrews and Diaz",us-west
DR-582470,Terry Frazier,"Garcia, Walter and Wright",us-west
DR-960802,Emily Lee,"Hernandez, Fox and Schneider",us-west
DR-950625,Mark Smith,Dickerson PLC,us-central
DR-481508,Jose Johnson,"Turner, Reyes and Melton",us-central
DR-389137,Brandon Carter,"Brown, Williams and Taylor",us-central
DR-804877,James Dunn,"Mitchell, Hansen and Haynes",us-west
DR-562582,Kimberly Garcia,Perry-Russell,us-west
DR-254065,Stacy Arnold,Garza-Hicks,us-central
DR-860379,Edward White,"Smith, Farmer and Sharp",us-west
DR-371075,Mackenzie Adkins,"Price, Lowe and Johnson",us-west
DR-939354,Christopher Vasquez,Huang-Davis,us-central
DR-846478,Christina Parker,Williams-Glover,us-central
DR-720704,Stephen Williams,Juarez-Doyle,us-central
DR-326954,Nicole Savage,"Patel, Kim and Williams",us-west
DR-469784,Alan Smith,Kerr LLC,us-central
DR-350861,Brandon Williams,Murphy-Ferguson,us-west
DR-468506,Joseph Mcclain,Phillips Group,us-central
DR-697898,Debra Moreno,"Adkins, Ball and Lindsey",us-west
DR-434757,Kristin Baldwin,Clark Ltd,us-west
DR-264595,Tracy Farrell,"Mills, Meyer and Nelson",us-west
DR-793240,Jesus Mccann,Meyer-Olson,us-central
DR-980380,Penny Clark,"Hopkins, Booker and Freeman",us-west
DR-765362,Mckenzie Adams,Lewis Group,us-central
DR-694701,Trevor Little,Gray-Parker,us-central
DR-110363,Todd Morgan,Tyler-Kim,us-west
DR-585697,Craig Romero,"Vargas, Rodriguez and Chase",us-west
DR-439145,Zachary Mata,"Blair, Mcfarland and Miller",us-west
DR-947833,Victoria Stephens,"Miller, Morris and Boyer",us-central
DR-995235,Mr. Frank Olson,"Zhang, Marshall and Berry",us-west
DR-579265,Jennifer Perry,Potter Group,us-central
DR-563636,Maria Nelson,Rodgers-Avila,us-west
DR-110079,Alexandra Roberts,"Owens, Thompson and Mack",us-west
DR-314485,Jill Chan,Zimmerman-Herring,us-central
DR-977844,John Novak,"Thomas, Walter and Haynes",us-central
DR-564140,Scott Pope,"Lawson, Lee and Parks",us-west
DR-223624,Tyrone Davis,Clark-Curry,us-west
DR-924255,Daniel George,"Nelson, Cruz and Mcdonald",us-west
DR-784557,Vickie Sawyer,Welch-Jones,us-west
DR-421338,Nathaniel Kim,Thompson Inc,us-west
DR-244578,Holly Welch,Carter PLC,us-west
DR-562035,Caleb Ford,Ray and Sons,us-west
DR-828412,Nancy Fisher,Weaver-Davidson,us-west
DR-981463,Billy Mejia,Hamilton-Fleming,us-central
DR-130652,Jesus Johnson,Johnston-Bennett,us-central
DR-857008,Keith Jackson,"Armstrong, Rowe and Rodriguez",us-west
DR-965312,Caitlin Martinez,Clark-Washington,us-west
DR-641982,Cindy Stevens,Wall and Sons,us-west
DR-706403,Christina Benson,"Walsh, Taylor and Sharp",us-central
DR-459686,William Watkins,Miller Group,us-central
DR-133942,Brian Snyder,Mccarthy Inc,us-central
DR-889983,Brandy Hawkins,"Welch, Collier and Campbell",us-central
DR-758111,Daniel Wilson,Harris-Rodriguez,us-central
DR-351925,Marie Garcia,Dennis-Patterson,us-central
DR-646186,Kevin Gonzales,Brady-Taylor,us-central
DR-388767,Wendy Roberts,Combs-Reyes,us-central
DR-390311,Julie Ali,"Larson, Robles and Mccoy",us-west
DR-556005,Mariah Gallagher,Jennings-Wood,us-central
DR-399961,Craig Baker,Vaughn and Sons,us-west
DR-482164,Christopher Floyd,"Morris, Howard and Lee",us-central
DR-445824,Kimberly Johnson,Johnson-Bowman,us-central
DR-587506,Stephanie Cook,Ramirez Group,us-central
DR-483383,Sean Johnson,Bell-Peterson,us-west
DR-247779,Brandon Hernandez,Vaughan-Castaneda,us-west
DR-785610,John Lewis,Brown Inc,us-west
DR-841499,Laura Barnes DDS,Rodriguez-Kirby,us-west
DR-533678,Mark Baker,Waters LLC,us-central
DR-797846,Thomas Phillips,Odonnell Ltd,us-central
DR-553793,Tony Butler,Garza-Mitchell,us-central
DR-967291,Jorge Williams,Garrett PLC,us-west
DR-556714,Teresa Ortiz MD,Armstrong LLC,us-west
DR-831881,Megan Vasquez,Murphy Ltd,us-west
DR-506703,Amy Graham,"Walker, Weiss and Lester",us-west
DR-825016,Jonathan Schwartz,Allen-Cox,us-central
DR-376504,Jay Wallace,"Clark, Waller and Hill",us-west
DR-453752,Eric Estrada,Ramirez Inc,us-west
DR-156605,David Parker,"Sanders, Bentley and Skinner",us-west
DR-506949,Bradley Hunter,"Keith, Perry and Perez",us-west
DR-790307,Danielle Carey,Fields-Guzman,us-west
DR-442777,Daniel Bass,Luna Ltd,us-west
DR-528961,Michelle Jones,"Davis, Peters and Lopez",us-west
DR-189328,Dr. Madeline Ryan,Estrada-Butler,us-west
DR-919384,Christine Martinez,Douglas Ltd,us-west
DR-636429,Brianna Adams,Brown-Elliott,us-central
DR-112205,Jesse Fisher,Walker PLC,us-central
DR-395006,Kevin Taylor,Diaz-Rose,us-west
DR-788215,Meghan Allen,"Dorsey, Williams and Mcbride",us-west
DR-524747,James Harmon,Adkins-Hodge,us-west
DR-563418,George Torres,"Barrera, Cervantes and Harris",us-central
DR-147841,Rachel Conrad,Baker-Klein,us-central
DR-881808,Kelli Bautista,Li-Johnson,us-central
DR-308498,John York,Garcia PLC,us-west
DR-754248,Megan Moore,Hawkins-Campbell,us-west
DR-644935,Angela Johnson,Simmons-Taylor,us-central
DR-212793,Krista Boone,"Conley, Griffin and Gutierrez",us-central
DR-146021,April Keith,"Simpson, Kelly and Colon",us-west
DR-680596,Kimberly Campbell,"Wilson, Smith and Walker",us-west
DR-661741,Carlos Reed,"Thomas, Shaw and Gordon",us-west
DR-938197,Andrew Morgan,Armstrong-Alvarez,us-central
DR-280940,Don Adams,"Morris, Howell and Johnson",us-central
DR-525351,Samantha Villa,Perez Ltd,us-central
DR-556440,Bradley Bryant,Garcia-Avila,us-central
DR-980597,Howard Golden,Allison LLC,us-west
DR-897885,Gary Gray,"Reed, Reeves and Andersen",us-central
DR-106683,Misty Nelson,Bryant Inc,us-central
DR-669886,Chase Wilson,Walker-Pacheco,us-west
DR-302850,Stephen Ortega,Reeves-Boyer,us-west
DR-856500,Claudia Hale,Walker Ltd,us-west
DR-426015,Joseph Smith,Adams-Harris,us-central
DR-428410,Jennifer Montgomery,"Harris, Andrews and Kelley",us-central
DR-817324,Lisa Torres,Adkins-Cooper,us-west
DR-613684,Susan Ortiz,Nicholson PLC,us-west
DR-897298,Scott Miller,Kemp-Holloway,us-west
DR-920775,Michael Carlson,Silva-Johnson,us-west
DR-558824,Carlos Webster,Garrison Group,us-west
DR-817124,Carly Smith,Myers-Griffith,us-central
DR-991390,Noah Cook PhD,"Underwood, Pearson and Wagner",us-west
DR-324346,Richard Jensen,Gonzalez-Hayes,us-west
DR-826273,James Sanchez,Lewis Group,us-west
DR-241545,Kathy Gomez,Johnson-Terrell,us-west
DR-833916,Charles Martinez,Tucker-Daniels,us-west
DR-904685,Amanda Monroe,Jones-Grant,us-central
DR-357507,Andrea Butler,Dalton PLC,us-west
DR-748997,Jamie Ford,Bartlett PLC,us-central
DR-985931,Kenneth Bishop,"Rivas, Boone and Gonzalez",us-central
DR-264126,Tracy Wilson,Molina Inc,us-west
DR-142999,Ariel Williams,Norris LLC,us-central
DR-179487,Mario Scott,Carter PLC,us-west
DR-924125,Daniel Collier,Schmidt Inc,us-west
DR-101552,Brandon Miller,"Baker, Hopkins and Burnett",us-central
DR-539589,Colleen Bradley,"Williams, Cannon and Hall",us-central
DR-951780,Peggy Valencia,"Ortiz, Gonzalez and Lowe",us-west
DR-435219,Tina Munoz,Munoz Group,us-west
DR-955065,Luis Mcneil,"Gardner, Reynolds and Johnson",us-central
DR-215757,Daniel Johnson,West Group,us-west
DR-206659,Darryl Patton,"Bright, Payne and Maxwell",us-west
DR-287864,Mary Norris,Holder-Brooks,us-west
DR-564887,Joseph Washington,Kelley PLC,us-west
DR-938322,Mr. David Kim,Meyer LLC,us-central
DR-591298,Valerie Hoffman,Burch Ltd,us-central
DR-182354,Elizabeth Bradford,Nelson and Sons,us-central
DR-354205,Ariana Chaney,Cox-Richardson,us-west
DR-248412,Michael Jones,"Parker, Smith and Wilson",us-west
DR-978292,Daniel Brewer,Drake PLC,us-west
DR-577155,Anthony Mejia,Ortega Inc,us-west
DR-538864,Amber Roberts,"Elliott, Lewis and Taylor",us-central
DR-281919,Kevin Davis,Cruz-Thompson,us-west
DR-893256,Angela Stark,Martinez-Allen,us-west
DR-388691,Erica Davenport,Clay Group,us-west
DR-816026,Maria Wright,"Cunningham, Nelson and Weber",us-central
DR-415811,Mark Wilson,Marquez-Powell,us-west
DR-585575,Nicholas Underwood,Griffin-Blankenship,us-central
DR-632349,Katherine Jones,Bruce-Sullivan,us-west
DR-891116,Rachel Morton,Martin-Brooks,us-west
DR-981322,Jacob Kennedy,Gutierrez LLC,us-west
DR-711003,Andrew Hernandez,"Nelson, Lee and Williams",us-central
DR-701596,Robert Norris,Morgan-Lee,us-west
DR-975584,Deanna Graham,Mcdonald-Frank,us-west
DR-826619,Melissa Rose,Bell-Salinas,us-west
DR-247533,Raymond Brandt,Meyer-Thornton,us-west
DR-623088,Alexa English,"Espinoza, Leonard and Cameron",us-west
DR-511287,Melanie Short,"Brooks, Ramirez and Shelton",us-central
DR-502757,William Howe,Luna-Wood,us-central
DR-583063,Kellie Friedman,Wilson and Sons,us-central
DR-139723,Christine Green,Smith PLC,us-west
DR-397516,Mr. Christopher Moore MD,"Obrien, Jones and Odonnell",us-west
DR-982677,Mark Monroe,Powell Group,us-central
DR-147601,Ryan Sanchez,"Moses, Brown and Lawrence",us-central
DR-862504,Brandon Preston,"Cooper, Garcia and Martinez",us-central
DR-876157,Mark Marsh,Gonzalez LLC,us-west
DR-248778,Ralph Moore,Franklin LLC,us-west
DR-475079,Jesse Schultz,"Wagner, Hartman and Baxter",us-central
DR-336022,James Maldonado,"Benton, Mcdonald and White",us-central
DR-594972,Robert Holmes,Powers-White,us-central
DR-743845,Russell Blevins,Gill-Rhodes,us-central
DR-809043,James Espinoza,"King, Shepherd and Jacobs",us-west
DR-941475,Lauren Deleon,Woodward-Bailey,us-central
DR-981248,Wendy Simon,"Daniel, Walters and Adams",us-west
DR-382495,Susan Zimmerman,Jones-Montgomery,us-west
DR-617792,Melanie Holland,Smith Ltd,us-central
DR-633832,David Gonzalez,Rowe-Robinson,us-central
DR-308907,Craig Gonzales,"Adams, Powers and Miller",us-central
DR-142906,Julia Fernandez,"Velasquez, Hoffman and Love",us-central
DR-195649,Nathan Black,"Cortez, Page and Holland",us-central
DR-430617,Jessica Haynes,Morris Group,us-central
DR-305454,Emily Oliver,"Barker, White and Rubio",us-central
DR-405265,Margaret Jones,"Pennington, Payne and Sandoval",us-central
DR-763355,Michele Escobar,Peterson-Hunter,us-central
DR-939626,Kristin Miranda,Brown-Anderson,us-central
DR-667182,David Graham,"Thomas, Zimmerman and Schultz",us-central
DR-402343,Scott Mckee,Cain LLC,us-west
DR-780868,Patrick Berg,Hughes Inc,us-west
DR-412125,Sarah Baker,"Pearson, Floyd and Duncan",us-central
DR-805165,Julie Mendoza,"Arellano, Clark and Miller",us-west
DR-361071,Joshua Jones,Adams Ltd,us-west
DR-211869,David Espinoza,Rubio-Wilson,us-west
DR-255261,Michelle Rogers,"Smith, Bryant and Ramsey",us-central
DR-488511,Ann Martin,"Sanchez, Simpson and Simmons",us-central
DR-674515,Lori Riddle,Nash Group,us-west
DR-354470,Scott Allen,"Burton, Armstrong and Bright",us-central
DR-744763,Rachel Russell,Doyle Inc,us-central
DR-476056,Casey Lee,"Warren, Powers and Daniel",us-west
DR-716842,Richard Mcguire,Woods LLC,us-west
DR-179836,Mary Bryan,Williams Ltd,us-central
DR-158100,Debbie Griffin,"Ross, Martin and Cummings",us-west
DR-391646,Alan Marsh,"Washington, Williams and Garcia",us-west
DR-696677,Michael Huff,Valdez PLC,us-west
DR-208159,Melanie Foster,Roth PLC,us-west
DR-590558,Katherine Kelley,Ryan and Sons,us-central
DR-489641,Destiny Rivers,"Guerra, Mcguire and Bryant",us-central
DR-322490,Aimee Lewis,Hall Inc,us-west
DR-698802,Heather Ramirez,Garner LLC,us-central
DR-474677,Robert Carson,"Schmitt, Butler and Blair",us-west
DR-492068,Alexandria Kennedy,Ward-Booker,us-west
DR-249721,Victor Harrison,"Taylor, Fuller and Rodriguez",us-west
DR-466177,Jenna Eaton,Lowe Inc,us-west
DR-710515,Joseph Hanson,Webster-Mosley,us-central
DR-290331,Sara Flores,Parsons and Sons,us-central
DR-446726,Natalie Crawford,Jackson-Thomas,us-central
DR-136047,Jorge Bailey,"Shaffer, Kelly and Estrada",us-central
DR-700174,Joseph Turner,Jordan Ltd,us-west
DR-118027,Jane Price,Edwards Inc,us-west
DR-393613,William Jennings,Anderson PLC,us-central
DR-673869,Paige Dawson,"Nguyen, Jennings and Oliver",us-central
DR-475038,Melissa Jefferson MD,"Bailey, Hill and Reyes",us-west
DR-664020,Timothy Anderson,"Johnson, Vega and White",us-central
DR-869913,Jo Wilson,Waters Group,us-central
DR-681620,Cory West,"Ball, Watts and Garner",us-west
DR-540799,Kelly Reyes,"James, Leach and Roberts",us-west
DR-357232,Mario Davis,"Vega, Jackson and Gill",us-west
DR-321191,Tonya King,Baxter-Freeman,us-west
DR-884556,Stephen Mcbride,Anderson Ltd,us-central
DR-480929,Kyle Ruiz,"Hardin, Burch and Smith",us-central
DR-188449,Thomas Morales,Foster Inc,us-central
DR-930204,Karen Lee,Franklin-Diaz,us-central
DR-458754,Christine Decker,Manning Group,us-west
DR-449061,Jason Hamilton,Christensen Ltd,us-west
DR-838616,Robert Turner,Mendez-Powell,us-west
DR-525147,Matthew Cooper,Howard PLC,us-west
DR-262560,Danielle Murray,"Vega, Jones and Giles",us-west
DR-876958,Rita Wolfe,Dillon Ltd,us-west
DR-523653,James Washington,Roberts Inc,us-west
DR-430083,Jacqueline Torres,Gutierrez Inc,us-central
DR-517449,Dawn Avila,"Diaz, Hartman and Mitchell",us-west
DR-566622,Jesse Parker,Brown-Flores,us-west
DR-608687,Katherine Daniels,"Butler, Brewer and Curtis",us-west
DR-330716,Laura Payne,"Harris, Mitchell and Watts",us-west
DR-718430,Angela Cooper,Kelley-Herrera,us-west
DR-896056,Kathy Holder,Gillespie-Patrick,us-central
DR-259777,David Torres,"Williams, Smith and Aguirre",us-west
DR-268427,Kevin Gonzalez,Gould PLC,us-central
DR-343842,Matthew Richardson,"Obrien, Curry and White",us-central
DR-436104,Catherine Phillips,Smith Group,us-west
DR-910573,Patricia Mitchell,Nelson-Roy,us-central
DR-396678,Mr. Kenneth Gonzales,Price LLC,us-central
DR-735033,Alejandra Lewis DDS,Cervantes-Johnson,us-central
DR-387146,Kimberly Green,Rodriguez Inc,us-west
DR-922713,Pamela Smith,Griffin Inc,us-central
DR-559582,Jessica Strong,Hill-Jacobson,us-central
DR-675027,Thomas Freeman,Vincent-Merritt,us-west
DR-310769,Michael Yates,Lynch-Adkins,us-central
DR-287296,Amanda Velez,Gilbert PLC,us-west
DR-462287,Sarah Rios,Burton Group,us-central
DR-312069,Cory Morales,"Calderon, Bailey and Mcintyre",us-central
DR-749332,Jose Krueger,Turner LLC,us-central
DR-106509,James Berry,Thompson Group,us-central
DR-741911,Linda Watson,"Gray, Jones and Kelly",us-west
DR-300337,Lindsey Holloway,"Thompson, Koch and Peters",us-west
DR-849971,John Davis,Payne Group,us-central
DR-160049,Robert Williams,Smith-Anderson,us-central
DR-637895,Jennifer Rogers,Porter Ltd,us-central
DR-200301,Emily Walker,Crawford-Jarvis,us-central
DR-611992,Jacob Harper,Diaz and Sons,us-central
DR-931853,Jill Perry,Richardson LLC,us-central
DR-760306,Brian Wilson,Harris Group,us-west
DR-361939,Raymond Callahan,Sullivan-Diaz,us-west
DR-341809,Richard King,Williams-Johnson,us-central
DR-597254,Howard Henry,Wade and Sons,us-west
DR-363409,Jose Jones,Alvarado-Ford,us-central
DR-650368,Mrs. Amy Campbell,Ayala PLC,us-west
DR-783975,Teresa Moore,Clark-Johnson,us-west
DR-149869,Ricardo Brown,Campbell-Curtis,us-central
DR-327528,Nicholas Meyer,Watkins-Holloway,us-west
DR-727849,Ebony Edwards,Briggs Inc,us-central
DR-314411,Donald Johnson,Lee-Montoya,us-central
DR-359187,Anna Mayo,Reed LLC,us-west
DR-553291,Taylor Peterson,Webb PLC,us-central
DR-170902,Ashlee Evans,Clark-Schneider,us-west
DR-550253,Rachel George,Andrews Inc,us-central
DR-104595,Michael Lang,Coleman-Banks,us-central
DR-291303,Dr. Alexander Thornton,"Ruiz, Powell and Gray",us-west
DR-939427,Anthony Bush,Oconnell PLC,us-west
DR-521715,Brittany Williams,Anderson-Clark,us-central
DR-977560,David Robinson,Holt-Delacruz,us-central
DR-610397,Jason Myers,"Mathews, Cole and Rocha",us-west
DR-114973,Katherine Porter,"Mclaughlin, Cline and Gates",us-central
DR-978683,Danielle Scott,Reed-Jones,us-west
DR-103241,Stephanie Mason,Espinoza and Sons,us-west
DR-623731,Allen Duncan,Christensen-Young,us-west
DR-936037,Derek Benton,Thompson-Berger,us-central
DR-114592,Daniel Hill,Moran Inc,us-west
DR-949101,Antonio Barr,Russell-Perry,us-central
DR-990208,Jessica Nguyen,Wu Group,us-west
DR-809060,Michael Savage,"Carpenter, Moore and Vega",us-west
DR-108772,Lisa Kelly,Santiago-Carter,us-central
DR-141100,Jessica Acosta,Peterson LLC,us-west
DR-646576,Gregory Schmidt,Griffin-Gentry,us-central
DR-953527,Noah Williams,Lopez-Ingram,us-west
DR-204529,Richard Smith,"Welch, Adams and Horne",us-west
DR-258510,Tina Shah,"Martinez, Becker and Contreras",us-west
DR-193047,Kevin Mckinney,Dunlap-Cole,us-west
DR-125011,Benjamin Smith,Jones-Anderson,us-central
DR-500754,Jessica Conner,"Keller, Gonzales and Clark",us-west
DR-717162,Christopher Sloan,Miller LLC,us-central
DR-830616,Tara Scott,Duncan Ltd,us-central
DR-988597,Krystal Shannon,Howe-Bailey,us-central
DR-942207,Roger Woods,Bell PLC,us-west
DR-984027,Rodney Sharp,"Church, Hernandez and Campos",us-central
DR-184127,Cynthia Tucker,Boyer-Taylor,us-west
DR-337833,Emily Farrell,Davis LLC,us-central
DR-650242,Joel Russell,Griffith and Sons,us-central
DR-347259,Russell Freeman,"Andrews, Baker and Fleming",us-west
DR-571305,Ruth Ferguson,Hensley and Sons,us-central
DR-293275,Tammy Smith,Young LLC,us-west
DR-536806,Keith Jarvis,"Rios, Richardson and Robinson",us-west
DR-365170,Karen Allison,Sanchez-Watkins,us-central
DR-955971,Natalie Morrison,Singleton-Humphrey,us-west
DR-938371,Brian Michael,Yang-Hawkins,us-central
DR-457837,Michelle Christian,"Sherman, Daniels and Mata",us-west
DR-423836,Samuel Gray,Nunez and Sons,us-west
DR-843671,Vanessa Hernandez,Stewart-Cisneros,us-west
DR-336293,James Montgomery,Kramer PLC,us-central
DR-662481,Stephanie Price,"Day, Torres and Nelson",us-west
DR-383487,Katherine Rivera,"Terry, Sims and Lozano",us-west
DR-674881,Meghan Miller,May and Sons,us-west
DR-796407,Stanley Mora,"Obrien, Smith and Rodriguez",us-central
DR-640753,Jessica Hernandez,Rodriguez-Keller,us-central
DR-400746,James Palmer,Tyler-Johnson,us-west
DR-959085,Anthony Hernandez,Moore-Bowman,us-central
DR-522047,Ariel Andrade,"Burke, Ortiz and Murray",us-west
DR-521922,Chad Howard,Hines Inc,us-west
DR-775929,Joshua Smith,Colon-Norton,us-central
DR-993067,Lisa Moreno,Lewis-Terrell,us-west
DR-236547,Daisy Palmer,Harris PLC,us-west
DR-351889,Justin Martinez,"Johnson, Rodriguez and Macdonald",us-central
DR-892778,Christina Lynch,Rollins-Lee,us-central
DR-467452,Stephen Moore DDS,Burke Group,us-central
DR-568400,Richard Morgan,Blackwell-Stewart,us-central
DR-768775,Christopher Vasquez,Cross-Shaw,us-central
DR-507537,Carol Huber,Reed-Beck,us-central
DR-689969,Justin Terry,Higgins-French,us-west
DR-684212,Jose Green,"Goodman, Smith and Aguilar",us-central
DR-964303,Joshua Mcdaniel,"Le, Thomas and Mcguire",us-central
DR-502500,Randall Holland,Burke Ltd,us-central
DR-974464,Katherine Best,"Powell, Gonzalez and Ortiz",us-west
DR-456909,Christopher Thompson,Pineda Ltd,us-west
DR-597448,Joanna Thomas,Rodriguez-Smith,us-west
DR-405180,Michelle Edwards,Burke Ltd,us-central
DR-161690,Steve Singleton,Vaughn-Wright,us-central
DR-603519,Erin Alvarez,Newman-Stevenson,us-central
DR-969253,Kimberly Walsh,Murphy-Ramirez,us-central
DR-854991,Kirk Vance,"Garcia, Miller and Hampton",us-west
DR-202620,Cynthia Edwards,Morris-Bolton,us-central
DR-882609,Nicole Hudson,Hernandez Inc,us-central
DR-123998,Jonathan Burton,Simpson and Sons,us-west
DR-698840,Patrick Richardson,Simpson-Miller,us-central
DR-118073,Tiffany Hardy,Walters-Watson,us-west
DR-716505,Travis Phillips,Fernandez-Evans,us-central
DR-716267,Kelsey Robinson,Lopez PLC,us-central
DR-384723,Sarah James,"Barber, Mcintosh and Ferguson",us-west
DR-332268,Rebecca Dixon,Tate PLC,us-west
DR-459833,Danielle Grant,"Johnson, Barker and Smith",us-central
DR-488998,Angela Duran,Mora and Sons,us-central
DR-955314,Ashley Murphy,Gonzalez-Goodwin,us-west
DR-160735,David Jenkins,"Kim, Powell and Spears",us-central
DR-120351,Paul Wise,Miller and Sons,us-central
DR-347323,Lawrence Ryan,Padilla-Robinson,us-central
DR-526008,Joshua Simmons,Lynn and Sons,us-west
DR-374237,Christine Scott,"Clark, Sullivan and Schwartz",us-central
DR-714213,Daniel Roberts,Camacho-Oneal,us-west
DR-892123,Robert Wood,Miller Inc,us-west
DR-974990,Ian Parker,Harris-Bowen,us-central
DR-607496,Christine Sellers,"Lawrence, Duffy and White",us-west
DR-752084,Antonio Smith,Ford-Carey,us-west
DR-117733,Stephen Newton,"Walton, Phillips and Combs",us-central
DR-497320,Robert Fleming,"Garcia, Carter and Richards",us-central
DR-842998,Jennifer Bradley,"Moore, Price and Norton",us-central
DR-269895,Lisa Hughes,Bowers-Martin,us-central
DR-985213,Sandra Allen,Larson LLC,us-west
DR-121883,Susan Raymond,Robinson-Mckinney,us-central
DR-179809,Manuel Wood,Morrow-Huber,us-central
DR-275816,Julia Ritter,Elliott Group,us-central
DR-932398,Juan Heath,Hernandez Inc,us-west
DR-375965,James Patel,Cameron-Houston,us-central
DR-664687,Kimberly Carter,Berg PLC,us-west
DR-463019,Tyler Shaw,"Marshall, Rodriguez and Smith",us-west
DR-672874,Kelly Craig,"Peters, Love and Barnett",us-central
DR-991738,Samantha Romero,Walker PLC,us-west
DR-451711,Aaron Tucker,Gonzalez Group,us-west
DR-799036,Antonio Christian,"Perez, Beard and Peters",us-central
DR-710292,Bridget Harris,Patterson and Sons,us-central
DR-789086,Cynthia Oliver,Hart-Moore,us-central
DR-556468,Jennifer Wong,Rogers-Robinson,us-central
DR-527919,David Stevens,Davis LLC,us-west
DR-884811,Brooke Johnson,Barajas PLC,us-central
DR-461043,William Cantrell,Lara Inc,us-central
DR-483859,Alan Romero,Melton-Williams,us-west
DR-301697,Kelsey Thompson,"Parker, Steele and Lyons",us-west
DR-872271,Timothy Roberts,Black-Wright,us-central
DR-104485,Monica Duran,King-Norman,us-central
DR-799268,Arthur Burke,Clarke Group,us-west
DR-836367,Roy Andrews,Coleman Ltd,us-west
DR-680419,Jordan Scott,Leach PLC,us-west
DR-651726,Lisa Martinez,Kelley-Thornton,us-west
DR-727797,Jessica Russell,Tate-Mcmahon,us-west
DR-752034,Sean Schultz,Chavez LLC,us-central
DR-961475,Caitlin Johnson,Turner LLC,us-west
DR-283784,Melissa Turner,Jones-Figueroa,us-west
DR-994179,Patricia Lee,Castaneda Group,us-central
DR-485199,Suzanne Foster,Becker-Taylor,us-central
DR-202246,Ann Medina,Murray Group,us-west
DR-221292,Tyler Cook,Watkins-Gill,us-west
DR-563259,Jill Stevens,Shaw-Hopkins,us-west
DR-477076,David Patterson,"Rodriguez, Smith and Grimes",us-west
DR-768956,Nathan Dalton,Spencer-Brown,us-central
DR-656433,Ashley Williams,"Faulkner, Gonzalez and Quinn",us-west
DR-427784,Henry Richards,Jackson PLC,us-central
DR-996053,Hannah Macias,Yu-Smith,us-west
DR-892691,Crystal Fisher,"Tucker, Cook and Flynn",us-central
DR-849380,Edward Jones,"Choi, Gates and Garrett",us-west
DR-728149,Jacob Smith,Snyder Group,us-central
DR-586792,Jeffrey Thompson,Lindsey-Valencia,us-central
DR-363173,Beth Gomez,"Johnson, Vaughn and Bryant",us-west
DR-542610,Robin Rangel,"Rowe, Williams and Watkins",us-west
DR-177548,Stephanie Garcia,Brown Inc,us-west
DR-615116,Michael Christensen,Johnson-Cline,us-central
DR-659080,Dustin Brown,"Matthews, Thomas and Hunter",us-west
DR-829687,Todd Boyd,Stewart Inc,us-west
DR-300209,Scott Colon,"Villegas, Martinez and Alexander",us-central
DR-432153,Stephen Chavez,"Moody, Jones and Fleming",us-central
DR-469409,Gary Lara,"Wilson, James and Marshall",us-west
DR-286392,Nicole Garcia,"Davies, Hall and Andrade",us-central
DR-409782,Ronald Greene,"Jones, Stevens and Adams",us-central
DR-852964,Katherine Good,"Parker, Conner and Barnes",us-west
DR-534105,Kenneth Dunn,Vincent Ltd,us-central
DR-288279,Jessica Wilkerson,"Webster, Richardson and Vazquez",us-west
DR-639976,Tracy Wise DDS,Olson-Daniels,us-central
DR-295194,Elizabeth Bryant,Moran-Cobb,us-central
DR-326156,Patrick Alvarez,Foster-Larson,us-west
DR-793035,Eric Terrell,Fernandez Ltd,us-central
DR-133393,Tina Hubbard,Sims and Sons,us-west
DR-737466,Brandi Abbott,Durham LLC,us-central
DR-540634,Marissa Rivera,Burns PLC,us-west
DR-596678,Darrell Brown,Brown Group,us-west
DR-817930,Michael Meyers,Johnson-Smith,us-central
DR-633400,Jose Francis,Kaufman-West,us-west
DR-450759,Daniel Horn,Payne Ltd,us-central
DR-248445,Kelsey Rodriguez,"Reynolds, Wilson and Martinez",us-west
DR-239548,Rebecca Ware,Hines and Sons,us-central
DR-972360,Melinda Scott,Mitchell and Sons,us-central
DR-104839,Charlene Duffy,Jackson-Miller,us-west
DR-418988,Toni Garrett,Ali Group,us-west
DR-902116,Kyle Bishop,"Luna, Johnson and Palmer",us-west
DR-723902,Ashley Campos,Padilla-Welch,us-west
DR-836280,Miss Kelly King PhD,Hernandez Group,us-west
DR-619930,Eric Anderson PhD,Morgan-Smith,us-west
DR-364018,Jeremiah Fields,"Carr, Russell and Padilla",us-central
DR-961323,James Hernandez,Robinson-Hernandez,us-central
DR-386179,John Owens,Rivera-Harrell,us-central
DR-677587,Jordan Duncan,Alexander Inc,us-west
DR-741798,Joseph Lewis,"Dunlap, Woods and Martinez",us-west
DR-941494,John Brown,"Allen, Hart and Weaver",us-central
DR-751101,Jennifer Gray,Barr Ltd,us-central
DR-559336,Kathryn Pratt,"Guzman, Miles and Sellers",us-central
DR-146194,Kevin Anderson,Gibson LLC,us-central
DR-662193,Tara Allen,"Cook, Garcia and Moore",us-west
DR-177158,Laura Weaver,"Butler, Best and Townsend",us-central
DR-412597,Tammy Robinson MD,Roy-Castaneda,us-west
DR-642498,Brian Callahan,Eaton-Fitzgerald,us-central
DR-848691,Jessica Faulkner,Best-Vega,us-central
DR-704927,Samantha Cunningham,Garza-Mcbride,us-west
DR-631952,Michael Dixon,Sherman-Parker,us-central
DR-888641,Megan Williams,Owens-Weber,us-central
DR-746187,Karen Williams,"Smith, Hawkins and Kim",us-west
DR-506638,Mark Lindsey MD,Torres-Cook,us-central
DR-533307,Michael Watson,Johnson PLC,us-west
DR-622114,Brittany Coleman,Vega-Kelly,us-central
DR-645713,Bradley Lewis,Jackson Ltd,us-central
DR-772722,Victoria Barton,"Wright, Cain and Gibson",us-west
DR-575401,Jorge Anderson,"Arnold, Hughes and Mcbride",us-central
DR-914638,Dr. Ernest Santiago,Flowers-Brooks,us-west
DR-877076,Angela Harris,Cook-Nguyen,us-central
DR-715263,Kurt Brown,Rice-Peterson,us-central
DR-117814,Lori Serrano,Martin-Fitzpatrick,us-central
DR-485769,Donna Nelson,Jacobson-Franklin,us-west
DR-221022,Elizabeth Stewart,Robinson LLC,us-west
DR-651438,Sara Burgess,Williams-Garza,us-west
DR-850705,Ashley Nelson,"Shields, Torres and Moore",us-west
DR-434453,Rick Andersen,Esparza LLC,us-central
DR-243410,Jennifer Sanchez,Hood-Mcpherson,us-central
DR-430777,Angela Aguilar,Young Group,us-central
DR-860177,Lisa Perkins,Davis-Dennis,us-central
DR-367949,Todd Francis,Ward-Taylor,us-west
DR-937386,Emily Huerta,"Stafford, Dawson and Weber",us-west
DR-879824,David Porter,Snyder PLC,us-west
DR-405824,Paul Frazier,"Nash, Murphy and Dawson",us-west
DR-979952,Dr. Sherri Black,Hernandez and Sons,us-central
DR-523982,Heather Molina,Jackson LLC,us-central
DR-912690,Fernando Huerta,"Anderson, Brown and Spencer",us-west
DR-355051,Justin Villanueva MD,Flynn-Pierce,us-west
DR-590267,Christina Gutierrez,Thomas Inc,us-west
DR-297311,David Sosa,"Miller, Hudson and Evans",us-west
DR-283766,Louis Hill,"Brown, Duncan and Hubbard",us-west
DR-650352,Samuel Cole,"Johnson, Sandoval and Griffin",us-west
DR-882465,Amy Greene,Browning Ltd,us-central
DR-675931,Michael Garcia,Wang PLC,us-central
DR-914780,Marcus Sims,Smith and Sons,us-west
DR-866580,Kristen Jones,Newton-Gallegos,us-central
DR-939981,Andrea Miller,"Thomas, Hines and Campos",us-central
DR-504932,Jennifer Coleman,Love LLC,us-west
DR-274470,Courtney Wilson,"Oliver, Carroll and Tucker",us-west
DR-959402,Philip Dougherty,"Smith, Cannon and Griffin",us-central
DR-474297,Melinda Johnson,"Smith, Barnett and Ayala",us-west
DR-710024,Chad Flores,"Harrison, Mckee and Brown",us-central
DR-516774,Walter Gomez,Jimenez-Perry,us-west
DR-878527,Donald Brady,Castaneda and Sons,us-central
DR-786892,Meghan Knight,Miller and Sons,us-central
DR-760102,Nicole Higgins,Hunt-Brown,us-west
DR-764975,Mary Jackson,Holt-Gutierrez,us-west
DR-312391,Jennifer Herrera,Barrett Ltd,us-central
DR-377995,Janice Thomas,King-Alexander,us-central
DR-966348,Brittany Buchanan,Hawkins-Roman,us-west
DR-778429,Tabitha Allen,King-Miller,us-central
DR-301916,Katie Summers,Phillips-Jones,us-central
DR-242057,Matthew Perez,Walsh-Perez,us-west
DR-117855,Angela Hoffman,Rivera Inc,us-central
DR-951919,Michael Wright,"Lloyd, Nelson and Allen",us-west
DR-844972,Kristin Gonzalez,Reed-Hines,us-central
DR-210725,Brianna Thornton,"Harris, Marshall and Flores",us-west
DR-560823,Benjamin Bridges,"Martinez, Macdonald and Taylor",us-central
DR-223852,Shawn Norris,Chavez-Martin,us-west
DR-147426,Adrian Pace,Woodward-Hawkins,us-west
DR-154543,Martin Cook,"Wall, Jackson and Lee",us-central
DR-115838,David Freeman,"Hudson, Morris and Fry",us-central
DR-197286,Brandon Haley,"Luna, Strickland and Stevens",us-central
DR-634809,Elizabeth Stewart,"Jones, Gordon and Clark",us-west
DR-734104,Jennifer Vega,Marks-Perkins,us-west
DR-702386,Robert Johnston MD,Ortega-Olson,us-west
DR-860836,Kathryn Cooley,"Anderson, Carlson and Perry",us-west
DR-965352,Gregory Sweeney,Michael-Jones,us-central
DR-216500,Michael Johnson,"Martinez, Wall and Nichols",us-central
DR-741418,Stephanie Curry,"Proctor, Armstrong and Nicholson",us-west
DR-328651,Raymond Calderon,Griffin-Novak,us-west
DR-489943,Kristina Hernandez,Braun-Casey,us-central
DR-385888,David Green,Wright-Krueger,us-west
DR-576431,James Simon,"Bentley, Mathis and Flowers",us-west
DR-581493,Douglas Kelly,Weaver-Brown,us-central
DR-718937,Grant George,Robinson-Fuller,us-central
DR-538495,Donald Williams,Paul Ltd,us-west
DR-816210,Joseph Reilly,Nguyen-Long,us-west
DR-697808,James Cox,Moyer Inc,us-west
DR-870295,Amber Evans,Newton Ltd,us-central
DR-328315,Kimberly Thompson,Curry Group,us-west
DR-682438,Margaret Mills,Moore-Christensen,us-central
DR-343632,Benjamin Wiggins,"Gomez, Waters and Aguirre",us-central
DR-829342,Robert Owen,Miller PLC,us-central
DR-378555,Tara Cooper,Garcia PLC,us-west
DR-364465,Aaron Wheeler,"Ramirez, Crawford and Freeman",us-west
DR-114117,Glenda Burnett,Miller PLC,us-west
DR-711509,Justin Bond,"Stewart, Terrell and Spence",us-west
DR-737228,Brittany Hobbs,Dean Inc,us-west
DR-717171,Nicholas Alvarado,Lee Inc,us-west
DR-845544,Cesar Fischer,Jones PLC,us-central
DR-446185,Eric Willis,Clarke-Horne,us-central
DR-702756,Matthew Bean,Rivera-Flowers,us-west
DR-499625,Michael Velazquez,White-Campbell,us-central
DR-410656,Bryan Chen,"Gibson, Cox and Collier",us-central
DR-878446,Anthony Ward,White LLC,us-west
DR-849556,Jeanette May,"Nash, Perez and Ballard",us-central
DR-818691,Tiffany Taylor,Lewis PLC,us-west
DR-143082,Tamara Salazar,"Fisher, Russell and Moore",us-central
DR-571289,Paul Alvarado,Evans Inc,us-central
DR-490193,Katelyn Cruz,Mathews Inc,us-west
DR-740110,Carolyn Mahoney,"Santos, Thompson and Salinas",us-west
DR-999036,Jesse Hamilton,Decker Group,us-central
DR-799771,Chad Watson,Johnson LLC,us-west
DR-885857,Laura Green,"Morrison, Tucker and Love",us-west
DR-422084,Ricky Martinez,Dalton-Martinez,us-central
DR-752767,Michael Hansen,Snyder-Estrada,us-west
DR-887351,Jeffrey Ward,Douglas Group,us-central
DR-463900,Michael Banks,Walters Inc,us-central
DR-319232,Angela Clark,"Benjamin, Harris and Dixon",us-west
DR-504561,Barbara Jimenez,Blankenship-Walton,us-central
DR-415045,Daniel Dillon,Berg-Collins,us-central
DR-445103,Edward James,"Mccarty, Owens and Smith",us-west
DR-537985,Ethan Aguirre,Wilson-Arias,us-west
DR-310989,James Pollard,Campbell LLC,us-central
DR-416767,Nicole Guerrero,"Stone, Sanchez and Mccoy",us-west
DR-245523,Michaela Davis,Ward and Sons,us-central
DR-819974,Megan Lyons,"Humphrey, Miller and Norman",us-central
DR-620249,James Molina DVM,Dodson-Smith,us-central
DR-847901,Sean James,Walton and Sons,us-west
DR-238566,Nicholas Miles,Evans-Carter,us-west
DR-951488,Emily Briggs,"Mueller, King and Hernandez",us-central
DR-424322,Carl Franklin,Harris-Peterson,us-central
DR-167643,Kimberly Cortez,Brooks LLC,us-central
DR-815389,Jennifer Rios,"Hess, Palmer and Wright",us-central
DR-944475,Amanda Terry,"Shelton, Thompson and Morgan",us-west
DR-986247,Joseph Hensley,"Roberts, Ortega and Jones",us-central
DR-503039,Nancy Huber,Lee-Potts,us-central
DR-150406,Antonio Benson,Walton Group,us-west
DR-488127,Christopher Rose,"Hill, Green and Aguilar",us-central
DR-296857,Connor Young,"Brown, Miller and Rodriguez",us-central
DR-584164,Laura Turner,Woods-Olson,us-central
DR-575847,Anthony Schmitt,"Rodriguez, Moyer and Franklin",us-central
DR-444399,Nicholas Washington,"Zavala, Hays and Jackson",us-central
DR-458613,Scott Edwards,Thompson-Taylor,us-west
DR-152957,Caitlin Gutierrez,Martin Inc,us-central
DR-930313,Paul Brown,Miller Inc,us-central
DR-689710,Cole Wagner MD,Miller-Cox,us-west
DR-490800,Sean Ochoa,Carroll and Sons,us-central
DR-148258,Tonya Carter,"Carlson, Eaton and Cummings",us-west
DR-358148,April Rose,Gonzales and Sons,us-west
DR-385403,Stephanie Wilkins,"Farrell, Hart and Wilson",us-west
DR-218361,Benjamin Marquez,Nichols LLC,us-central
DR-357111,Carrie Warren,Conway and Sons,us-central
DR-882177,David Swanson,Obrien Group,us-central
DR-901613,Todd Combs Jr.,"Stevens, Blake and Brown",us-central
DR-389356,Mrs. Sarah Foster,"Rodgers, Lozano and Fleming",us-central
DR-938970,Riley Martinez,"Sullivan, Diaz and Winters",us-central
DR-300050,Allison Vance,Williams-Rose,us-central
DR-411873,Sarah Day,Turner Group,us-west
DR-752393,Joseph Young,Davis-Brown,us-west
DR-293917,Jacob Smith,Martinez-Wilson,us-west
DR-179898,Michael Hensley,Smith-Lambert,us-west
DR-508510,Anna Munoz,Dillon Inc,us-west
DR-987818,April Navarro,George-Rogers,us-west
DR-451555,Jennifer West DDS,Maxwell-Ramos,us-central
DR-332564,Brittney Roman,"Rodriguez, White and Hale",us-central
DR-581519,Jeffrey Gonzalez,"Hughes, Robertson and Lowe",us-west
DR-709627,Cindy Daniels,Scott-Shaw,us-central
DR-266961,Todd Hanna,"Mcdonald, Howard and Davis",us-west
DR-822965,Teresa Hill,Williams-Lewis,us-west
DR-293852,Russell Fernandez,Bean-Fowler,us-central
DR-179776,Timothy Ballard,Parks PLC,us-west
DR-565380,Patricia Gomez,Olson PLC,us-central
DR-490528,Emily Taylor,Nolan-Huber,us-west
DR-457217,Jenna Berry,"Baker, Harris and Hopkins",us-west
DR-287377,Thomas Ellison,"Johnston, Phelps and Madden",us-west
DR-729816,Tyler Wilkerson,"Peters, Beard and Thomas",us-west
DR-987006,Lindsay Bennett,Blake Group,us-west
DR-836980,Lisa Baldwin,"Brooks, Henderson and Ward",us-central
DR-939859,Henry Moore,Howard Inc,us-west
DR-101306,Joshua Miller,"Green, Baker and Parker",us-central
DR-658153,Dennis Newman,Andrews and Sons,us-west
DR-540548,Collin Patrick MD,Hill PLC,us-west
DR-740634,Jerry Nelson,"Rowe, Wall and Durham",us-west
DR-240102,Kathleen Costa,"Everett, Adams and Wolfe",us-west
DR-465731,Teresa Walker MD,"Mitchell, Mitchell and Myers",us-west
DR-401705,Peter Crawford,"Singh, Weber and Clark",us-west
DR-558861,Linda Mccarthy,"Glass, Lawrence and Kelly",us-west
DR-151730,Eric Montgomery,Phillips and Sons,us-central
DR-129399,Mrs. Jessica Mcmahon,Harris-Branch,us-central
DR-283390,Erin Brown,"Ramirez, Daniel and Swanson",us-west
DR-746534,Jesus Miller,Bailey Group,us-central
DR-605905,Aaron Wilson,Benitez and Sons,us-west
DR-553751,Darryl Dunn,Dixon Group,us-west
DR-493439,Joshua Odonnell,Hall Ltd,us-central
DR-693696,Eileen Wells,Austin-Henderson,us-central
DR-155224,Jesse Montgomery,"Cox, Gibson and Rogers",us-central
DR-761465,Gene Chen,Mcneil-Li,us-west
DR-557108,James Watkins,"Mcfarland, Anderson and Keller",us-west
DR-297398,Matthew Jennings,Edwards Ltd,us-west
DR-637813,Natasha Shaw,Robertson-Salas,us-west
DR-894612,Arthur Washington,Wright and Sons,us-west
DR-795527,Henry Mejia,"Horn, Soto and Pugh",us-central
DR-563769,David Bernard,Adams LLC,us-west
DR-185072,Dylan Lopez,Friedman and Sons,us-west
DR-669532,Jeffrey Miller,Knight-Morales,us-west
DR-617615,Shelby Hawkins,Mccoy-Mcdonald,us-west
DR-818323,Elizabeth Morrison,Avila-Ochoa,us-west
DR-524010,Laura Reyes,"Tran, Hood and Rivera",us-central
DR-943923,Donna Cummings,Campbell PLC,us-west
DR-324295,Jade Richards,Nguyen-Reese,us-west
DR-371192,Glenn Dickson,King-Smith,us-west
DR-112156,Cassandra Bryant,Sellers Group,us-west
DR-263399,Sarah Arias,Cole Group,us-west
DR-613851,Darius Walters,Nelson Ltd,us-central
DR-105149,Beth Mcintosh,Smith-Miller,us-west
DR-805163,Angela Blackwell,Jenkins and Sons,us-central
DR-230033,Lauren Hall,Sutton-Lang,us-central
DR-601908,Andrew Vargas,Gomez-Romero,us-west
DR-489425,Tanya Hoover,Ellis-Velez,us-central
DR-391077,Samantha Foster,"Crawford, Hanna and Parrish",us-central
DR-708559,Michael Schmidt,"Gilbert, Davis and Gill",us-central
DR-851405,Rebecca Hunt,Watts and Sons,us-west
DR-265324,Nicole Martin,Wagner Ltd,us-central
DR-479691,Kristin Hooper,Allen-Taylor,us-west
DR-103464,Brian Williams,Lutz and Sons,us-central
DR-926261,Maria Tucker,"Ward, Ortega and Tyler",us-central
DR-825707,Lori Jackson,Wheeler and Sons,us-central
DR-986609,Jennifer Byrd,"Clark, Weaver and Gomez",us-central
DR-304709,Joshua Tucker,Ware-Hancock,us-west
DR-366282,Catherine Conway,"Austin, Robinson and Thomas",us-central
DR-792575,Matthew Flynn,Martin and Sons,us-central
DR-927712,Warren Ibarra,"Atkinson, Wagner and Russo",us-central
DR-937316,Jared Williams,Ramirez Inc,us-central
DR-846882,Patrick Weeks DDS,Mueller-Martin,us-central
DR-123247,Morgan Thompson,"Spence, Kirk and Davis",us-west
DR-394464,James Gross,Burton LLC,us-central
DR-513807,Rebecca Martinez,Potter-Ramirez,us-west
DR-963122,James Gill,Duarte-Chavez,us-west
DR-599685,Jessica Pittman,"Scott, Fox and Duffy",us-central
DR-730973,Richard Wilson,Osborne-King,us-west
DR-147059,Rebecca Rangel,"Orr, Hubbard and Owens",us-central
DR-489858,Joshua Padilla,"Hudson, Murphy and Dawson",us-central
DR-651591,Glen Williams,Lynch-Lucas,us-west
DR-308107,Mariah Patton,Massey Inc,us-central
DR-108734,Christine Kennedy,"Schaefer, Jimenez and Reeves",us-central
DR-505117,Heather Gillespie,Gibson Ltd,us-west
DR-119574,Justin Walker,"Ramirez, Horton and Willis",us-west
DR-965920,Elizabeth Garrison,Jones Group,us-west
DR-928891,Hayley Phillips,Cook-Williams,us-west
DR-654766,Timothy Carter,Townsend and Sons,us-west
DR-700051,Mr. John Novak,"Moore, Gonzalez and Martin",us-central
DR-684606,Joshua Hunt,Williams LLC,us-central
DR-212091,Johnny Foster,Davidson LLC,us-west
DR-360256,Mrs. Natalie White,"Matthews, Gallegos and Oliver",us-central
DR-584997,Elizabeth Chambers,Watson-Warren,us-central
DR-657800,Rachel Ponce,"Morrison, Glenn and Howell",us-central
DR-798146,Christopher Bell,"Adkins, Rodriguez and Rangel",us-west
DR-326479,Danielle Luna,Gonzales-Reynolds,us-west
DR-678110,David Brandt,Chan PLC,us-west
DR-719868,Chad Taylor,Barrett-Martinez,us-west
DR-921658,Gregory Stone,"Bullock, Manning and Thomas",us-west
DR-568424,Erik Ross,"Baird, Parker and Haney",us-central
DR-212370,Mary Miller,Sweeney-Nunez,us-central
DR-967565,Erin Hurst,Robinson-Schneider,us-central
DR-184607,Amanda Myers,"Smith, Ryan and Baldwin",us-west
DR-267917,Katie Stuart,Rodriguez Group,us-central
DR-219224,Rhonda White,Lopez PLC,us-central
DR-728829,Sara Brown,Shaw-Miller,us-central
DR-648692,Bradley Wilson,King-Rosario,us-central
DR-223123,Jim Webb,Campos-Patel,us-west
DR-770142,Pam Wright,Coffey-Brown,us-central
DR-946214,Erik Wells,Lewis Group,us-west
DR-205120,Todd Lewis,"Reed, Moore and Waters",us-central
DR-834622,Steve Kramer,Lane-Morrison,us-west
DR-564320,David Moore,Allison Inc,us-central
DR-198410,Jody James,Gonzalez Inc,us-west
DR-948354,Kimberly Miller,Gaines-Mccarty,us-west
DR-983115,John Davis,Higgins and Sons,us-west
DR-874034,Mrs. Beverly Perez,Long-Li,us-west
DR-370806,Cheryl Nelson,Ferguson Inc,us-west
DR-524902,Vicki Austin,Garcia LLC,us-west
DR-423771,Justin Schaefer,"Haynes, Wright and Watson",us-central
DR-668695,Dustin Ramirez,Jones-Elliott,us-central
DR-855813,Scott Baker,Powell Group,us-west
DR-933921,Laura Kaiser,Young-Carroll,us-west
DR-436241,Jesse Romero,Compton-Walter,us-west
DR-885450,Dillon Jenkins,Lopez Inc,us-central
DR-862043,Christopher Powell,Beard-Moreno,us-central
DR-192747,Patricia Quinn,Padilla-Edwards,us-west
DR-558398,Louis Davis,Martinez LLC,us-central
DR-191874,Edwin Rosario,"Simpson, Buck and Forbes",us-central
DR-659519,Yvonne Wilson,"Lindsey, Peterson and Hernandez",us-central
DR-789418,Philip Webb,Jones-Ray,us-west
DR-479981,Linda Marsh,Green-Villa,us-west
DR-674882,Jennifer Dean,Lopez and Sons,us-central
DR-851609,Cynthia Roman,Fleming-Barnes,us-central
DR-210889,Julie Dunlap,Clark PLC,us-central
DR-112981,Rebecca Allen,Simmons and Sons,us-west
DR-152861,Shawn Dennis,Burns-Taylor,us-central
DR-529966,Brenda Browning,"Mahoney, Bradford and Huerta",us-west
DR-295526,Robert Serrano,Hall Group,us-central
DR-499668,Gabriel Becker,Brown PLC,us-west
DR-544947,Jerry Calderon,"Rodriguez, Turner and Huerta",us-west
DR-272376,Daniel Collins,Perez PLC,us-central
DR-447775,Sarah Evans,"Tanner, Wood and Lopez",us-west
DR-878876,Cynthia Smith,Hensley-Wilson,us-west
DR-708864,Michelle Hurst,"Mccarthy, Pitts and Walker",us-west
DR-346296,Cynthia Price,Eaton Group,us-central
DR-681645,Ryan Lindsey,Wood-Olson,us-central
DR-357341,Brittany Patton,Matthews and Sons,us-west
DR-456570,Paula Gonzales,Hall LLC,us-central
DR-504707,Kimberly Thornton,"Levy, Tucker and Beck",us-west
DR-205613,Linda Camacho,White Inc,us-central
DR-128947,Joseph Miranda,Vargas Group,us-west
DR-506999,Mr. Tony Perez,Soto-Williams,us-west
DR-545401,Steven Anderson,Harris-Williams,us-central
DR-707622,Dr. Debra Odonnell MD,Avila-Hopkins,us-west
DR-928024,Jamie Barnes,Mendoza PLC,us-central
DR-345160,Victoria Davis,Smith-Casey,us-central
DR-738782,Michael Cooper,Foster LLC,us-central
DR-378075,Stephanie Kelly,Miller-Allen,us-central
DR-777467,Brian Brooks,"Ellison, Alexander and Johnson",us-central
DR-469776,Angela Johnson,"Hester, Turner and Diaz",us-central
DR-920909,Dr. Rachel Olson DVM,Ray PLC,us-central
DR-374956,Colleen Barnes,Adams-Barker,us-central
DR-124634,Travis Durham,Owen and Sons,us-west
DR-719067,Christopher Collins,Patterson-Morrison,us-central
DR-167702,Rachel Johnson,"Campbell, Richardson and Myers",us-west
DR-865398,Katrina Warren,Walker-Hale,us-west
DR-263680,David Hinton,Benson Ltd,us-west
DR-926501,Dustin Juarez,Ramirez PLC,us-central
DR-415502,Ronald Jensen,Smith-Lane,us-west
DR-511446,Brittany Krueger,"Smith, Baker and Black",us-central
DR-322681,Pam Bennett,Byrd LLC,us-central
DR-764762,Russell Escobar,"Lopez, Shaw and Ellis",us-west
DR-243306,Stephanie Parker,Norris-Hayes,us-west
DR-430551,Ronald Stewart,Brown-Phillips,us-central
DR-488228,James Fox DVM,Nelson-Owens,us-central
DR-864848,Christopher Johnson,Wilson-Wilkerson,us-central
DR-620998,Emma Matthews,Johnson-Cannon,us-west
DR-998727,Jeffrey Turner,Nguyen-Ellis,us-west
DR-496743,Alyssa Perez,"Thompson, Glenn and Fletcher",us-central
DR-723587,Victor Dawson,Murphy-Johnson,us-west
DR-640557,Ashlee Mcgrath,"Salinas, Weeks and Garner",us-central
DR-166100,Michael Smith,Montoya Inc,us-central
DR-174208,Doris Andersen,Ruiz Ltd,us-west
DR-341424,Keith Taylor,Jimenez PLC,us-central
DR-765978,Joseph White,Long Ltd,us-west
DR-753331,Cynthia Herring,Terrell-Garrison,us-west
DR-648107,Susan Mcbride,Wagner-Scott,us-central
DR-898279,Christopher Williams,Anderson Inc,us-west
DR-752397,Michelle Cervantes,"Lewis, Summers and Freeman",us-central
DR-567864,Olivia Maynard,Cooper-George,us-west
DR-229816,Savannah Sanchez,"Graham, Cole and Ingram",us-central
DR-428091,James Hanson,"Barrett, Morgan and Oliver",us-west
DR-783384,Kelly Ryan,Price LLC,us-west
DR-862541,Jaime Richardson,"Collins, Butler and Porter",us-central
DR-760664,Angela Travis,"Lee, Farrell and Lopez",us-central
DR-270625,Daniel Martin,"Vasquez, Hunter and Kelley",us-west
DR-220224,Anita Ramirez,"Knox, Raymond and Allen",us-central
DR-842997,Stephen Ross,"Taylor, Boyd and Morrow",us-west
DR-677923,Ashley Ramsey,"Garrett, Booth and Thompson",us-west
DR-723449,Karen Lopez,Gregory Group,us-west
DR-776069,James Wilson,Herrera and Sons,us-central
DR-736329,Jerry Gross,Knight Inc,us-central
DR-258440,Benjamin Murphy,Christensen-Jones,us-west
DR-469258,Logan Robinson,Hayes PLC,us-west
DR-382147,Laurie Murphy,"Carson, Anderson and Webb",us-west
DR-169338,Shannon Roberts,"Dougherty, Sanchez and Matthews",us-central
DR-542286,Jennifer Ayala,Mosley-Richards,us-central
DR-945039,Brandon Wong,Hoover Inc,us-west
DR-110017,Diane Harvey,Collins-Oneal,us-central
DR-134041,Dustin Shaffer,"Price, Chavez and Klein",us-central
DR-749481,James Hodges,Mosley-Nunez,us-west
DR-190025,Michael Dunlap,Burch Inc,us-central
DR-232629,Robin Parker,Barker PLC,us-central
DR-313863,Grant Fields,"Green, Humphrey and Martin",us-central
DR-724708,Stacy Woodard,Little-Pace,us-central
DR-135582,Laura Leach,Fox Inc,us-central
DR-280374,Christina Warren,Stephens-Brewer,us-central
DR-164926,Charles Garcia,"Marquez, Woods and Henry",us-central
DR-469815,Tyler Walker,Mcdonald-Wilson,us-west
DR-832956,Erik Mendoza,Garcia-Herrera,us-west
DR-451508,Christine Mclean,"Brown, Silva and Morales",us-central
DR-374936,Amber Mclaughlin,Benson Ltd,us-west
DR-919828,Garrett Taylor,Gardner-Murphy,us-west
DR-194123,Laura Lee,"Jarvis, Johnson and Saunders",us-west
DR-524462,John Carter,Cain PLC,us-west
DR-580056,Vanessa Nelson,"Thompson, Lee and Wright",us-central
DR-744571,Keith Green,Frost-Morales,us-west
DR-701798,Daniel Shaffer,"Phillips, Dodson and Porter",us-central
DR-554924,Robert Rivera,Martin Ltd,us-central
DR-649728,Rhonda Martinez,"Taylor, May and Krause",us-west
DR-836641,Kimberly Chase,Vaughn-Bennett,us-west
DR-940119,Lydia Morris,Salinas Group,us-west
DR-937676,Julie Walker,Martinez LLC,us-central
DR-471620,Diana Middleton,Murray-Ray,us-central
DR-920922,Kelsey Nicholson,Dillon Group,us-west
DR-657978,Lisa Dunn,Lambert-Reyes,us-west
DR-521225,Troy Farmer,"Jenkins, Clark and Osborn",us-west
DR-533818,Theresa Ward,Garcia Inc,us-central
DR-319899,Brianna Kelly,Jones Inc,us-west
DR-386998,Mary Pearson,Rios-Randolph,us-central
DR-339690,Joe Young,Valdez and Sons,us-central
DR-229884,Marco Harper,Kirk and Sons,us-central
DR-209677,Ian Foster,Foster Ltd,us-central
DR-909759,Susan Perkins,"Rodriguez, Morris and Gomez",us-central
DR-964592,Sarah Martin,Butler-Moore,us-west
DR-647411,Robert Combs,Lewis-Long,us-west
DR-890424,Kathleen Cain,Gross-Owens,us-central
DR-246522,Thomas Velazquez,Schmidt-Hunt,us-west
DR-350676,Erin Kelley,Stein and Sons,us-west
DR-761692,Robert Clark,Russo Group,us-west
DR-326428,Dale Gamble,Johnson-Caldwell,us-west
DR-340669,Ashley Franklin,Cole Inc,us-central
DR-232693,Brandi Glass,"Hernandez, Rose and Maxwell",us-central
DR-441532,Timothy Sanchez,Wells-Smith,us-central
DR-510430,Mary Miller,Hunter-Moore,us-west
DR-819805,Pamela Booker,Hurst-Ward,us-central
DR-505991,Bradley Jones,James Group,us-central
DR-841753,Colleen Lopez,"Lewis, Taylor and Ho",us-west
DR-910348,Amy Roberts,Padilla-Harmon,us-west
DR-514958,Mark Huff,Stevens-Villanueva,us-central
DR-467730,Kimberly Green,"Guzman, Adams and Wolf",us-west
DR-434255,Brandi Johnson,"Adams, Jackson and Rodriguez",us-west
DR-637653,David Green,Peterson-James,us-central
DR-189141,Michael Miller,Lindsey Inc,us-central
DR-899140,Tammy Evans,Vargas Group,us-central
DR-330129,James Escobar,Cain-Wade,us-west
DR-376142,Brandon Donaldson,"Zavala, Duke and Callahan",us-central
DR-679487,Catherine Hernandez,Weiss Inc,us-central
DR-800490,Aaron Mcdonald,"Powell, Flores and Blake",us-west
DR-995767,Lucas Gregory,"Bowman, Watson and Santiago",us-west
DR-505829,Jasmine Miller,"Watson, Elliott and Watson",us-central
DR-812638,Leah Griffin,"Fischer, Lewis and Lee",us-west
DR-704605,Mary Gonzales,Jennings Group,us-west
DR-179366,John Miller,Hansen Group,us-central
DR-661517,Daniel Haynes,"Parker, Bishop and Villarreal",us-west
DR-953091,Mary Davis,"Wright, Anderson and Gibbs",us-west
DR-583300,Christopher Rodriguez,Chambers-Butler,us-central
DR-823892,Daniel Garcia DVM,Mcfarland-Bird,us-west
DR-866325,Sierra Watson,"Barry, Browning and Branch",us-central
DR-356176,Mr. Alexander Robertson,Johnston-Fields,us-west
DR-593898,Barbara Delgado,Jones Inc,us-central
DR-559928,Timothy Rogers,Cantrell-Johnson,us-west
DR-112090,Arthur White,Davis-Tucker,us-central
DR-530287,Sandra Valdez,Reed-Davis,us-west
DR-810475,Suzanne White,Campbell-Avila,us-central
DR-700749,Karen Franco,"Davidson, Lewis and Brown",us-central
DR-742603,Claudia Vega,"Barajas, Burch and Novak",us-central
DR-231711,Daniel Morris,"Lee, Barber and Garcia",us-central
DR-456517,Evan Dixon,Mcintyre PLC,us-central
DR-212528,Yvonne Blair,"Cain, Dougherty and Austin",us-central
DR-954676,Yolanda Hall,"Aguilar, Hodge and Ellis",us-west
DR-797251,Alan Dougherty,Freeman-Shaw,us-west
DR-883724,Philip Hunter,Perez LLC,us-central
DR-281311,Shawn Gonzalez,Brown Ltd,us-central
DR-446462,Jasmine Owens,Thompson Group,us-west
DR-204644,Jessica Boyd,"Clayton, Johnson and Liu",us-central
DR-155054,Matthew Wilson,"Bowman, Williams and Jackson",us-west
DR-260114,Richard Ray,"Bowers, Conrad and Mcdonald",us-central
DR-196758,Patricia Sharp,"Garcia, Williams and Reed",us-central
DR-239962,April Nelson DVM,"Brooks, Curtis and Gardner",us-central
DR-221367,Richard Anderson,Collins-Strickland,us-west
DR-371950,Jill Parker,Bridges-Mullins,us-central
DR-446392,Laurie Kelly,Robinson and Sons,us-central
DR-230048,Geoffrey Waller,"Hunter, Ashley and Kerr",us-west
DR-427125,Robert Black,Stewart-Lawrence,us-west
DR-865936,Alyssa Rowe,"Mccall, Long and Henry",us-west
DR-397020,Taylor Saunders,"Hayes, George and Nash",us-west
DR-406488,James Barton,Moyer and Sons,us-west
DR-296520,Daniel Steele,"Navarro, Jones and Brown",us-central
DR-721828,Daniel Rice,Peters-Espinoza,us-central
DR-196837,Veronica Rodgers,Rice-Hunter,us-central
DR-474416,Mr. Kelly Wells,Figueroa-Ball,us-central
DR-138185,Michael Blevins,Fleming-Little,us-central
DR-791426,Robin Nichols,"Reynolds, Garcia and Chavez",us-west
DR-956459,Robert King,Taylor-Campbell,us-west
DR-233246,Patricia Warren,"Bishop, Jones and Adams",us-central
DR-711472,Ryan Matthews,"Chapman, Spencer and Wong",us-central
DR-285444,Zachary Green,Johnson Ltd,us-west
DR-561076,Pamela Martinez,Dunn LLC,us-west
DR-912470,Ryan Turner,"Wright, Jackson and Zavala",us-central
DR-951283,Sarah Crawford,Ingram PLC,us-central
DR-857717,Leah Cole,Sweeney and Sons,us-west
DR-581217,Xavier Stewart,"Johnson, Smith and Wilson",us-central
DR-100710,Benjamin Hancock,Munoz-Thompson,us-central
DR-585503,Raymond Hamilton,Cunningham-Anderson,us-west
DR-315473,David Johnson,Perez-Walter,us-central
DR-274680,John Lee,Pena-Estrada,us-west
DR-497499,Juan Castillo,Cooper-Evans,us-central
DR-657494,Terri Watson,Villanueva Ltd,us-west
DR-344930,Christy Potts,Anderson-Oneal,us-west
DR-332369,Theresa Clark,"Mitchell, Owens and Dawson",us-central
DR-870830,Joseph Davis,Holland-Smith,us-west
DR-665301,Richard Proctor DVM,Arnold LLC,us-west
DR-578218,Timothy Cunningham,Smith-Sandoval,us-west
DR-686322,Amanda Kirk,Smith LLC,us-west
DR-703910,Christine Griffith,"May, Rogers and Jones",us-central
DR-789397,Danielle Murray,"Johnson, Obrien and Blankenship",us-west
DR-914142,Cynthia Brady,Weiss-Summers,us-west
DR-706111,Douglas Smith,Watson-Jackson,us-west
DR-717163,Michelle White,Rhodes-Mcmahon,us-central
DR-688734,Sarah Thomas,Schmidt-Richards,us-west
DR-917251,Emily Thomas,"Case, Brown and Hoffman",us-central
DR-983612,Christopher Lowery,Reilly Ltd,us-central
DR-164724,Timothy Collier,Adkins Inc,us-central
DR-727353,Rachel Murillo,Reid PLC,us-west
DR-176463,Robert Rivera,Walters and Sons,us-central
DR-565962,Mary Hunt,"Torres, Nichols and Hammond",us-central
DR-518114,David Aguirre,"Barnes, Bowen and Mills",us-west
DR-636738,Nicholas Myers,Johnson and Sons,us-west
DR-901461,Kevin Spencer,Robinson-Stevenson,us-west
DR-468673,Sonya Washington,"Jenkins, Johnson and Andrews",us-central
DR-425421,Michael Anderson,"Hammond, Wallace and King",us-central
DR-270688,Samantha Sellers,"Matthews, Henry and Jackson",us-west
DR-567252,Annette Martin,"King, Thomas and Butler",us-central
DR-863692,Debbie Callahan,Walker-Wilson,us-central
DR-591629,William Romero,Thompson-Nguyen,us-central
DR-187948,Melanie Evans,"Dodson, King and Cantrell",us-west
DR-434811,Mary Thomas,Weiss-Hawkins,us-west
DR-986728,Stacey Hughes,"Warren, Smith and Wilson",us-west
DR-833108,Wanda Wu,"Lewis, Bishop and Long",us-central
DR-219603,Monica Davis,Chaney Ltd,us-west
DR-967934,Richard Cummings,Walker-Salazar,us-west
DR-539644,Patrick Kelly,Smith LLC,us-central
DR-301307,Andrea Branch,Fox-Munoz,us-central
DR-788361,Christina Smith,Solis-Gonzales,us-west
DR-500029,Tanya Benton,"Jones, Bailey and Herrera",us-central
DR-460642,Lisa Anderson,"Conrad, Webb and Martinez",us-central
DR-512093,Sarah Hill,Freeman-Johnson,us-west
DR-656125,Madison Adams,"Marks, Davis and Munoz",us-central
DR-271952,Catherine Peterson,Norman Ltd,us-central
DR-534348,David Hayes,"Cunningham, Martinez and Nelson",us-central
DR-950856,Karen Miller,"Ramirez, Holloway and Smith",us-central
DR-493144,Andrea Pena,Dominguez Inc,us-central
DR-139260,Kathleen Ramirez,Allen LLC,us-central
DR-407248,Brandy Drake,Porter Ltd,us-central
DR-667782,Shannon Chan,"Butler, Romero and Lee",us-west
DR-743997,Daniel Knapp,Johnson Group,us-west
DR-854985,Nathan Torres,"Hahn, Rodriguez and Goodwin",us-central
DR-533226,Kevin Kirk,"King, Martinez and Ingram",us-central
DR-285092,Rebecca Lewis,Andrews-Mcguire,us-central
DR-165039,Mark Potter,Kennedy-Bonilla,us-central
DR-999234,Michael Spencer,Graves Ltd,us-central
DR-696877,Todd Clark,Sloan Ltd,us-west
DR-890562,Micheal Watts,"Jones, Jenkins and Le",us-central
DR-556987,Jennifer Holmes,Aguilar Group,us-central
DR-979712,Levi Cooper,"Cruz, Parker and Thomas",us-central
DR-678776,Brian Brewer,Miles-Kelly,us-central
DR-145543,Nicholas Olsen,Washington-Smith,us-west
DR-323862,Rebecca Ortiz,White-Vasquez,us-west
DR-262446,Erin Anderson,"Cummings, Wright and Valdez",us-central
DR-202224,Dr. Andrew Petersen,Alexander Inc,us-west
DR-324760,Jennifer Miller,Green Inc,us-central
DR-561690,Angela Daniels,King and Sons,us-central
DR-153236,Matthew Fox,"Parker, Cruz and Travis",us-west
DR-406941,Carlos Jenkins,"Joyce, Miller and Hawkins",us-central
DR-124774,Taylor Rodriguez,Henry-Hill,us-west
DR-626809,Janet Nichols,"Cook, Martinez and Green",us-west
DR-698023,Jeffrey Mendoza,Espinoza-Wright,us-west
DR-923834,Kyle Webster,"Reyes, Lee and Jackson",us-west
DR-120756,Roger Chen,Garcia-Carter,us-west
DR-331152,Amanda Myers,Davis PLC,us-west
DR-432757,Christopher Rivas,"Mercado, Morris and Mckee",us-west
DR-310711,Jennifer Huerta,Erickson-Weiss,us-west
DR-469933,April Holland,Foster PLC,us-central
DR-905914,Nathan Bell,"King, Montoya and Butler",us-west
DR-908888,Dr. Harry Waters,Brown-Young,us-central
DR-471149,Jeff Dickson,Johnson PLC,us-central
DR-598890,William Small,"Frazier, Ferrell and Reynolds",us-central
DR-843806,Sandra Wade,Merritt-Hanson,us-west
DR-561458,Rachel Williams,Hopkins Inc,us-central
DR-442011,Steven Garcia,"Ryan, Ray and Henderson",us-west
DR-251183,Laura Nelson,Bright-Cox,us-central
DR-726181,Derek Payne,Chavez-Mckinney,us-west
DR-679139,Samantha Gutierrez,Cook-Olson,us-central
DR-359324,Alexander Welch,Walton-Fernandez,us-west
DR-185941,Jason Clark,"Gibbs, Anderson and Scott",us-central
DR-265205,Cindy Jennings,"Moore, Wilson and Shannon",us-west
DR-191218,Nicholas Li,Bailey LLC,us-west
DR-612498,Michael Hernandez,Castaneda PLC,us-west
DR-114585,Joseph Martin,Crawford Inc,us-central
DR-425720,Connie West MD,Sosa-Cohen,us-west
DR-403340,Dan Davis,Craig-Holt,us-central
DR-304893,Anthony Gardner,"Martin, Frost and Underwood",us-central
DR-614919,Jeremy Prince,"Jones, Smith and Garza",us-central
DR-909886,Edwin Berger,Wiley Group,us-central
DR-199343,David Lawrence,Barrett-Taylor,us-west
DR-689931,Jennifer Roman,Hill Ltd,us-west
DR-974707,Ashley Moore,Reyes-Lopez,us-west
DR-204883,Logan Smith,"Kramer, Mendoza and Baker",us-central
DR-672516,Stephen Russo,Barry LLC,us-central
DR-328538,Alexis Blackwell,Torres-Smith,us-central
DR-796202,Jennifer Rodriguez,Bartlett-Nelson,us-central
DR-136623,Shelby Rodriguez,"Fox, Lee and James",us-west
DR-486792,Patricia Schwartz,Ortega Ltd,us-west
DR-691415,Joy Dixon,"Harper, Bryant and Villanueva",us-west
DR-931688,Kelly Watson,Coleman-Goodman,us-central
DR-504690,Kenneth Flores,Brooks LLC,us-west
DR-450234,Wanda Hamilton,Knight-Schneider,us-central
DR-134667,Matthew Rogers,Zavala-Murray,us-central
DR-755962,Timothy Webb,Ochoa-Small,us-central
DR-500041,Danielle Knight,Miller-Collier,us-west
DR-703488,Allison Dickerson,"Schneider, Jenkins and Thompson",us-west
DR-924077,Lauren Washington,Bell-Cabrera,us-west
DR-231552,Jason Schwartz,Lewis Ltd,us-central
DR-847986,Kelli Miller,Cross-Williams,us-central
DR-603841,Craig Fox,Sharp-Miller,us-west
DR-343617,Jennifer Johnson,Sanchez-Howard,us-west
DR-568455,Donald Lane,Cochran LLC,us-central
DR-962122,Natalie Nelson,Pitts-Burns,us-west
DR-415555,Debra Morton,"Pitts, Holt and Anderson",us-central
DR-295619,Brianna Carlson,Hawkins Ltd,us-west
DR-794319,Denise Stevens,Norris-Hill,us-west
DR-659370,Kaitlin Nichols,"Taylor, Garner and Rasmussen",us-west
DR-293763,Stephanie Brown,"Anderson, King and Thompson",us-west
DR-547421,Courtney Mendoza,Fleming PLC,us-west
DR-585013,Miss Jacqueline Robinson,Hartman Ltd,us-west
DR-583121,Matthew Mcbride,Vazquez Group,us-west
DR-623201,Elijah Brown,"Long, Barry and Anderson",us-central
DR-684703,Austin Johnson,Lane-Bauer,us-west
DR-861627,Sylvia Ray,"Lopez, Pratt and Carroll",us-central
DR-333715,Lucas Santiago,Cordova PLC,us-central
DR-606478,Erik Mcclain,Chavez and Sons,us-central
DR-890041,April Scott,Gonzalez-Campbell,us-central
DR-246852,Angela Reilly,"Chang, Conway and Anderson",us-central
DR-180039,Daniel Mclaughlin,Barker-Lopez,us-central
DR-566166,Matthew Garcia,Holmes Inc,us-central
DR-930625,Michael May,Smith Ltd,us-central
DR-780804,Beth Hall,Mcclure-Moore,us-west
DR-459702,Travis Stark,Walker-Ramsey,us-west
DR-397913,Katie Martinez,Garcia and Sons,us-central
DR-390574,Shelby Terry,Morales-James,us-west
DR-712398,Ryan Roberts,York-Singh,us-central
DR-111587,Jose Garcia,Park-Russo,us-west
DR-785612,Mary Salas,Salas-Rogers,us-west
DR-469480,Bradley Barber,"Maxwell, Jones and Martinez",us-central
DR-373242,Miss Whitney Holland,Patrick PLC,us-west
DR-716592,Sarah Henderson,Morales-Werner,us-west
DR-429815,Brittany Barajas,"Williams, Arias and Williamson",us-central
DR-705486,Colleen Taylor,"Williams, Everett and Walker",us-central
DR-900396,Jacob Garza,Ho-Holt,us-west
DR-921832,Ashley Brandt,"Taylor, Paul and Wilson",us-central
DR-763761,Samantha Moses,Schultz and Sons,us-west
DR-828819,Sarah Hurst,Walker Group,us-central
DR-629949,Tom Scott,Hernandez-Lamb,us-central
DR-792596,Joshua Watson,"Hall, Mccormick and Harris",us-central
DR-663047,Brian Marshall,Hudson Group,us-west
DR-218446,Brittany Davis,"Brady, Roberts and Merritt",us-west
DR-167655,Daniel Carter,Patterson Group,us-west
DR-543381,Jay Pratt,Marshall-Estes,us-central
DR-108843,Joshua Palmer,Wood Group,us-west
DR-658386,Bradley Gardner,Bennett-Williams,us-central
DR-582327,Justin Johnson,"Fuller, Lee and Patel",us-west
DR-335885,Kelsey Castillo,"Rosales, Hinton and Lopez",us-central
DR-503452,Janice Ferrell,King Ltd,us-west
DR-958026,Katherine Burgess,Lester Ltd,us-west
DR-772336,Veronica Riley,"White, Payne and Miller",us-west
DR-777837,Victoria Johnson,Bishop PLC,us-central
DR-873772,David Johnson,"Pena, Stark and Robinson",us-west
DR-408351,Philip Davis,Pope Inc,us-central
DR-764772,David Jimenez,"Hardy, Moore and Jones",us-central
DR-857878,Mr. Brandon Foster,Chase-Jones,us-central
DR-590401,Elizabeth Henderson,Cole-Clayton,us-central
DR-955790,Marcus Robinson,"Morgan, Moore and Braun",us-west
DR-947169,Daniel Alvarez,Sellers-Evans,us-west
DR-580782,Jessica Le,Lee-Wiggins,us-central
DR-452022,David Clay,"Sanchez, Williams and Vega",us-west
DR-570672,Patrick Ware,Brown and Sons,us-central
DR-580769,Eric Andrews,Mathis-Henry,us-west
DR-745552,Jason Rojas,Lowery-Butler,us-central
DR-417450,Melissa Garcia,Walters-Moore,us-central
DR-515100,Caleb Harrington,Rush PLC,us-west
DR-695267,Susan Maldonado,"Garza, Lee and Shannon",us-central
DR-624694,Chelsea Carpenter,Callahan-Jones,us-west
DR-985076,Jorge Johnson,Mcpherson Ltd,us-central
DR-417232,Morgan Klein,"Turner, Buck and Lewis",us-west
DR-493576,Bradley Hunt,"Gonzalez, George and Kelley",us-west
DR-826450,Deanna Nelson,Silva-Chavez,us-central
DR-428328,Carol Franco,Cummings Inc,us-west
DR-958133,Craig Smith,Fisher PLC,us-west
DR-947632,Colleen Snyder,Cooper-Keller,us-west
DR-281737,Kara Martin,Evans-Shaw,us-central
DR-467853,Patricia Hale,Parks and Sons,us-west
DR-846761,Matthew Weiss,Johnson-Richards,us-west
DR-444659,Cynthia Price,"Potts, Romero and Lopez",us-west
DR-705068,David Daugherty,Knight and Sons,us-west
DR-631450,Sean Simpson,Johnson-Fisher,us-west
DR-340279,Daniel Woods,"Berry, Brown and Solis",us-west
DR-433748,Thomas Davis,"Brown, Rose and Pratt",us-central
DR-812967,Sarah Bonilla,Gomez-Stanley,us-central
DR-974696,Manuel Gonzalez,Sandoval-Evans,us-central
DR-791556,Rhonda Elliott,"Serrano, Ellison and Salinas",us-west
DR-427913,James Roberts,Hicks-Johnson,us-west
DR-904134,Jean Beck DDS,Edwards-Anderson,us-west
DR-365132,Jeffery Allen,Coleman and Sons,us-central
DR-451382,Christopher Le,Larsen-Ochoa,us-central
DR-689477,Melissa Foster,Brown-Cruz,us-west
DR-994969,Reginald Johnson MD,"Cervantes, Tucker and Davis",us-west
DR-658959,Patricia Hughes,Davis PLC,us-central
DR-426322,Jessica Mann,Gallegos-Levine,us-central
DR-291418,Tyler Ford,Walker-Mcknight,us-west
DR-334857,Jeffery Carter,Anderson LLC,us-west
DR-446547,Paul Martinez,"Ellis, Edwards and Jones",us-west
DR-788608,Mrs. Amy Haynes,"Lee, Gilbert and Barnes",us-central
DR-946630,Debbie Perez,"Simmons, Horn and Jordan",us-west
DR-103509,Tina Alvarado,Booth LLC,us-central
DR-654059,Alexandra Lambert,"Schroeder, Hicks and Owens",us-west
DR-827583,Charlotte Poole,Jordan-Jones,us-central
DR-935575,April Mckinney,Sanchez-Jennings,us-central
DR-357554,Meredith Rice,Robinson-Jefferson,us-central
DR-375435,Christine Nguyen,Green LLC,us-west
DR-353947,Christopher Boyd,Jackson and Sons,us-west
DR-357549,Tyler Lee,"Cross, Mitchell and Moore",us-west
DR-863954,Joshua Moore,Price Inc,us-central
DR-307092,Anne Martin,Garcia-Perry,us-west
DR-242271,Jeanne Todd,"Olson, Kerr and Stevens",us-central
DR-886833,John Williams,Franklin-Berry,us-central
DR-176662,Brittany Hill,Yates-Hill,us-central
DR-800912,Samantha Schmidt,"Bishop, Shelton and Spence",us-west
DR-555406,Sara Edwards,Deleon-Hayes,us-central
DR-241945,Jordan Stanley,"Hernandez, Lee and Walker",us-west
DR-518783,Victor Mccarty,Wilson-Pittman,us-west
DR-355702,Kristine Jones,Taylor-Delgado,us-central
DR-705699,James Leblanc,"Scott, Knight and Dudley",us-west
DR-769289,Miss Rebecca Jackson,James LLC,us-west
DR-851170,Kimberly Holmes,Hinton-Johnson,us-central
DR-170794,Elizabeth Lyons,Webb-Merritt,us-central
DR-341175,Chad Becker,Moore-Glass,us-west
DR-101859,Sandra Chan,"Chavez, Mckee and Cannon",us-west
DR-198913,Robert Neal,Terrell-Castillo,us-central
DR-332059,Shannon Montgomery,"Ball, Carter and Rodriguez",us-west
DR-227105,Tiffany Miles,Miller PLC,us-central
DR-905894,Ashley Montgomery,Morrison Group,us-central
DR-618508,Jared Dunn,Ray-Conway,us-central
DR-904919,Robert Brown,"Stevenson, Dixon and Morgan",us-central
DR-552469,Nancy Stanley,"Barron, Villegas and Gregory",us-central
DR-532444,Danielle Wilson,Avery PLC,us-central
DR-153932,Angela Hayes MD,Scott and Sons,us-west
DR-804056,Stephanie Ortega,Alvarez LLC,us-central
DR-756408,Summer Castro,"Mitchell, Rodriguez and King",us-west
DR-596245,Mary Foster,"Martinez, Lee and Patterson",us-central
DR-932627,Karen Cook,Johnson Ltd,us-west
DR-534354,Nicole Lewis MD,Johnson Ltd,us-west
DR-216107,Joan Lam,Johnson Group,us-west
DR-313107,Audrey Hays,"Potter, Williams and Curry",us-west
DR-605714,Sabrina Stanton,Castro LLC,us-west
DR-893980,Kathleen Harrington,"Bentley, West and Terry",us-west
DR-902785,Theodore Cannon,"Wade, Hubbard and Pugh",us-west
DR-325947,Elaine Allen,Bishop Ltd,us-central
DR-383080,Kevin Obrien,Evans Inc,us-central
DR-441248,David Kim,Wilson PLC,us-west
DR-225979,James Barr,Garcia Group,us-central
DR-889188,John Baldwin,Craig Ltd,us-west
DR-487140,Stephanie Williams,Johnson PLC,us-west
DR-782809,Christopher Cole,Davila and Sons,us-west
DR-772171,James Skinner MD,Hernandez-Sanders,us-west
DR-546920,Renee Castro,Davis-Freeman,us-west
DR-981053,Ricky Anderson,Morris LLC,us-central
DR-919859,Albert Nguyen,"Mack, Walker and Hogan",us-central
DR-505975,Sharon Graves,"Gordon, Waters and Craig",us-central
DR-898617,David Wood,Malone Inc,us-central
DR-698737,Amy Phillips,English-Morales,us-west
DR-664783,Jared Parker,Patterson LLC,us-west
DR-688207,Aaron Hartman,"Frost, Duke and Buchanan",us-west
DR-406569,Jacob Chandler,Medina and Sons,us-central
DR-762863,Peter Curtis,"Williamson, White and Schaefer",us-central
DR-830810,Jonathan Acosta,Freeman and Sons,us-central
DR-608618,Paul Bell,Brown Ltd,us-west
DR-453732,Melissa Baker,Mercer Inc,us-central
DR-867708,Thomas Jenkins,Cabrera-Greene,us-central
DR-895197,Kelsey Smith,"Chase, Peters and Duncan",us-west
DR-914437,Suzanne Pierce,"Oconnor, Barton and Walters",us-west
DR-629133,Amber Armstrong,"Camacho, Holland and Bernard",us-west
DR-359134,Patricia Harris,Chavez-Quinn,us-west
DR-442042,Kimberly Coleman,"Bradshaw, Smith and Allen",us-west
DR-117421,Shannon Shaw,Arroyo PLC,us-central
DR-317414,Richard Castro,Evans Inc,us-west
DR-339533,Nicole Lee,Lopez LLC,us-west
DR-807372,Kimberly Coleman,Miller and Sons,us-west
DR-613409,Anna Montes,"Johns, Marquez and Hahn",us-west
DR-757494,Tyler Park,Smith-Dickson,us-west
DR-817456,Valerie Dixon,"Allen, Reyes and Wright",us-central
DR-671482,Mary Durham,Burnett-Campbell,us-central
DR-869095,Veronica Butler,George Ltd,us-central
DR-382565,Matthew Brown,Fleming-Mccarty,us-central
DR-537521,Catherine Reid,"Oneal, Wilson and Fisher",us-west
DR-875499,Pamela Wilson,"Brooks, Tran and Garcia",us-central
DR-446146,Diana Hays,Moore-Martinez,us-west
DR-125347,Christopher Gray,Choi-Lee,us-west
DR-157261,Stephen Nielsen,Fowler Ltd,us-central
DR-643449,Emma Jimenez,"Edwards, Diaz and White",us-west
DR-891435,Douglas Dyer,Johnson Group,us-central
DR-617934,Melissa Jackson,Davis LLC,us-central
DR-607640,Ashley Duran,"Murillo, Garcia and Tucker",us-central
DR-536672,Troy Johnson,"Gibson, Davis and Blair",us-west
DR-239818,Erin Flynn MD,"Herman, Oliver and Booker",us-central
DR-476685,Kathleen Smith,Noble-Delgado,us-central
DR-880098,Christina Barnett,"Howe, Lin and Monroe",us-west
DR-357219,Mark Johnson PhD,Garcia-Cox,us-west
DR-490855,Amy Monroe,Werner Group,us-central
DR-923803,Brandon Flores,Ellis LLC,us-west
DR-721722,Shannon Wilcox,Mcfarland Group,us-central
DR-659126,Mr. Jared Mays Jr.,Ellis-Carr,us-central
DR-336786,Jeff Miller,Robles LLC,us-central
DR-106337,Jill Hughes,Rasmussen LLC,us-west
DR-444640,Roy Davis,"Estrada, Rivera and Jackson",us-central
DR-626318,Sarah Castro,Hess Ltd,us-central
DR-222979,Carol Reid,Johnson Inc,us-west
DR-942102,Michael Khan,Boyd LLC,us-west
DR-814153,Daniel Clark,Holland Inc,us-central
DR-731689,John Hensley,Middleton and Sons,us-west
DR-381389,Victoria Kelley,Perry PLC,us-central
DR-420077,Marcus Hodges,Duncan Ltd,us-west
DR-763529,Cindy Carter,"Marquez, Nunez and Williams",us-west
DR-406124,Richard Craig,Russell Inc,us-west
DR-740687,Melissa Warren,Hicks Inc,us-central
DR-901496,Michael Jackson,"Wise, Wallace and Newman",us-central
DR-964025,Austin Avery,"Williams, Scott and Hill",us-central
DR-332514,Jessica Kirby,Sexton-Roman,us-central
DR-880910,Holly Hines,Gonzalez Ltd,us-west
DR-974673,Michelle Sanchez,"Williams, Lowe and Williams",us-central
DR-194990,Brittney Jones,Garcia Ltd,us-west
DR-383958,Roger Smith,Hancock-Ross,us-central
DR-493014,Ashley Salinas,Alexander-Davis,us-central
DR-371037,Jane Hendricks,"Allen, Potts and Mendoza",us-central
DR-432279,Mary Gonzalez,"Davis, Mcfarland and Reyes",us-central
DR-992994,Renee Fowler,Martin Ltd,us-west
DR-125448,Kayla Sims,Wilson-Gray,us-west
DR-407429,Sabrina Howard,"Lopez, Butler and White",us-west
DR-352144,Kelsey Cummings,Barnett-Sampson,us-central
DR-113229,Michael Sanders,"Salazar, Alvarado and Wheeler",us-central
DR-282394,Cindy Humphrey,Frazier PLC,us-central
DR-675525,Betty Jones,Robertson Group,us-central
DR-469549,Marvin Graham,"Morgan, Jackson and Richardson",us-central
DR-378959,Teresa Peterson,Padilla-Cruz,us-central
DR-674143,Patricia Brown,Patterson-Douglas,us-central
DR-325068,Tammy Hall,"Burton, Watkins and Brown",us-central
DR-433698,Karen Barnes,"Pope, Juarez and Rios",us-central
DR-220909,Katherine Mckay,Kelly-Boyd,us-central
DR-693644,Ricardo Padilla,"Phillips, Ruiz and Nichols",us-west
DR-729072,Elizabeth Hodge,Davis-Baker,us-central
DR-540870,Terry Fitzpatrick,"Forbes, Ibarra and Jones",us-central
DR-752386,Kristina Pace,Newman-Williams,us-west
DR-848046,Alexander Walls,Cordova and Sons,us-west
DR-362809,Stephanie Lee,Velez-Mosley,us-west
DR-301174,Sarah Anderson,Randolph-Gardner,us-central
DR-582571,Edward Martinez,Schaefer-Bradley,us-west
DR-269109,Sabrina Scott,Mason PLC,us-central
DR-462425,Jennifer Pierce,Brown Ltd,us-central
DR-116533,Mark Ryan,Fowler-Simpson,us-central
DR-845387,Melissa Hale,"Hood, Beard and Boone",us-central
DR-569506,Michael Jackson,Nash-Wilson,us-central
DR-163277,Kara Parker,"Wilson, Flores and Thompson",us-west
DR-774949,Scott Rivers,"Huerta, Simmons and Mccoy",us-central
DR-359302,Christopher Rice,Brock-Cook,us-central
DR-851416,Brian Moore,Stevenson LLC,us-west
DR-136645,Michael Booker,Bennett LLC,us-central
DR-934261,Douglas Vega,Harris-Eaton,us-west
DR-159992,Terry Marquez,Werner-Mayo,us-west
DR-684701,Donna Murray,Walters LLC,us-west
DR-787437,Crystal Griffith,Coleman-Owens,us-central
DR-921970,David Lewis,Morse-Gross,us-central
DR-806148,Katherine Cortez,Shaw-Hamilton,us-west
DR-779763,Austin Mueller,"Randall, Dillon and Blevins",us-central
DR-550175,Laura Webb,Leonard Group,us-west
DR-529709,Matthew Schmitt,"Morgan, Nguyen and Rodriguez",us-west
DR-881555,Anna Smith,"Jefferson, Ray and Ferguson",us-west
DR-913915,Robert Francis,Miller LLC,us-west
DR-784806,Herbert Morris,"Phillips, Miller and Guerra",us-central
DR-708794,William Washington,"Wallace, Robertson and Hernandez",us-west
DR-284586,Emily Decker,Hardy-Carey,us-west
DR-465401,Michael Moore,Davenport Ltd,us-central
DR-270363,James Henson,Martinez-Rich,us-west
DR-760479,Willie Ray,Williams-Gilmore,us-west
DR-981649,Samantha Moore,Peters-Allen,us-central
DR-932012,Lynn Steele,"Brown, Wise and Andrade",us-central
DR-228782,Brian Dominguez DDS,"Smith, Gutierrez and Perez",us-west
DR-168936,Justin Medina,"Erickson, Franco and Day",us-central
DR-445963,Paula Rodriguez,Lang-Gutierrez,us-central
DR-498245,Jeremy Everett,"Russell, Barnes and Ford",us-west
DR-329496,Edward Armstrong,"Peters, Roy and Hill",us-west
DR-387456,Diane Stanley,"Page, Cortez and Sanchez",us-west
DR-424184,Marissa Tate,Robinson Ltd,us-central
DR-701729,Jose Martin,Brooks Group,us-central
DR-979388,Jennifer Evans,Carter LLC,us-central
DR-431663,Valerie Johnson,Owens-Tran,us-central
DR-755525,Kimberly Brooks,Novak LLC,us-west
DR-185771,Jamie Crawford,Taylor-Mills,us-central
DR-231498,Albert Lopez,"Gonzalez, Pena and Herrera",us-central
DR-339302,John Barker,Griffin-Floyd,us-west
DR-654390,Melissa Paul,Hudson and Sons,us-west
DR-500089,Denise Ali,Jenkins-Kemp,us-west
DR-342404,Mary Charles,Cowan-Wong,us-central
DR-943883,David Cooper,Reed-Montoya,us-west
DR-185351,Tina Bradford,Aguilar-Bartlett,us-west
DR-450643,Richard Tanner,Lee-Christian,us-west
DR-348188,Adam Jackson,Greene-Austin,us-central
DR-709395,Johnny Griffin,"Morgan, Davis and Padilla",us-west
DR-438028,Daniel Zimmerman,"Hoffman, Beasley and Stevens",us-west
DR-803281,Judy Moss,"Ross, Lopez and Bradley",us-west
DR-299067,Danielle Anderson,Keller-Anthony,us-central
DR-901643,Barbara Sullivan,"Carpenter, Roach and Garcia",us-central
DR-486808,Jessica Nolan,Brown Group,us-west
DR-871499,Dana White,Rodgers Inc,us-west
DR-948878,Mary Tucker,"Perry, Todd and Knight",us-central
DR-998425,Stephen Smith,Gonzales-Fox,us-central
DR-342292,John Smith,"Bowman, Carpenter and Miller",us-west
DR-106876,Kristen Perry,Simmons-Fisher,us-west
DR-739268,Crystal Taylor,"Jackson, Vasquez and Mason",us-west
DR-753494,Jacob Harris,Martin-Sims,us-central
DR-822143,Melissa Brown,"Johnson, Booth and Wilkins",us-west
DR-788564,Alexandria Moody,Smith-Adams,us-central
DR-418814,Cesar Evans,Bailey-Avila,us-west
DR-225175,Aaron Graham,Gordon-Castillo,us-central
DR-930427,James Clark,Gonzalez-Jones,us-central
DR-987356,Samantha Davis,Garza Ltd,us-west
DR-742223,Julia Evans,Anderson-Snyder,us-west
DR-463436,Todd Branch,Sharp-Smith,us-central
DR-634523,Sylvia Simpson,"Reyes, Austin and Ortega",us-west
DR-693920,Nathaniel Davila,Hayes PLC,us-central
DR-471641,Jose Watson,Burke LLC,us-central
DR-367618,Melissa Baldwin,"Clayton, Harris and Stout",us-west
DR-742578,Lisa Yoder,Bell and Sons,us-west
DR-301757,Scott Sullivan,Williams-Neal,us-central
DR-273399,Amber Johnson,"Warren, Miller and Harvey",us-west
DR-995957,Mark Hall,Wells-Bates,us-west
DR-263743,Mr. Timothy Adams MD,"Atkins, Palmer and Garcia",us-central
DR-639747,Paul Butler MD,Sanchez-Pierce,us-central
DR-434224,Sean Andrade,Conrad-Carroll,us-west
DR-869493,Gina Davis,Jordan Inc,us-west
DR-255423,Tyler Rasmussen,Daniels-English,us-west
DR-222161,Nicholas Ward,Pugh-Butler,us-west
DR-551822,Steven Gardner,"Macias, Lawson and Chambers",us-central
DR-672739,Shelby Merritt,"Herrera, Reed and Chavez",us-central
DR-829037,Anna Jones,"Bird, Lopez and Conner",us-west
DR-220190,Taylor Hughes,Wong-Hale,us-west
DR-405226,Jeremy Edwards,Boone-Williams,us-central
DR-767996,Christian Doyle,Williams-Garcia,us-west
DR-816721,Paul Smith,"Burch, Green and Salazar",us-west
DR-869932,Steven Collins,Hodges-Anderson,us-central
DR-765736,Ryan Campbell,Schmidt-Gordon,us-central
DR-909952,Debra Rasmussen,Lopez-Green,us-west
DR-258108,Michelle Hammond,"Hoffman, Lyons and Moore",us-central
DR-411907,Julia Thompson,"Aguirre, Chan and Clark",us-central
DR-734590,Scott Weiss,Turner-Ayala,us-central
DR-546412,Matthew Cummings,"Hanna, Small and Weaver",us-west
DR-696816,Courtney Hawkins,Wright Group,us-west
DR-215722,Andrew Walker,Ellis-Taylor,us-central
DR-482871,Chelsea Herrera,Reynolds and Sons,us-central
DR-359601,Connie Foster,Saunders Ltd,us-west
DR-929339,Kristen Sullivan,"Delgado, Vargas and Ramos",us-central
DR-167145,Reginald Holder,Gilmore-Munoz,us-west
DR-112475,Daniel Jackson,"Perez, Branch and Moore",us-west
DR-149436,Michelle Maldonado,Cole-Adams,us-central
DR-184455,Briana Morris,"Hopkins, Shaw and Turner",us-west
DR-811724,Eric Ibarra,Mathis-Burton,us-west
DR-800371,George Smith,Horne-Vang,us-west
DR-700526,Edward Davis,"Ryan, Cuevas and Bradley",us-central
DR-835356,Christina Davidson,"Whitney, Johnson and Joseph",us-central
DR-700674,Jeffrey Kelley,"Parrish, Anderson and Clark",us-central
DR-168278,Leonard Washington,"Cook, Melton and Brown",us-west
DR-118611,Craig Perez,Robertson and Sons,us-west
DR-655480,Alex Hampton,Brewer Inc,us-west
DR-320183,Robert Harris,Campbell Group,us-west
DR-441811,Michael Kaufman,"Morgan, Ruiz and Bates",us-west
DR-396102,Tina Li,Martinez-Norton,us-west
DR-532994,Alejandro Gordon,Park-Jacobs,us-west
DR-881726,Sandra Howard,"Warner, Davis and Turner",us-central
DR-352468,Kevin Brown,Wilson Group,us-west
DR-776463,Melissa Leblanc,"Morales, Finley and Joseph",us-west
DR-381202,Gabrielle Warren,"Berg, Herrera and Riggs",us-west
DR-988573,Seth Johnson,Morgan-Shepard,us-west
DR-627297,Christopher Brown,Dyer Ltd,us-central
DR-326734,Charles Harris,Bell-Mullins,us-west
DR-106690,Anita Ballard,Lambert-Frazier,us-west
DR-320630,Tammy Olson,"Lewis, Banks and Bradley",us-west
DR-520728,Karen Morris,"Nelson, Carter and Clarke",us-central
DR-854363,Patrick Zavala,Harris Inc,us-central
DR-771451,Matthew Nelson,Schwartz LLC,us-central
DR-457409,Julie King,Guerra-Levy,us-west
DR-177320,Russell Johnson,Anderson Ltd,us-west
DR-497794,James Blanchard,Valencia-Lopez,us-west
DR-894277,Ashley Daniel,Weiss-Gates,us-central
DR-116477,Darlene Holland,Adams-Bennett,us-west
DR-554803,Katherine Williams,Zavala Group,us-central
DR-513109,Albert Williams,Rowland-Mccall,us-west
DR-646705,Edward Garcia,"Montgomery, Thompson and Smith",us-west
DR-778618,Daryl Sanders,Hunter Ltd,us-west
DR-892209,Jesus Rice,Turner-Harrison,us-central
DR-586257,Margaret Leach,Thompson LLC,us-west
DR-519308,Paul Evans,"Castro, Hawkins and Thompson",us-central
DR-181983,Miss Michelle Cantrell,Warren-Luna,us-west
DR-346787,Justin Grant,Lewis LLC,us-west
DR-323725,Alexandra Perry,"Moyer, Mahoney and Sanchez",us-central
DR-800189,Tina Thomas,Simmons-Mooney,us-west
DR-439053,Elaine Cuevas,"Olson, Hines and Montgomery",us-west
DR-194524,Matthew Smith,Hays Inc,us-west
DR-979520,Aaron Jennings,Branch Group,us-central
DR-240358,Connor Williams,Keller Inc,us-central
DR-556457,Brian Peters,Mcintosh LLC,us-west
DR-310640,Tony Rios,Dawson-Lopez,us-central
DR-254800,Rodney Perkins,Braun Ltd,us-central
DR-836902,Rodney Wallace,Ramos-Clark,us-west
DR-890769,Margaret Mercado,"Stevens, Wise and Farmer",us-west
DR-198563,Angela Morse,"Holden, Wiggins and Nichols",us-west
DR-818835,Jeffrey Bryant Jr.,Ho Group,us-central
DR-687734,Heather Griffin,"Gordon, Sloan and Cabrera",us-central
DR-758799,Ann Austin,Evans-Melton,us-west
DR-362622,Lisa Turner,Stafford-Miller,us-central
DR-327628,Erin Proctor,Clark and Sons,us-west
DR-509894,Dr. Harry Adams,Lee and Sons,us-west
DR-460896,Amber Fernandez,"Gallagher, Schultz and Yang",us-central
DR-221288,Amanda Clark,Mills Inc,us-west
DR-281577,Paul Payne,Jackson-Snyder,us-west
DR-275251,Scott Ferrell,"Fitzpatrick, Lutz and Lyons",us-central
DR-139511,Susan Butler,Cooper Group,us-central
DR-248114,Amy Moore,"Hebert, Copeland and Williams",us-west
DR-133335,Cynthia Marquez,Palmer Group,us-west
DR-135324,Debbie Jones,"Taylor, Stevens and Johns",us-central
DR-699855,Kevin Parker,Chung-Swanson,us-central
DR-891790,Anthony Green,"Daugherty, Norman and Brandt",us-central
DR-899017,Kimberly Harrington,"Tyler, Dalton and Stephens",us-central
DR-682382,Amanda Sexton,"Young, Kline and Marshall",us-west
DR-233806,Laura Garza,"Lewis, Benson and Evans",us-west
DR-810179,Steven Hamilton,Perez LLC,us-west
DR-113356,Cheryl Castaneda,"Shaffer, Torres and Russell",us-west
DR-297877,Charlene Bush,Edwards and Sons,us-west
DR-853763,Tammy Rios,Thompson Group,us-west
DR-478294,Deanna Stone,"Green, Hutchinson and Kim",us-west
DR-944616,Ryan Davis,"Hughes, Morse and Atkins",us-central
DR-709467,Anna Barnes,"Hanna, Ortiz and Tate",us-central
DR-339495,Lisa Myers,Wheeler Ltd,us-central
DR-556989,Scott Simpson,Best Inc,us-west
DR-774475,Sandra Woods,Salazar Ltd,us-west
DR-246476,Jacob Williams,Swanson PLC,us-west
DR-639361,Troy Wilkerson Jr.,Humphrey-Thomas,us-west
DR-807971,Savannah Nelson,Cook LLC,us-central
DR-114968,Nicole Garza,Gould Group,us-central
DR-572535,John Reeves,Atkins PLC,us-central
DR-848576,Dustin Bray,"Ramsey, Wilkerson and Robinson",us-central
DR-723827,Randall Barrera,Nguyen-Page,us-west
DR-476302,Patricia Green,Martinez-Clay,us-central
DR-672955,Barbara Lowery,Mitchell Inc,us-central
DR-747541,Jennifer Johnson,"Foster, Taylor and Cantu",us-west
DR-279516,Sara Rhodes,Bennett Ltd,us-west
DR-162410,Mark Moore,Underwood-Summers,us-west
DR-681789,Miguel Willis,Hines-Dyer,us-west
DR-461801,Michael Thomas,Stone PLC,us-west
DR-697495,Michelle Owens,Christian-Bennett,us-west
DR-615780,Kathryn Smith,"Smith, Moore and Smith",us-central
DR-435348,Lauren Haney,"Vazquez, Rodriguez and Martin",us-central
DR-825010,Erica Thomas,"Simon, Mason and Dean",us-west
DR-837366,Lacey Combs,Mcdaniel-Morris,us-west
DR-612306,Lisa Jones,"Hayes, Chandler and Rodriguez",us-west
DR-625223,Kevin Wilson,"Powers, Greene and Turner",us-west
DR-429783,Caroline Young,Lyons Inc,us-central
DR-122910,Alexandria Myers,Chandler-Chandler,us-central
DR-423693,Valerie Williams,Luna Ltd,us-west
DR-469362,Chelsea Rodriguez,Wolf Group,us-west
DR-333805,Susan Phillips,"Ramirez, Robertson and Wong",us-west
DR-251320,Matthew Johnson,Cooper Group,us-central
DR-746548,Lindsey Rogers,"Ball, Griffin and Allen",us-west
DR-100425,John Young,Chavez-Jackson,us-west
DR-914881,Michael Black,Miller LLC,us-west
DR-469041,Bobby Morales,Chapman Group,us-west
DR-170711,Laura Larsen,"Howard, Harris and Mitchell",us-central
DR-643799,Daniel Hensley,Williamson-Beasley,us-central
DR-982692,Mikayla Ward,"Hughes, Cunningham and Richards",us-west
DR-630832,Nicholas Downs,"Ruiz, Ruiz and Farrell",us-central
DR-689384,Bridget Barnes,Smith-Gutierrez,us-west
DR-967157,Megan Martinez,Butler-Martinez,us-west
DR-992997,Corey Collins,Jones Ltd,us-central
DR-876526,Connie Hayes,Wolfe and Sons,us-central
DR-866049,Joseph Williams,Durham-Solomon,us-west
DR-467789,Jacob Ward,"Cisneros, Pierce and Day",us-central
DR-379402,Anthony Wilson,Lewis-Walker,us-west
DR-339045,Melissa Hansen,"Flores, Ramirez and Williams",us-central
DR-947048,Steven Wilson,"Johnson, Johnson and Wilson",us-central
DR-954952,Peggy Williams,"Bowen, Taylor and Sharp",us-central
DR-853302,Calvin Page,"Hall, Ferrell and Morgan",us-central
DR-902731,John Mullen,Black-Hernandez,us-central
DR-870977,Nicole Parker,"Reyes, Ramirez and Lindsey",us-central
DR-514582,Kenneth Alexander,Peterson and Sons,us-central
DR-758680,Denise Werner,Ward Ltd,us-west
DR-513068,Corey Jackson,"Ford, Young and Hoover",us-central
DR-717462,Stephanie Murphy,Thomas PLC,us-central
DR-625275,Joanna Ayala,Green-Hall,us-west
DR-433225,Tyler Sweeney,Hancock LLC,us-central
DR-301993,Alejandro Mayo,"Santos, Randall and Fuller",us-central
DR-439987,Tyler Vasquez,Walters Group,us-central
DR-978297,Jennifer Sanchez,Morton Ltd,us-central
DR-210434,Jennifer Perez,"Gonzalez, Solis and Hall",us-west
DR-518195,Taylor Campbell,Miller-Rodriguez,us-central
DR-601764,Carol Holland,Zuniga PLC,us-west
DR-240787,Beth Tanner,"Haley, Sosa and Gomez",us-central
DR-329404,Carol White,Williams Inc,us-central
DR-393649,Jordan Joyce,Ware-Cooper,us-west
DR-685131,Jennifer Garza,"Brown, Ball and Morgan",us-west
DR-382061,Sean Woodward MD,Sparks-Hicks,us-central
DR-107348,Nathan Rhodes,Mccoy and Sons,us-west
DR-196259,Bobby Lucas,Garcia PLC,us-central
DR-871484,Susan Kline,Miller Inc,us-west
DR-755000,Jeffrey Smith,"Morrison, Lyons and Cunningham",us-central
DR-312201,Maria Moody,"Walter, Kelly and Lopez",us-west
DR-104805,Sharon Reeves,Alvarado PLC,us-central
DR-380715,David Robertson,Hernandez Inc,us-central
DR-421132,Bernard Bruce,Edwards-Compton,us-west
DR-698775,Christina Brooks,Pena-Patterson,us-west
DR-928875,Sarah Allen,Horn-Clark,us-west
DR-813437,Stacey Kelley,Parker LLC,us-central
DR-212299,John Gallagher,"Mejia, Jenkins and Lee",us-west
DR-740490,John Zamora,"Abbott, Dickson and Miller",us-central
DR-200809,Kyle Ramirez,Guerra-Nelson,us-west
DR-659112,Amber Cunningham,"Brown, Mathews and Williamson",us-central
DR-924256,Ryan Jefferson,Gray and Sons,us-west
DR-181319,John Fuentes,Martin-Bridges,us-west
DR-628914,James Powell,"Salazar, Johnston and Ho",us-west
DR-244181,Christie Wolfe,"Shields, Terrell and Harris",us-west
DR-552621,Austin Rice,Jones-Blake,us-west
DR-479540,Larry Woods,Nguyen and Sons,us-central
DR-202367,Ashley Wolfe,"Navarro, Reed and Morgan",us-central
DR-621626,Edward Porter,"Crawford, Taylor and Cunningham",us-west
DR-278291,Briana Johnson,Sellers-Parker,us-west
DR-678984,Jesus Bradley,Howe Inc,us-central
DR-334964,Charles Edwards,Knox-Phelps,us-central
DR-465161,Justin Foster,"Hurley, Franklin and Gibson",us-west
DR-764552,Leonard Anderson,"Campos, Ruiz and Wood",us-west
DR-153200,Timothy Mullins,Dixon Ltd,us-central
DR-818332,Dean Cruz,Thomas PLC,us-west
DR-941142,Eric Park,Butler Inc,us-central
DR-291873,Teresa Beck,"Jones, Stephens and Thompson",us-central
DR-294670,Alan Munoz,Heath-Schmitt,us-west
DR-253468,Alyssa Miller,Juarez Group,us-west
DR-656877,Carlos Taylor,Mccormick LLC,us-west
DR-546869,Katherine Burke,Hebert PLC,us-central
DR-744298,Daniel King,"Gamble, Weeks and Calhoun",us-west
DR-873080,Kyle French,Lopez Group,us-west
DR-796008,Amber Flowers,"White, Benitez and Guerrero",us-west
DR-145005,John Underwood,Miller Group,us-west
DR-271734,Michael Rosales,"Blankenship, Moore and Dunlap",us-central
DR-357907,Paul Fernandez,Allen Ltd,us-central
DR-679518,Christina Welch,Smith-Valdez,us-west
DR-621203,Richard Bryant,White and Sons,us-central
DR-440670,Teresa Hays,"Jones, Fry and Rush",us-central
DR-274054,Dalton Drake,Hanna-Lawson,us-central
DR-825051,Ronald Kelly MD,"Jones, Smith and Shah",us-west
DR-812904,Lindsay Pitts,"Dixon, Morales and Henry",us-west
DR-467660,Nicole Fitzgerald,Williams Inc,us-west
DR-945139,Kelly Weeks,"Lawrence, Joseph and Nguyen",us-west
DR-201384,Melissa Lloyd,Cline-Proctor,us-central
DR-528248,Erica Perry,"Burns, Murray and Stephens",us-west
DR-482604,Malik Cross,"Lee, Aguilar and Scott",us-west
DR-494525,Kyle Johnson,"Diaz, Graves and Patterson",us-west
DR-931992,Brian Brooks,"Kirk, Mitchell and Romero",us-west
DR-791057,Jessica Mcdonald,Cabrera and Sons,us-central
DR-806426,Jennifer Nelson,Haynes-Rogers,us-central
DR-941794,Diane Orozco DVM,Lopez Group,us-west
DR-731296,Christopher Freeman,Lee-Matthews,us-central
DR-832668,Stephen Brock,Higgins-Jacobs,us-west
DR-988048,Christina Nelson,"Ward, Friedman and Williams",us-central
DR-699649,Terry Wilson,Middleton Group,us-central
DR-892648,William Skinner,Mora Ltd,us-west
DR-931393,Nicole Olson,Spencer PLC,us-west
DR-509740,Allen Howell MD,Lopez-Johnson,us-west
DR-461024,Connor Parker,Jones LLC,us-west
DR-270226,Bradley Rogers MD,"Williams, Quinn and Hudson",us-central
DR-335490,Lisa Whitney,Wilkins Ltd,us-central
DR-718608,Ian Campbell,Hernandez-Hahn,us-central
DR-489323,Daniel Hall,"Bryan, Odom and Freeman",us-central
DR-977391,Tamara Ashley,Garcia PLC,us-west
DR-669013,Matthew Stevenson,"Gomez, Williams and Smith",us-central
DR-807496,Christopher Fernandez,"Ford, Ballard and Allen",us-west
DR-216227,Amy Turner,"Young, Higgins and Ayers",us-west
DR-373012,Michael Garner,Strickland-Wilson,us-central
DR-983622,Mark Johnson,Bryant Ltd,us-west
DR-993996,Matthew Rice,Clark Group,us-central
DR-457464,Ashley Dawson,"Young, Price and Leach",us-central
DR-737207,Peter Ellison,Johnson-Sheppard,us-central
DR-610703,Jeffrey Bishop,Hernandez PLC,us-central
DR-414971,Timothy Clark,Summers PLC,us-west
DR-827276,Chad Decker,Fisher-Porter,us-central
DR-645873,Steven Christian,"Davis, Hess and Martin",us-central
DR-301614,Brandi Schultz,Moore-Garcia,us-west
DR-527900,Mark Parker,Rollins LLC,us-west
DR-594883,Shannon Ward,Perez Inc,us-central
DR-945198,Scott Brown,"Mcfarland, Silva and Taylor",us-central
DR-301092,Dawn Briggs,"Vasquez, Faulkner and Johnson",us-central
DR-537883,Amber Graham,Powell LLC,us-central
DR-765800,Jeffery Carroll,Greer and Sons,us-central
DR-682674,Amanda Harris,Snyder and Sons,us-central
DR-808476,Carrie King,Hardy-Hodge,us-west
DR-456482,Steven Willis,Gibson Ltd,us-west
DR-822094,Donna Martinez,"Nelson, Thomas and Norton",us-west
DR-627494,Michelle Lindsey,"Clark, Carrillo and Harris",us-central
DR-487016,Katherine Allen,Spence and Sons,us-central
DR-474319,Alexander Pena,Elliott-Miller,us-central
DR-600068,Angela Simmons,Hendricks PLC,us-west
DR-482499,Cassie Sanchez,Morris Group,us-west
DR-380604,Justin Holloway Jr.,Maldonado and Sons,us-central
DR-507867,Jamie Collins,Perry PLC,us-west
DR-760999,Dale Anderson,Murphy PLC,us-central
DR-870234,Thomas Wolf,Garcia-Martinez,us-west
DR-498179,Mike Pierce,"Wyatt, Reese and Odonnell",us-west
DR-827254,Brian Thompson,Hicks Group,us-west
DR-777063,Ronnie Walker,Sexton Inc,us-central
DR-528591,Jessica Reilly,"Nielsen, Willis and Jordan",us-central
DR-233012,John Jackson,Solomon-Phillips,us-central
DR-249444,Amy Blevins,Wolf LLC,us-west
DR-754596,Alyssa Boone,Ramirez LLC,us-west
DR-390272,Michael Green,Ingram LLC,us-west
DR-137753,Neil Berg,Howard Inc,us-west
DR-967649,Jeremy Novak,Allen-Mays,us-west
DR-364814,Joseph Anderson MD,Cummings-Fuentes,us-central
DR-791367,Brittney Hammond,"Scott, Harrell and Allen",us-central
DR-472695,Jerry Rodriguez,Johnson-Hunter,us-west
DR-928618,Natasha Austin,Walker-David,us-central
DR-939621,Jeffrey Estes,Hobbs PLC,us-central
DR-365436,Michael Flores,Armstrong-Stephens,us-central
DR-581811,Jason Fuentes,White Inc,us-west
DR-941214,Carla Gardner,Cantrell Ltd,us-west
DR-174082,Marvin Rodriguez,Jones-Russell,us-west
DR-395511,Brandy Smith,"Mitchell, Taylor and Robbins",us-west
DR-560701,Donna Walsh,Key-Villegas,us-central
DR-358107,Jacob Jones,Garza Ltd,us-central
DR-351333,Miguel Smith,"Barrett, Riley and Meyer",us-central
DR-820050,Karen Perry,"Morgan, Morris and Clark",us-central
DR-924586,Scott Brown,Tucker and Sons,us-central
DR-748641,Donna Brooks MD,Sheppard Group,us-west
DR-689997,Michael Harris,"Hernandez, Foster and Bartlett",us-west
DR-459609,Dr. Tracey Walsh,"Garcia, Reeves and Hamilton",us-central
DR-895728,Kevin Luna,Wilson-Warren,us-central
DR-456151,Megan Hood,Mitchell Ltd,us-west
DR-566708,Mrs. Lisa Franklin,Williamson PLC,us-west
DR-374312,Dr. Adrian Gonzalez,Martinez-Rhodes,us-central
DR-325813,Carol Green,Carter-Galloway,us-central
DR-906702,Shannon Simon,Salazar Inc,us-west
DR-418770,Raymond Campbell,Mccoy Ltd,us-central
DR-325205,Michele Tyler,"Holmes, Nguyen and Crawford",us-west
DR-948070,Jason Cameron,"Shea, Boyd and Bishop",us-central
DR-914542,Glenn Li,Clark Inc,us-west
DR-222512,Stephanie Dudley,"Thomas, Flores and Clark",us-west
DR-351046,Mr. Mark Flowers,Schultz-Miles,us-west
DR-628166,Susan Ball,"Stevens, Caldwell and Adams",us-west
DR-562229,Jamie Larson,Thompson-Green,us-central
DR-593236,Shirley Young,"Johnson, Martin and West",us-west
DR-554683,Dr. Brandi Kramer,Parrish Inc,us-west
DR-577564,Kathleen Reid,Edwards-Salazar,us-west
DR-105982,April Willis,Anderson-Simpson,us-central
DR-680669,Robyn Ruiz,Beck LLC,us-central
DR-760193,Christine Zimmerman,Martinez LLC,us-central
DR-445499,Kristen Baker,"Trevino, Thomas and Moses",us-west
DR-524512,Rachael Tanner,Wright-Hamilton,us-central
DR-627317,Robert Herrera,Ortega-Rodriguez,us-central
DR-328635,Dr. Lindsay Shaffer,Jacobs LLC,us-central
DR-501178,Lisa Dudley,"Phillips, Lara and Phillips",us-west
DR-123455,Diana Pearson,Heath-Ford,us-west
DR-304651,Kimberly Dean,Lopez Group,us-central
DR-933323,Samantha Hughes,"Ferguson, Lowe and Rosario",us-central
DR-943997,Aaron Clements,"Moore, Hammond and Fox",us-central
DR-889540,Richard Walls,Davila-Owens,us-central
DR-540748,Cheryl Vincent,Olson LLC,us-central
DR-175243,Crystal Clark,"Phelps, Price and Gilbert",us-west
DR-800760,Matthew Freeman,"Parks, Gonzalez and Allen",us-west
DR-815692,James Olson,Fritz-Lopez,us-central
DR-595550,Michele Rodriguez DVM,"Anderson, Chapman and Lopez",us-central
DR-202013,Jeremy Sullivan,Mora Inc,us-west
DR-380719,Thomas Torres,Anderson and Sons,us-west
DR-262546,Ralph Walsh,Stephens Ltd,us-central
DR-185367,Mary Reyes,Miller-Daniel,us-west
DR-567843,Tonya Romero,Mcpherson and Sons,us-central
DR-538188,Jorge Williams,"Howard, Moore and Gamble",us-central
DR-264683,Kimberly Smith,Murphy Inc,us-central
DR-192791,Alex Melton,"Blankenship, Price and Pena",us-west
DR-731864,Victoria Campbell,Shaffer Inc,us-central
DR-612536,Christine Gomez,Davis PLC,us-central
DR-701112,Joshua Buchanan,Brown Ltd,us-west
DR-752456,Christopher Lutz DDS,Flores Inc,us-central
DR-714437,Justin Stewart,Mcpherson-Clark,us-west
DR-356115,Tyler Wells,"Sherman, Simpson and Doyle",us-west
DR-556054,Tanya Taylor,"Harrison, Oconnor and Riley",us-central
DR-128182,Michael Scott,"Harper, Taylor and Reed",us-west
DR-630070,Brandon Price,Lawrence Inc,us-central
DR-607493,Joshua Jones,Fuller-Gonzalez,us-west
DR-527911,Charles Smith,Lawrence Group,us-central
DR-372130,Adam Johnson,Williams PLC,us-west
DR-730085,Louis Lewis,Warner LLC,us-central
DR-198755,Scott Fernandez,"Bradshaw, Leach and Schwartz",us-central
DR-820430,Michael Walker,Walters-Medina,us-west
DR-567564,Adam Johns,"Anderson, Cox and Hutchinson",us-west
DR-500720,Edward Davidson,"Mercer, Saunders and Bender",us-central
DR-933380,Timothy Padilla,Williams LLC,us-west
DR-239685,Whitney Hernandez,Blanchard-Greer,us-central
DR-694119,Melanie Mendoza,Guerra Group,us-central
DR-637565,Anthony Johnson,Johnson-Clark,us-west
DR-486325,Curtis Mclean,"Smith, Baker and Adkins",us-west
DR-576775,Darrell Davis,Meyer-Wolf,us-west
DR-132862,Lauren Smith,Romero Inc,us-west
DR-765648,Amy Cook,"Clark, Baker and Bell",us-west
DR-751064,Michelle Davis,"Kelley, Nguyen and Shah",us-central
DR-742844,Matthew David,Harmon Ltd,us-west
DR-217342,Richard West,"Peterson, Cruz and Carter",us-west
DR-827817,Jessica Davenport,"Hansen, Alvarez and Parker",us-west
DR-535484,Jason Mcbride,Case-Wall,us-west
DR-128765,Megan Jones,Murphy-Thomas,us-west
DR-995146,Jocelyn Brown,"Velazquez, Curtis and Lynch",us-central
DR-791854,Mark Allen,Mills-Hutchinson,us-west
DR-848079,Michele Reed,"Edwards, Myers and Brown",us-central
DR-116657,Melissa Harris,Day Inc,us-central
DR-194498,Lori Estes,Flores Group,us-central
DR-675649,Catherine Escobar,Martinez-Jones,us-central
DR-860367,John Martin,"Sharp, Tucker and Allen",us-central
DR-956916,Alyssa Salazar,"Hanna, Morris and Mitchell",us-west
DR-750385,William Jackson PhD,"Johnson, Williams and Townsend",us-west
DR-255955,Amber Smith,Jones-Martin,us-central
DR-494119,Christopher Walker,Gray-Wright,us-west
DR-703880,Ashley Robinson,"Phillips, Morgan and Collins",us-west
DR-749668,Julia Pennington,Bryant LLC,us-central
DR-543884,Michelle Davenport,Morrow Inc,us-central
DR-217044,Timothy Morris,Gutierrez PLC,us-central
DR-887651,Donna Rice,Horn-Morris,us-west
DR-936957,Hannah Turner,Myers-Mann,us-west
DR-160126,Charlene Williams,Gray-Hill,us-central
DR-381812,Jessica Butler,Perry Inc,us-central
DR-167897,Jamie Jackson,"Vazquez, Mckinney and Miller",us-west
DR-273488,Tracy Baker,Hays-Gonzalez,us-west
DR-720348,Lauren Haynes,"Brown, Smith and Hamilton",us-central
DR-876384,Nathan Rice,Price-Martinez,us-west
DR-818074,Susan Hogan,"Stephens, Mathews and Murphy",us-west
DR-518811,Paul Rose,"Anderson, Foster and Fox",us-west
DR-107188,Mr. Joseph Martin,Bryant Inc,us-west
DR-334589,Meghan Evans,Gordon Group,us-west
DR-922693,Tracy Woodward,"Lucas, Spencer and James",us-central
DR-156666,Raymond Ibarra,Lester Inc,us-west
DR-779120,Kelsey Valenzuela,"Hill, Young and Robinson",us-west
DR-761705,Wayne Fox,"Wall, Choi and Calhoun",us-central
DR-487186,Sherri Williams,Powers-Rogers,us-west
DR-129578,Troy Sims,Blair-Khan,us-west
DR-817339,David Chapman,Smith Ltd,us-west
DR-345687,Barbara Adams,Bennett Inc,us-central
DR-460085,Sara Miller,Lee-Scott,us-central
DR-421512,Danny Lane,"Martin, Lewis and Smith",us-west
DR-359832,Maurice Gomez,Howe and Sons,us-west
DR-729983,Kathy Kelley,"Munoz, Brock and Hudson",us-west
DR-308620,Robert Taylor,Allen-Reed,us-central
DR-484936,Elizabeth Anderson,Adkins PLC,us-west
DR-484055,Kimberly White,"Bailey, Mccoy and Jackson",us-central
DR-308257,Sandra Lee,Smith-Weaver,us-central
DR-416255,Brenda Young,Taylor-Strickland,us-central
DR-597320,Edward Vega,"Larsen, Cameron and Jensen",us-west
DR-872588,Jill Alexander,Oconnor-Hunter,us-west
DR-734761,William Moore,Ramirez Group,us-west
DR-576901,Anthony Hernandez,Ferguson-Mcguire,us-central
DR-321308,Anthony Henry,"Anderson, Jones and Reed",us-west
DR-432496,Lisa Garcia,Frye-Yu,us-central
DR-661507,Laura Williams,"Murray, Miller and Graham",us-west
DR-321508,Randy Walton,"Bowen, Morton and Graham",us-west
DR-148342,Ryan Gomez,"Rodriguez, Smith and Nichols",us-central
DR-724662,Dana Spears,"Garcia, Woods and Craig",us-west
DR-748202,Keith Harris,Gomez Group,us-west
DR-793751,Tony Ward,"Dunn, Pierce and Curtis",us-central
DR-349942,Paul Bridges,Duncan PLC,us-west
DR-214932,Thomas Williams,"Calhoun, Martinez and Reyes",us-west
DR-545630,Alyssa Sims,"Carpenter, Blair and Khan",us-west
DR-687194,Joanne Tanner,Delgado-Harris,us-west
DR-893754,Jennifer Taylor,Booker-Warner,us-west
DR-605662,Joe Willis,Snyder Ltd,us-central
DR-797013,Matthew Watson,"Christensen, Hernandez and Snyder",us-central
DR-529832,Charles Fisher Jr.,Townsend Group,us-central
DR-737051,Kenneth Zuniga,Willis Group,us-west
DR-854906,Patricia Young,Fletcher-Park,us-west
DR-355292,Steven Johnson,"Smith, Sanchez and Oconnell",us-west
DR-392674,Elizabeth Morris,Hernandez-Phillips,us-central
DR-275886,Kyle Moss,"Dickerson, Yang and Mason",us-west
DR-828543,Francisco Phillips,Parsons Group,us-west
DR-116890,Samantha Hunter,"Ward, Sanford and Colon",us-west
DR-296134,Sarah Leach,Gates Group,us-central
DR-201787,Mr. Robert Hayes,"Dennis, Kelly and Russell",us-west
DR-227377,Barbara Gonzalez,Martinez-Lewis,us-central
DR-239043,Jennifer Walls,"Nunez, Ashley and Perez",us-west
DR-236109,Laura Edwards,Smith LLC,us-west
DR-630342,Timothy Andrews,Walker LLC,us-west
DR-925919,Phillip Gonzalez,King PLC,us-central
DR-270312,Joel Gibson,"Jackson, Adams and Baker",us-west
DR-583532,Alexandra Powell,"Gonzalez, Wilson and Schroeder",us-west
DR-689256,Carlos Spencer,Robinson-Horne,us-west
DR-938631,Matthew Wallace,Russell Group,us-west
DR-969010,William Wright,Buck and Sons,us-central
DR-624025,Diane Johnson,"Hill, King and Graham",us-west
DR-979119,Angela Jones,Hensley-Romero,us-central
DR-459964,Jeffrey Thomas,Harris LLC,us-central
DR-435558,Eric Wall,"Jackson, Miller and Brooks",us-central
DR-597976,Andrew Hicks,"Ramirez, Pollard and Luna",us-central
DR-746962,Charles Romero,Morgan Inc,us-west
DR-749529,Nicole Mitchell,"Ashley, Williams and Brown",us-central
DR-295341,Jill Hines,Hobbs PLC,us-west
DR-984260,Michael Wagner,Bowers-Perez,us-west
DR-174998,Ryan Arnold,Chambers and Sons,us-central
DR-185769,David Luna,"Barton, Valencia and Conway",us-west
DR-928331,Alexander Shaffer,"Mendez, Brooks and Baker",us-central
DR-865170,Jennifer Smith,"Jensen, Wilson and Barron",us-central
DR-913016,Mark Evans,Walters and Sons,us-central
DR-857579,Lisa Greene,Marks-Gordon,us-west
DR-274140,Derek Bruce,Andrews Inc,us-west
DR-796861,Tamara Martinez,"Ramos, Crawford and Zimmerman",us-west
DR-233163,Darrell Melton,"Lambert, Dunlap and James",us-west
DR-519680,Rachel Perkins,Pierce-Henderson,us-west
DR-359367,Terry Hernandez,Browning-Kelley,us-central
DR-381437,Elizabeth Hood,Smith Inc,us-west
DR-835272,John Rodriguez,"York, Cook and Bennett",us-west
DR-168738,Gregory Nguyen,"Jones, Boyd and Clark",us-west
DR-303419,Lindsay Merritt,"Mckenzie, Norton and Smith",us-central
DR-937839,Lori Holmes,Peters Group,us-west
DR-535379,Patrick Jimenez,Simmons-Kent,us-central
DR-449794,Andre Wallace,Boyer-Bennett,us-west
DR-383715,Amanda Carrillo,Little-Fisher,us-west
DR-337497,Eric Odonnell,Martin-Thompson,us-west
DR-481895,Amber Martinez,"Kramer, Conrad and Jones",us-central
DR-386332,Matthew Ward,Petersen-Lowe,us-west
DR-912295,Sandra Hunter,Mcintyre LLC,us-west
DR-113896,Jason Smith,"Terry, Bauer and Chung",us-west
DR-716942,Henry Ortiz,"Robinson, Burke and Smith",us-west
DR-463090,Joshua Clark,"Hood, Reilly and Walker",us-central
DR-787831,Dr. Misty Washington,Avila-Vasquez,us-central
DR-662889,Mary Herrera,Shaffer Ltd,us-west
DR-830149,Lisa Hill,Murray LLC,us-central
DR-481832,Shawn Moore,"Sanders, Fox and Wilson",us-west
DR-824267,Walter Phillips,Pollard LLC,us-central
DR-668693,Lauren Mendez,Moreno-Baldwin,us-central
DR-132486,Joseph Baker,"Powell, Peterson and Barton",us-central
DR-866205,Patricia Carroll,Knight Inc,us-central
DR-495958,Michelle Gonzalez,Garcia Group,us-central
DR-902748,Patrick Mckinney,Carter-Robinson,us-central
DR-342269,Claudia White,Sampson-Price,us-central
DR-442583,Lisa Castaneda,"Kennedy, King and Mathis",us-west
DR-935813,Matthew Hernandez,Ware Group,us-central
DR-729756,Christopher Anderson,Henry Inc,us-west
DR-530851,Clayton Taylor,"Rangel, Mejia and Williams",us-west
DR-182585,Shannon Mendoza,Jackson Group,us-central
DR-677540,Stephanie Morrison,"Ferguson, Gonzalez and Washington",us-west
DR-397849,Brandon Gordon,Taylor Inc,us-central
DR-247965,Aaron Contreras,"Hernandez, Reed and Daugherty",us-central
DR-144459,Douglas Lee,Henry Inc,us-central
DR-396037,Scott Meyer,Neal and Sons,us-west
DR-160633,Austin Garcia,Steele LLC,us-west
DR-432524,Amy Garner,Foster Inc,us-central
DR-933374,Travis Lee,Miller-Farmer,us-west
DR-897901,Terry Campbell,Bell and Sons,us-central
DR-671310,Sandra Carroll,Hall and Sons,us-central
DR-295970,Mark Mccall,"Franklin, Kelly and Jacobson",us-west
DR-212271,Ryan Vasquez,"Stewart, Murphy and Watson",us-central
DR-316446,Kelly Ibarra,Mclaughlin-Mathews,us-west
DR-893055,Julie Walters,"Brown, Rogers and Murphy",us-west
DR-958035,Edward Khan,Castaneda LLC,us-west
DR-609883,Raymond Palmer,Dennis-Rogers,us-west
DR-466940,Megan Bennett,Mccann-Huffman,us-west
DR-767218,Matthew Cox,Taylor-Shaw,us-west
DR-738977,Carol Cruz,Wilson Ltd,us-west
DR-785255,Ashley Bryan,Anderson-Price,us-west
DR-971782,Matthew Padilla,Brady PLC,us-west
DR-266648,Nicole West,Mcgrath LLC,us-west
DR-572596,Daisy King,Pitts-Ward,us-west
DR-748374,Jordan Wagner,"Kennedy, Curtis and Spears",us-central
DR-654444,Nicole Robles,Rosario and Sons,us-west
DR-932746,Mark Briggs,"Bell, Larson and Blake",us-central
DR-443728,Joseph Vazquez,"Davidson, Hendricks and Ramirez",us-central
DR-440239,Amanda Hughes,Armstrong Group,us-central
DR-902037,Harold Ryan,"Wright, Fuller and Chavez",us-west
DR-369034,Christopher Rodriguez,"Stone, Bond and Wallace",us-west
DR-552144,Timothy Martin,Li-Garcia,us-west
DR-242836,Madeline Alvarado,Roman-Nguyen,us-west
DR-863163,Allen Allen DDS,Fisher Ltd,us-central
DR-830706,Heather Roberts,Long PLC,us-central
DR-398361,Tiffany Williams MD,Austin-Rogers,us-central
DR-762328,Christopher Barber,"Anthony, Morales and Walters",us-west
DR-332146,Jennifer Ramos,Lutz Ltd,us-central
DR-285531,Aaron Holmes,King-Cunningham,us-central
DR-963575,Katie Williams,Hansen-Clayton,us-central
DR-490398,Kelly Murphy,"Hebert, Carney and Jacobs",us-central
DR-544535,Cynthia Shepard,Cochran-Malone,us-west
DR-206646,Jennifer Mayer,Hayes LLC,us-west
DR-769243,Paul Brown,Nguyen LLC,us-west
DR-120839,Misty Robinson,Mullen PLC,us-central
DR-569348,Stephanie Lopez,"Hunt, White and Howard",us-central
DR-988660,Jonathan Barrett Jr.,Smith-Gill,us-central
DR-646500,Amber Freeman,Henderson-Boyd,us-west
DR-245211,Jorge Moore,Davis-Anderson,us-central
DR-238055,David Rodriguez,Gallagher-Bennett,us-west
DR-343817,David Paul,"Foster, Olson and Hanson",us-central
DR-315973,Diana Chandler,Cardenas-Love,us-west
DR-656928,Andrew Burton,Nguyen Ltd,us-west
DR-211462,Kimberly Martinez,Hernandez-Davies,us-west
DR-566380,Martin Owens,Ramos-Bautista,us-central
DR-947188,Andrew Morrison,"Jefferson, Butler and Baker",us-west
DR-708218,Austin Jones,Rodriguez PLC,us-west
DR-251512,Eric Schmidt,House PLC,us-west
DR-863891,Sarah Newton,Johnson-Steele,us-west
DR-318365,Amber Johnson,"Davis, Mccoy and Zamora",us-west
DR-510751,Michael King,Snyder-Smith,us-west
DR-744586,Jenny Andersen,Lee-Short,us-west
DR-517829,Barbara Mejia,"Lewis, Johnson and Sharp",us-west
DR-675694,Tracy Haley,Young-Rios,us-central
DR-275041,Justin Phillips,Bryan and Sons,us-west
DR-854228,Amy Griffin,Ward PLC,us-west
DR-422240,Danielle Johnson,Wilson-Duncan,us-west
DR-480756,Logan Hanna,White-Knapp,us-central
DR-138046,Nathan Vaughn,"Ayala, Hansen and Romero",us-west
DR-452663,Sarah Williams,Graham-Rogers,us-west
DR-517115,Leonard Dudley,"Oconnor, Hensley and Lam",us-west
DR-848942,Colin White,Richardson-Bennett,us-central
DR-469455,Christopher Zuniga PhD,Miller Group,us-west
DR-147796,Curtis Mcmahon,Howard PLC,us-west
DR-140280,Gary Turner,"Cruz, Burgess and Navarro",us-west
DR-533072,Laura Hernandez,Soto-Thompson,us-west
DR-474204,Victoria Griffin,Clark LLC,us-central
DR-342911,Kristin Green,Vance-Stewart,us-central
DR-328994,Paul Weaver,Gibson PLC,us-central
DR-886131,Christine Morales,Hudson Group,us-central
DR-855240,Melissa Singh,"Caldwell, Ross and Ward",us-west
DR-941845,Stanley Rodriguez,Harvey-Graham,us-central
DR-671257,Tiffany Morris,"Thompson, Todd and Jensen",us-west
DR-343187,Anthony Adams,Lewis Group,us-west
DR-208281,Tiffany Payne,Robinson PLC,us-west
DR-236855,Michele Kennedy,"Wiley, Williams and Salinas",us-central
DR-745692,Donna Dougherty,Johnson-Martinez,us-central
DR-244174,Tiffany Collier,"Mathis, Baker and Espinoza",us-central
DR-890986,Lauren King,Miller Inc,us-west
DR-552636,Lawrence Moyer,Rodriguez PLC,us-central
DR-290362,Erica Duncan,"Johnson, Smith and Crawford",us-central
DR-923252,Adam Austin,"Reed, Smith and Jennings",us-central
DR-365192,Ashley Washington,"Kennedy, Taylor and Gibson",us-central
DR-312765,Kimberly Maxwell,"Flores, Giles and Hill",us-central
DR-300984,Brooke Bell,"King, White and Davis",us-central
DR-559325,Paul Martinez,Baldwin LLC,us-central
DR-555580,Rebecca George,Patterson and Sons,us-west
DR-529858,Kara Bennett,Lawson-Baker,us-central
DR-472681,John Hansen,Nichols-Palmer,us-central
DR-288779,Bobby Baker,Cordova Ltd,us-west
DR-854100,Mark White,"Dunn, Robinson and Davis",us-west
DR-562947,Nicholas Garcia,"Butler, Campos and Fernandez",us-west
DR-945842,Vincent Brown,Adams-Lopez,us-central
DR-269090,Justin Harrison MD,Carr-Hicks,us-west
DR-299523,Amber Thompson,Wright-Morgan,us-west
DR-365263,Melissa Jackson,Stephens-Hernandez,us-central
DR-623619,Erin Brown,Montoya-Maxwell,us-central
DR-636847,Lisa Oneill,"Brooks, Beasley and Carpenter",us-west
DR-580083,Debra Harris,"Porter, Jackson and Gibson",us-west
DR-101069,Samantha Mason,Adams Inc,us-west
DR-872353,Brian Thornton,Collins Ltd,us-central
DR-612344,Amber Buckley,Rogers Group,us-central
DR-419987,Shawn Morris,Wilson Group,us-west
DR-503321,Sharon Rivera,Brown-Smith,us-central
DR-192336,Zachary Contreras,Ramos-Griffith,us-west
DR-239611,Michele Hooper,Moran Ltd,us-west
DR-458649,Lindsay Reyes,"Hernandez, Manning and Ruiz",us-central
DR-342197,Stephen Kelley,"Leach, Orr and Montgomery",us-central
DR-564150,Bobby Lopez,"Macdonald, Smith and Hebert",us-central
DR-590533,April Hall,Henderson Inc,us-west
DR-872883,Denise Salinas,"Brown, Chang and Martin",us-central
DR-630541,Matthew Sanchez,Miller-Mccarty,us-central
DR-544698,Cesar Gordon,Roberts-Morales,us-central
DR-761067,Erin Erickson,Rivera-Mendoza,us-central
DR-206274,Miguel Duke,"Oliver, Moore and Webb",us-west
DR-141467,Michael Stewart,Miller-Green,us-central
DR-447465,Lindsey Reilly,Peterson-Bartlett,us-west
DR-860568,Robert Marquez,Dixon Group,us-west
DR-895242,Christina Green,Smith-Mejia,us-central
DR-953317,Elizabeth Taylor,Meza-Cantrell,us-west
DR-925978,Barbara Cooper MD,"Howard, Thomas and Jones",us-central
DR-565498,Kevin Henderson,Soto-Calhoun,us-central
DR-912398,Megan Mitchell,Jones and Sons,us-central
DR-353270,Megan Holmes,"Odom, Hill and Cunningham",us-west
DR-446024,Richard Herrera,Lane-Forbes,us-west
DR-382706,Claudia Carlson,"Brown, Manning and Norris",us-west
DR-713049,Jaclyn Davis,Knight Group,us-west
DR-939090,Dennis Castillo DDS,Watkins Group,us-west
DR-462084,Stephen White,Miller-Patel,us-central
DR-840316,Raymond Thornton,"Martinez, Hardin and Cortez",us-central
DR-405870,Michael Clark,Jones Ltd,us-central
DR-970233,Rachel Robertson,"Simmons, Jones and Moreno",us-central
DR-607738,David Reed,Hartman-Brown,us-west
DR-382826,Lisa Carter,Walters Group,us-west
DR-998291,Jessica Williamson,"Harvey, Matthews and Lopez",us-west
DR-575019,Gabriel Calhoun,Barrera-Ryan,us-west
DR-596873,Matthew Riley,Ellis-Tucker,us-central
DR-125335,Mark Reynolds,"Sanchez, Mitchell and Bowman",us-west
DR-773679,Timothy Sweeney,Henderson LLC,us-west
DR-607662,Alicia Moore,Martin and Sons,us-central
DR-116692,Sandra Johnson,"Miller, Horn and Douglas",us-west
DR-624797,Shelly Hines MD,"Moore, Brown and Baker",us-central
DR-457733,Kyle Joseph,"Booth, Mckenzie and Herrera",us-central
DR-326557,Jodi Gordon,"Steele, Lewis and Wheeler",us-west
DR-217842,Daniel Downs,Walsh and Sons,us-west
DR-169081,Gregory Stark,Wyatt Inc,us-west
DR-665039,Christopher Owens,Andrews LLC,us-central
DR-614251,Gregory Jensen,Williams Inc,us-west
DR-489153,Charles Schaefer,Vasquez-Stewart,us-west
DR-316737,Edwin Beck,Tucker-Graham,us-west
DR-839275,Jessica Brown,Harris PLC,us-central
DR-336784,Tamara Griffith,"Collins, Nguyen and Greer",us-west
DR-604762,Christopher Brown,Bennett-Allen,us-west
DR-774353,Jessica Pace,"Vazquez, Bell and Snyder",us-central
DR-754773,Megan Moss,Price PLC,us-west
DR-459368,Lisa Moss,Pope Ltd,us-west
DR-783701,Terry Gonzalez,"Hubbard, Duncan and Allen",us-west
DR-310186,Kyle Roberts,Mason Group,us-central
DR-416871,Michelle Bowen,Mitchell-Carpenter,us-west
DR-514266,Kevin Perry,"Bishop, Hughes and Fox",us-central
DR-289922,Ryan Shaw,"Woods, Boyd and Campbell",us-west
DR-671710,Tiffany Kelly,Oneill-Vang,us-central
DR-315873,Nicole Lowe,"Boyd, Oneill and Torres",us-west
DR-716848,Jacqueline James,Sanchez-Powell,us-central
DR-119003,Paula Dodson,Ford-Collins,us-west
DR-665302,Lisa Myers,Larson Ltd,us-central
DR-667611,Kari Miller,Padilla-Hall,us-west
DR-528620,Stephen Andrews,Garza-Cuevas,us-central
DR-268385,David Lane,Gonzalez Ltd,us-west
DR-395804,Bryan Greene,Sanders Group,us-west
DR-578110,Mr. Matthew Torres,Gibbs and Sons,us-central
DR-674909,Alejandro Shepherd,"Jones, Hansen and Arnold",us-west
DR-916546,Chris Martinez,"Wilson, Bass and Parsons",us-west
DR-615437,Brandon Warren,"Baker, Green and Harris",us-central
DR-665897,Thomas Mcguire,Rocha-Reed,us-west
DR-375772,Jacob Wallace,"Martinez, Nguyen and Rodgers",us-central
DR-766174,Nicole Hogan,"Briggs, Pope and Clark",us-central
DR-140116,Elizabeth Peterson,Franklin-Williams,us-west
DR-986762,Lindsay Cunningham,Meza-Decker,us-west
DR-676594,Victoria Green,Hess-Fernandez,us-central
DR-139398,Craig Arnold,"Morrison, Armstrong and Dunn",us-west
DR-468072,David Sparks,Evans-Irwin,us-central
DR-752990,Mark Sparks,"Jackson, Maxwell and Mosley",us-central
DR-137138,Ian Taylor,Carr-Higgins,us-west
DR-519606,Michele Nixon,Martinez-Burch,us-west
DR-213025,George Finley,Fleming-Wells,us-central
DR-602047,Peter Johnson,"Smith, Warren and Jones",us-central
DR-498776,Tyler Klein,"Lin, Cummings and Christensen",us-central
DR-832077,Sarah Johnson,Flores-White,us-central
DR-593717,Russell Bell,Stewart-Barrett,us-central
DR-160628,Kimberly Schneider,Mccoy PLC,us-west
DR-165333,Amanda Russell,Sloan PLC,us-central
DR-119583,Austin Scott,Wallace and Sons,us-central
DR-474928,Christopher Parsons,Lee-Griffin,us-central
DR-759774,Anna Frazier,Lang Inc,us-west
DR-109622,Allison Moore,Stephens-Henderson,us-central
DR-862092,Melissa Stanley,Robertson LLC,us-central
DR-454018,Scott Fry,"Moore, Brown and Ochoa",us-central
DR-201194,Leah Hart,"Garcia, Conrad and Long",us-west
DR-163847,Kenneth Fisher,Nichols Group,us-central
DR-117165,Joshua Keller,Brady-Galvan,us-west
DR-557706,Shirley Franklin,"Bell, Bradley and Butler",us-central
DR-942123,Erika Brown,"Burton, Calhoun and Banks",us-central
DR-322296,Dennis Bell,Nelson-Miller,us-west
DR-441446,Jose Wagner,Boyer and Sons,us-west
DR-393016,Cheryl Brady,Weber Inc,us-central
DR-396964,Kimberly Smith,Gross-Conway,us-west
DR-870828,Mr. Wesley Foster,"Stewart, Carlson and Malone",us-west
DR-475148,Aaron Ramirez,Hayes-Church,us-central
DR-319838,Katherine Hunt,Porter and Sons,us-central
DR-915585,Thomas Johnson,"Jones, Ortiz and Guzman",us-west
DR-153962,Debra Harris,Parks Inc,us-west
DR-563779,Miranda Adams,"Huber, Phillips and Patterson",us-west
DR-551592,Anthony Pierce,Lambert-Jones,us-central
DR-345270,Todd Simmons,Cook-Cooper,us-west
DR-420721,Mitchell Sweeney,"Diaz, Roy and Garcia",us-central
DR-699946,Cameron Clark,Morgan and Sons,us-west
DR-417084,Diane Khan,"Moreno, Romero and Wilkerson",us-west
DR-709927,Katrina Lewis,"Choi, Harris and Bass",us-central
DR-465876,Ian Horne,"Guzman, Greer and Lloyd",us-west
DR-379335,Christina Hunter,Guerra-Mayo,us-west
DR-181453,James Brooks,Wells Inc,us-central
DR-612281,Molly Abbott,"Erickson, Jackson and Sherman",us-central
DR-580018,James Jackson,Lopez-Fernandez,us-west
DR-196029,Natasha Wong,Gonzalez-Carlson,us-central
DR-869835,Chad Obrien MD,Barker and Sons,us-west
DR-245283,Sandra Fleming,"Robinson, Horton and Rodriguez",us-central
DR-464385,Heather Hamilton,Moore-Fernandez,us-west
